⸮⸮⸮⸮⸮⸮h⸮]⸮⸮⸮_⸮⸮⸮_⸮]⸮W⸮]⸮h⸮W⸮j⸮_⸮]⸮h⸮j⸮W⸮]⸮h⸮⸮⸮]⸮⸮⸮⸮⸮⸮⸮⸮⸮⸮⸮⸮⸮⸮⸮⸮⸮⸮⸮⸮⸮⸮⸮⸮⸮⸮⸮⸮⸮⸮⸮⸮⸮⸮⸮⸮⸮⸮⸮⸮⸮]⸮⸮⸮]⸮_⸮]⸮⸮⸮]⸮]⸮U⸮]⸮W⸮_⸮]⸮]⸮]⸮]⸮]⸮⸮⸮⸮⸮]⸮]⸮]⸮⸮⸮]⸮]⸮⸮⸮_⸮⸮⸮_⸮]⸮W⸮]⸮h⸮W⸮j⸮_⸮]⸮h⸮j⸮W⸮]⸮h⸮⸮⸮]⸮⸮⸮⸮⸮⸮⸮⸮⸮⸮⸮⸮⸮⸮⸮⸮⸮⸮⸮⸮⸮⸮⸮⸮⸮⸮⸮⸮⸮⸮⸮⸮⸮⸮⸮⸮⸮⸮⸮⸮⸮]⸮⸮⸮]682,750
]⸮U⸮]⸮W⸮_⸮]⸮]⸮]⸮]⸮]⸮⸮⸮⸮⸮]⸮]⸮]⸮⸮⸮]⸮]⸮⸮⸮_⸮⸮⸮_⸮]⸮W⸮]⸮h⸮W⸮j⸮_⸮]⸮h⸮j⸮W⸮]⸮h⸮⸮⸮]⸮⸮⸮⸮⸮⸮⸮⸮⸮⸮⸮⸮⸮⸮⸮⸮⸮⸮⸮⸮⸮⸮⸮⸮⸮⸮⸮⸮⸮⸮⸮⸮⸮⸮⸮⸮⸮⸮⸮⸮⸮]⸮⸮⸮]682,750
1,798
2,798
3,797
4,796
5,795
6,795
7,794
8,793
9,793
10,791
11,791
12,790
13,789
14,788
15,786
16,784
17,783
18,780
19,779
20,777
21,775
22,773
23,772
24,770
25,768
26,767
27,765
28,764
29,762
30,761
31,760
32,758
33,757
34,756
35,754
36,753
37,752
38,751
39,750
40,749
41,748
42,748
43,746
44,746
45,745
46,744
47,743
48,743
49,742
50,741
51,740
52,739
53,739
54,738
55,737
56,736
57,736
58,735
59,735
60,734
61,734
62,733
63,733
64,732
65,732
66,731
67,731
68,731
69,730
70,730
71,729
72,729
73,729
74,729
75,728
76,728
77,728
78,727
79,727
80,726
81,725
82,724
83,722
84,721
85,720
86,718
87,717
88,716
89,714
90,713
91,712
92,711
93,710
94,709
95,708
96,707
97,706
98,706
99,705
100,704
101,703
102,702
103,702
104,701
105,701
106,700
107,700
108,699
109,699
110,698
111,698
112,698
113,697
114,697
115,696
116,696
117,696
118,695
119,695
120,695
121,695
122,694
123,694
124,694
125,694
126,694
127,694
128,693
129,693
130,692
131,690
132,689
133,688
134,687
135,685
136,684
137,683
138,681
139,681
140,680
141,678
142,677
143,676
144,676
145,675
146,674
147,673
148,673
149,672
150,672
151,671
152,671
153,670
154,670
155,669
156,669
157,668
158,668
159,667
160,668
161,667
162,667
163,667
164,667
165,668
166,669
167,670
168,671
169,672
170,673
171,675
172,677
173,678
174,679
175,681
176,682
177,683
178,684
179,685
180,686
181,687
182,688
183,689
184,690
185,691
186,692
187,692
188,693
189,694
190,694
191,695
192,696
193,696
194,697
195,697
196,699
197,700
198,703
199,705
200,708
201,711
202,714
203,717
204,720
205,722
206,725
207,728
208,730
209,733
210,735
211,738
212,740
213,742
214,745
215,747
216,749
217,752
218,754
219,756
220,758
221,760
222,762
223,764
224,765
225,767
226,768
227,770
228,771
229,772
230,774
231,775
232,776
233,777
234,778
235,779
236,780
237,780
238,781
239,782
240,783
241,784
242,784
243,785
244,785
245,786
246,787
247,787
248,788
249,788
250,789
251,789
252,789
253,790
254,790
255,790
256,791
257,792
258,792
259,792
260,792
261,793
262,793
263,793
264,793
265,793
266,794
267,793
268,793
269,793
270,793
271,793
272,793
273,793
274,792
275,792
276,792
277,792
278,791
279,791
280,790
281,790
282,789
283,788
284,786
285,785
286,784
287,782
288,781
289,780
290,779
291,777
292,776
293,775
294,774
295,772
296,771
297,770
298,769
299,767
300,767
301,766
302,764
303,763
304,763
305,762
306,761
307,760
308,759
309,759
310,758
311,757
312,756
313,756
314,755
315,754
316,754
317,753
318,753
319,752
320,752
321,751
322,751
323,750
324,750
325,750
326,749
327,749
328,748
329,748
330,748
331,748
332,748
333,748
334,748
335,747
336,747
337,747
338,747
339,747
340,747
341,747
342,747
343,747
344,747
345,747
346,747
347,747
348,747
349,747
350,747
351,747
352,747
353,747
354,747
355,747
356,747
357,747
358,747
359,747
360,747
361,747
362,747
363,747
364,747
365,747
366,748
367,748
368,749
369,749
370,749
371,749
372,750
373,750
374,750
375,751
376,751
377,751
378,751
379,752
380,752
381,752
382,752
383,752
384,752
385,752
386,752
387,752
388,752
389,752
390,752
391,752
392,751
393,751
394,751
395,751
396,751
397,751
398,751
399,751
400,751
401,751
402,751
403,751
404,751
405,751
406,751
407,751
408,751
409,751
410,750
411,750
412,751
413,751
414,751
415,751
416,752
417,752
418,753
419,753
420,754
421,754
422,755
423,755
424,756
425,756
426,756
427,757
428,758
429,758
430,758
431,759
432,759
433,760
434,760
435,760
436,760
437,761
438,761
439,761
440,762
441,762
442,762
443,762
444,763
445,763
446,764
447,765
448,766
449,767
450,768
451,769
452,771
453,772
454,773
455,774
456,775
457,777
458,778
459,779
460,780
461,781
462,781
463,782
464,783
465,784
466,784
467,785
468,786
469,786
470,787
471,788
472,788
473,788
474,789
475,789
476,790
477,790
478,791
479,791
480,792
481,792
482,792
483,792
484,793
485,793
486,793
487,794
488,794
489,794
490,795
491,795
492,795
493,795
494,796
495,796
496,797
497,797
498,797
499,797
500,797
501,797
502,798
503,798
504,798
505,798
506,798
507,798
508,798
509,798
510,798
511,798
512,798
513,797
514,797
515,797
516,797
517,796
518,796
519,796
520,796
521,795
522,795
523,794
524,794
525,794
526,794
527,793
528,793
529,793
530,792
531,792
532,792
533,791
534,791
535,791
536,791
537,790
538,790
539,790
540,790
541,790
542,789
543,789
544,789
545,789
546,789
547,788
548,788
549,788
550,788
551,787
552,788
553,788
554,787
555,786
556,784
557,781
558,779
559,776
560,774
561,771
562,768
563,765
564,763
565,760
566,757
567,755
568,752
569,750
570,747
571,745
572,743
573,740
574,738
575,737
576,735
577,733
578,732
579,730
580,729
581,727
582,726
583,725
584,723
585,722
586,721
587,720
588,719
589,718
590,716
591,715
592,714
593,712
594,711
595,710
596,709
597,708
598,706
599,705
600,704
601,703
602,703
603,702
604,701
605,700
606,700
607,699
608,698
609,698
610,697
611,696
612,696
613,695
614,695
615,694
616,694
617,694
618,693
619,693
620,692
621,692
622,692
623,693
624,693
625,694
626,695
627,696
628,697
629,697
630,698
631,699
632,700
633,701
634,701
635,702
636,703
637,703
638,704
639,704
640,705
641,706
642,706
643,706
644,707
645,707
646,708
647,708
648,709
649,709
650,709
651,710
652,710
653,710
654,711
655,711
656,711
657,711
658,712
659,712
660,712
661,712
662,713
663,712
664,713
665,713
666,713
667,713
668,713
669,713
670,713
671,713
672,713
673,713
674,713
675,713
676,713
677,713
678,713
679,713
680,713
681,713
682,713
683,713
684,712
685,713
686,712
687,712
688,712
689,712
690,712
691,712
692,712
693,712
694,712
695,712
696,712
697,712
698,712
699,711
700,711
701,712
702,711
703,711
704,711
705,711
706,711
707,711
708,711
709,711
710,711
711,711
712,711
713,711
714,711
715,711
716,711
717,711
718,711
719,711
720,711
721,712
722,712
723,713
724,714
725,716
726,717
727,718
728,720
729,721
730,722
731,724
732,725
733,726
734,727
735,729
736,730
737,731
738,732
739,734
740,736
741,738
742,739
743,741
744,743
745,745
746,747
747,748
748,750
749,751
750,753
751,754
752,756
753,757
754,758
755,759
756,761
757,762
758,763
759,764
760,765
761,766
762,767
763,768
764,769
765,769
766,770
767,771
768,772
769,772
770,773
771,774
772,774
773,775
774,775
775,776
776,776
777,777
778,777
779,778
780,778
781,779
782,779
783,779
784,780
785,780
786,780
787,781
788,781
789,781
790,782
791,782
792,782
793,783
794,783
795,783
796,783
797,783
798,783
799,783
800,782
801,782
802,782
803,782
804,782
805,782
806,782
807,782
808,781
809,782
810,781
811,781
812,781
813,781
814,781
815,781
816,781
817,780
818,780
819,781
820,781
821,780
822,780
823,780
824,780
825,780
826,780
827,779
828,779
829,778
830,777
831,776
832,774
833,773
834,771
835,770
836,769
837,768
838,766
839,765
840,763
841,762
842,761
843,760
844,759
845,758
846,757
847,756
848,754
849,753
850,752
851,752
852,751
853,750
854,749
855,749
856,748
857,747
858,746
859,746
860,745
861,745
862,744
863,744
864,744
865,744
866,744
867,744
868,744
869,744
870,744
871,744
872,744
873,744
874,744
875,744
876,744
877,744
878,744
879,744
880,744
881,744
882,744
883,744
884,744
885,744
886,744
887,744
888,744
889,744
890,744
891,744
892,744
893,744
894,745
895,745
896,747
897,748
898,749
899,750
900,752
901,753
902,754
903,756
904,757
905,758
906,759
907,760
908,762
909,763
910,764
911,764
912,766
913,767
914,767
915,768
916,769
917,770
918,770
919,771
920,772
921,773
922,773
923,774
924,774
925,775
926,775
927,776
928,777
929,777
930,778
931,778
932,779
933,780
934,780
935,781
936,781
937,782
938,782
939,783
940,783
941,783
942,784
943,784
944,785
945,785
946,785
947,786
948,786
949,786
950,786
951,787
952,787
953,787
954,788
955,788
956,788
957,788
958,789
959,789
960,789
961,789
962,789
963,789
964,790
965,790
966,790
967,790
968,790
969,790
970,790
971,790
972,790
973,790
974,790
975,789
976,788
977,788
978,787
979,787
980,787
981,786
982,786
983,786
984,785
985,785
986,784
987,784
988,783
989,783
990,783
991,782
992,782
993,781
994,781
995,781
996,781
997,780
998,780
999,779
1000,779
1001,779
1002,778
1003,778
1004,778
1005,777
1006,777
1007,776
1008,776
1009,776
1010,775
1011,775
1012,775
1013,774
1014,774
1015,774
1016,773
1017,773
1018,772
1019,772
1020,772
1021,772
1022,772
1023,773
1024,773
1025,773
1026,774
1027,774
1028,775
1029,775
1030,775
1031,775
1032,776
1033,776
1034,777
1035,777
1036,777
1037,778
1038,778
1039,778
1040,779
1041,779
1042,779
1043,780
1044,780
1045,780
1046,780
1047,781
1048,781
1049,781
1050,781
1051,781
1052,782
1053,782
1054,782
1055,782
1056,783
1057,783
1058,783
1059,783
1060,783
1061,783
1062,783
1063,783
1064,784
1065,784
1066,784
1067,784
1068,784
1069,784
1070,784
1071,784
1072,784
1073,784
1074,784
1075,785
1076,785
1077,785
1078,785
1079,785
1080,785
1081,785
1082,785
1083,785
1084,785
1085,785
1086,785
1087,785
1088,784
1089,783
1090,783
1091,782
1092,781
1093,780
1094,779
1095,779
1096,778
1097,777
1098,776
1099,775
1100,774
1101,773
1102,772
1103,771
1104,771
1105,770
1106,769
1107,768
1108,768
1109,767
1110,767
1111,766
1112,765
1113,764
1114,764
1115,763
1116,762
1117,762
1118,761
1119,761
1120,760
1121,759
1122,759
1123,758
1124,757
1125,756
1126,755
1127,754
1128,753
1129,753
1130,752
1131,751
1132,751
1133,750
1134,749
1135,748
1136,748
1137,747
1138,747
1139,746
1140,745
1141,745
1142,744
1143,744
1144,743
1145,743
1146,742
1147,742
1148,741
1149,741
1150,741
1151,740
1152,740
1153,740
1154,739
1155,739
1156,739
1157,738
1158,738
1159,738
1160,738
1161,738
1162,737
1163,737
1164,737
1165,737
1166,736
1167,737
1168,736
1169,736
1170,736
1171,736
1172,736
1173,735
1174,735
1175,735
1176,735
1177,735
1178,735
1179,735
1180,735
1181,735
1182,735
1183,734
1184,734
1185,734
1186,735
1187,735
1188,736
1189,736
1190,737
1191,738
1192,738
1193,739
1194,740
1195,741
1196,742
1197,742
1198,743
1199,744
1200,745
1201,745
1202,746
1203,747
1204,747
1205,748
1206,748
1207,749
1208,750
1209,750
1210,750
1211,751
1212,751
1213,752
1214,752
1215,752
1216,753
1217,753
1218,753
1219,754
1220,754
1221,754
1222,755
1223,755
1224,755
1225,755
1226,755
1227,756
1228,756
1229,756
1230,756
1231,756
1232,757
1233,757
1234,757
1235,757
1236,757
1237,757
1238,757
1239,758
1240,758
1241,758
1242,758
1243,758
1244,758
1245,758
1246,759
1247,759
1248,759
1249,759
1250,759
1251,759
1252,759
1253,759
1254,758
1255,756
1256,754
1257,752
1258,750
1259,748
1260,746
1261,744
1262,741
1263,740
1264,737
1265,736
1266,734
1267,732
1268,730
1269,728
1270,726
1271,723
1272,720
1273,717
1274,714
1275,711
1276,708
1277,705
1278,702
1279,700
1280,698
1281,695
1282,693
1283,692
1284,690
1285,688
1286,686
1287,685
1288,684
1289,683
1290,682
1291,680
1292,679
1293,679
1294,678
1295,677
1296,676
1297,675
1298,675
1299,674
1300,673
1301,673
1302,672
1303,672
1304,672
1305,671
1306,670
1307,670
1308,670
1309,669
1310,669
1311,669
1312,668
1313,668
1314,668
1315,668
1316,668
1317,667
1318,667
1319,667
1320,667
1321,667
1322,668
1323,669
1324,670
1325,671
1326,673
1327,674
1328,676
1329,677
1330,679
1331,680
1332,681
1333,683
1334,685
1335,686
1336,687
1337,688
1338,689
1339,690
1340,691
1341,692
1342,693
1343,694
1344,695
1345,696
1346,697
1347,697
1348,698
1349,699
1350,699
1351,700
1352,701
1353,701
1354,703
1355,705
1356,706
1357,709
1358,711
1359,713
1360,715
1361,717
1362,720
1363,722
1364,724
1365,726
1366,727
1367,729
1368,731
1369,733
1370,734
1371,736
1372,738
1373,739
1374,740
1375,742
1376,743
1377,744
1378,746
1379,747
1380,748
1381,749
1382,749
1383,751
1384,752
1385,752
1386,753
1387,754
1388,755
1389,756
1390,757
1391,758
1392,759
1393,760
1394,760
1395,761
1396,762
1397,763
1398,763
1399,764
1400,765
1401,765
1402,766
1403,767
1404,767
1405,768
1406,768
1407,768
1408,769
1409,769
1410,770
1411,770
1412,771
1413,771
1414,771
1415,772
1416,772
1417,772
1418,773
1419,773
1420,773
1421,773
1422,773
1423,774
1424,774
1425,774
1426,774
1427,774
1428,774
1429,774
1430,775
1431,775
1432,775
1433,775
1434,775
1435,775
1436,775
1437,775
1438,775
1439,775
1440,775
1441,775
1442,775
1443,775
1444,775
1445,775
1446,775
1447,775
1448,775
1449,775
1450,775
1451,775
1452,775
1453,775
1454,775
1455,775
1456,776
1457,776
1458,776
1459,777
1460,777
1461,777
1462,778
1463,778
1464,778
1465,778
1466,778
1467,779
1468,779
1469,779
1470,779
1471,779
1472,780
1473,780
1474,780
1475,780
1476,781
1477,781
1478,781
1479,781
1480,781
1481,781
1482,781
1483,781
1484,782
1485,781
1486,782
1487,782
1488,782
1489,782
1490,782
1491,782
1492,782
1493,782
1494,782
1495,782
1496,783
1497,783
1498,782
1499,783
1500,783
1501,783
1502,783
1503,783
1504,783
1505,783
1506,783
1507,783
1508,783
1509,783
1510,783
1511,783
1512,783
1513,784
1514,783
1515,783
1516,783
1517,784
1518,784
1519,784
1520,784
1521,784
1522,784
1523,784
1524,784
1525,784
1526,784
1527,784
1528,784
1529,784
1530,784
1531,784
1532,784
1533,784
1534,784
1535,785
1536,785
1537,785
1538,785
1539,785
1540,785
1541,785
1542,785
1543,785
1544,786
1545,785
1546,785
1547,785
1548,785
1549,785
1550,785
1551,785
1552,785
1553,785
1554,785
1555,784
1556,783
1557,783
1558,782
1559,781
1560,780
1561,780
1562,779
1563,778
1564,777
1565,776
1566,775
1567,774
1568,773
1569,773
1570,771
1571,771
1572,770
1573,769
1574,768
1575,768
1576,767
1577,766
1578,765
1579,765
1580,764
1581,763
1582,762
1583,762
1584,761
1585,761
1586,760
1587,759
1588,759
1589,758
1590,757
1591,757
1592,757
1593,756
1594,756
1595,755
1596,755
1597,754
1598,754
1599,753
1600,753
1601,753
1602,752
1603,751
1604,749
1605,747
1606,745
1607,743
1608,740
1609,738
1610,736
1611,734
1612,732
1613,729
1614,727
1615,725
1616,723
1617,722
1618,720
1619,718
1620,717
1621,715
1622,713
1623,712
1624,711
1625,710
1626,708
1627,707
1628,706
1629,705
1630,704
1631,703
1632,702
1633,701
1634,700
1635,700
1636,699
1637,699
1638,699
1639,700
1640,700
1641,700
1642,701
1643,701
1644,702
1645,703
1646,703
1647,704
1648,704
1649,704
1650,705
1651,705
1652,706
1653,706
1654,706
1655,707
1656,707
1657,707
1658,708
1659,708
1660,708
1661,709
1662,708
1663,709
1664,709
1665,709
1666,709
1667,709
1668,710
1669,709
1670,710
1671,709
1672,710
1673,710
1674,710
1675,709
1676,710
1677,710
1678,710
1679,710
1680,710
1681,710
1682,709
1683,710
1684,709
1685,710
1686,710
1687,712
1688,713
1689,714
1690,716
1691,717
1692,719
1693,720
1694,722
1695,723
1696,725
1697,726
1698,727
1699,728
1700,729
1701,731
1702,732
1703,733
1704,734
1705,735
1706,736
1707,737
1708,737
1709,739
1710,740
1711,740
1712,741
1713,742
1714,742
1715,743
1716,744
1717,744
1718,745
1719,746
1720,746
1721,746
1722,747
1723,748
1724,747
1725,748
1726,748
1727,749
1728,749
1729,750
1730,750
1731,750
1732,750
1733,751
1734,751
1735,751
1736,751
1737,751
1738,751
1739,751
1740,751
1741,751
1742,751
1743,751
1744,750
1745,750
1746,750
1747,750
1748,749
1749,749
1750,749
1751,749
1752,749
1753,749
1754,748
1755,748
1756,748
1757,748
1758,748
1759,748
1760,748
1761,747
1762,747
1763,747
1764,747
1765,747
1766,747
1767,747
1768,746
1769,746
1770,746
1771,745
1772,745
1773,744
1774,743
1775,743
1776,742
1777,742
1778,741
1779,741
1780,740
1781,739
1782,739
1783,739
1784,738
1785,738
1786,737
1787,737
1788,736
1789,736
1790,735
1791,735
1792,735
1793,734
1794,734
1795,734
1796,733
1797,733
1798,733
1799,732
1800,732
1801,732
1802,732
1803,732
1804,731
1805,731
1806,731
1807,730
1808,731
1809,731
1810,730
1811,730
1812,730
1813,730
1814,730
1815,729
1816,729
1817,729
1818,729
1819,729
1820,729
1821,729
1822,729
1823,729
1824,729
1825,729
1826,729
1827,729
1828,729
1829,729
1830,729
1831,729
1832,729
1833,729
1834,729
1835,729
1836,729
1837,728
1838,728
1839,728
1840,727
1841,727
1842,727
1843,727
1844,726
1845,726
1846,726
1847,725
1848,725
1849,725
1850,724
1851,724
1852,723
1853,722
1854,720
1855,719
1856,716
1857,714
1858,712
1859,711
1860,709
1861,707
1862,705
1863,703
1864,702
1865,700
1866,698
1867,697
1868,696
1869,694
1870,693
1871,692
1872,691
1873,690
1874,689
1875,688
1876,687
1877,686
1878,686
1879,684
1880,684
1881,683
1882,682
1883,682
1884,681
1885,680
1886,679
1887,678
1888,676
1889,674
1890,672
1891,671
1892,669
1893,668
1894,666
1895,665
1896,664
1897,662
1898,661
1899,660
1900,659
1901,659
1902,657
1903,657
1904,656
1905,655
1906,655
1907,654
1908,653
1909,653
1910,652
1911,652
1912,651
1913,651
1914,650
1915,650
1916,650
1917,649
1918,649
1919,649
1920,648
1921,649
1922,649
1923,649
1924,649
1925,649
1926,649
1927,649
1928,649
1929,649
1930,650
1931,650
1932,650
1933,650
1934,650
1935,650
1936,651
1937,651
1938,651
1939,651
1940,651
1941,651
1942,651
1943,651
1944,651
1945,651
1946,651
1947,651
1948,651
1949,651
1950,651
1951,652
1952,652
1953,652
1954,651
1955,652
1956,651
1957,652
1958,652
1959,652
1960,652
1961,652
1962,652
1963,652
1964,652
1965,652
1966,652
1967,652
1968,652
1969,653
1970,654
1971,655
1972,658
1973,660
1974,662
1975,665
1976,668
1977,670
1978,673
1979,676
1980,679
1981,681
1982,684
1983,686
1984,688
1985,690
1986,693
1987,695
1988,697
1989,699
1990,701
1991,703
1992,704
1993,705
1994,707
1995,709
1996,710
1997,712
1998,713
1999,714
2000,716
2001,717
2002,718
2003,720
2004,721
2005,723
2006,724
2007,726
2008,728
2009,729
2010,731
2011,733
2012,734
2013,735
2014,737
2015,738
2016,739
2017,740
2018,742
2019,743
2020,743
2021,744
2022,745
2023,745
2024,746
2025,746
2026,747
2027,748
2028,748
2029,748
2030,749
2031,749
2032,750
2033,750
2034,750
2035,751
2036,751
2037,751
2038,751
2039,752
2040,752
2041,752
2042,753
2043,753
2044,753
2045,753
2046,753
2047,754
2048,754
2049,754
2050,754
2051,754
2052,755
2053,755
2054,754
2055,754
2056,754
2057,753
2058,754
2059,753
2060,753
2061,752
2062,752
2063,752
2064,751
2065,751
2066,751
2067,750
2068,750
2069,750
2070,750
2071,749
2072,749
2073,749
2074,749
2075,749
2076,748
2077,748
2078,748
2079,748
2080,747
2081,747
2082,747
2083,747
2084,746
2085,746
2086,746
2087,746
2088,746
2089,746
2090,746
2091,746
2092,745
2093,745
2094,745
2095,746
2096,745
2097,745
2098,745
2099,745
2100,745
2101,745
2102,745
2103,745
2104,745
2105,745
2106,745
2107,745
2108,745
2109,745
2110,745
2111,745
2112,745
2113,745
2114,745
2115,745
2116,745
2117,745
2118,745
2119,745
2120,745
2121,745
2122,746
2123,746
2124,746
2125,746
2126,746
2127,747
2128,747
2129,747
2130,747
2131,747
2132,748
2133,748
2134,748
2135,748
2136,749
2137,748
2138,749
2139,749
2140,749
2141,749
2142,750
2143,750
2144,750
2145,750
2146,750
2147,750
2148,751
2149,751
2150,751
2151,751
2152,751
2153,751
2154,752
2155,752
2156,752
2157,752
2158,752
2159,753
2160,753
2161,753
2162,753
2163,753
2164,753
2165,753
2166,754
2167,754
2168,754
2169,754
2170,754
2171,754
2172,753
2173,752
2174,752
2175,752
2176,751
2177,750
2178,750
2179,749
2180,749
2181,748
2182,747
2183,747
2184,746
2185,745
2186,745
2187,745
2188,744
2189,744
2190,743
2191,743
2192,742
2193,742
2194,741
2195,742
2196,741
2197,741
2198,740
2199,740
2200,739
2201,739
2202,739
2203,739
2204,738
2205,738
2206,738
2207,738
2208,738
2209,737
2210,737
2211,737
2212,737
2213,736
2214,736
2215,736
2216,736
2217,735
2218,735
2219,735
2220,735
2221,735
2222,735
2223,735
2224,735
2225,735
2226,735
2227,734
2228,735
2229,735
2230,734
2231,734
2232,734
2233,734
2234,735
2235,735
2236,734
2237,734
2238,734
2239,734
2240,734
2241,734
2242,734
2243,734
2244,734
2245,734
2246,734
2247,734
2248,734
2249,734
2250,734
2251,734
2252,734
2253,734
2254,734
2255,734
2256,734
2257,735
2258,735
2259,736
2260,737
2261,738
2262,740
2263,741
2264,742
2265,744
2266,745
2267,747
2268,748
2269,749
2270,750
2271,752
2272,753
2273,754
2274,755
2275,756
2276,757
2277,758
2278,759
2279,760
2280,760
2281,761
2282,762
2283,763
2284,764
2285,765
2286,766
2287,766
2288,767
2289,767
2290,768
2291,769
2292,769
2293,770
2294,771
2295,772
2296,773
2297,773
2298,775
2299,775
2300,776
2301,777
2302,778
2303,778
2304,779
2305,779
2306,780
2307,781
2308,781
2309,782
2310,782
2311,783
2312,783
2313,784
2314,784
2315,784
2316,785
2317,785
2318,786
2319,786
2320,786
2321,786
2322,787
2323,787
2324,788
2325,788
2326,788
2327,788
2328,787
2329,788
2330,788
2331,787
2332,787
2333,787
2334,787
2335,787
2336,787
2337,787
2338,786
2339,786
2340,786
2341,786
2342,786
2343,786
2344,785
2345,785
2346,785
2347,785
2348,785
2349,785
2350,785
2351,784
2352,784
2353,784
2354,784
2355,784
2356,784
2357,784
2358,784
2359,784
2360,783
2361,784
2362,784
2363,783
2364,783
2365,783
2366,783
2367,783
2368,784
2369,784
2370,783
2371,784
2372,784
2373,784
2374,783
2375,783
2376,782
2377,781
2378,780
2379,778
2380,776
2381,775
2382,773
2383,771
2384,770
2385,768
2386,767
2387,765
2388,764
2389,762
2390,761
2391,759
2392,758
2393,757
2394,756
2395,754
2396,753
2397,752
2398,751
2399,750
2400,749
2401,748
2402,747
2403,746
2404,745
2405,744
2406,744
2407,743
2408,742
2409,742
2410,741
2411,740
2412,740
2413,739
2414,739
2415,738
2416,737
2417,737
2418,737
2419,736
2420,736
2421,735
2422,735
2423,735
2424,735
2425,735
2426,735
2427,735
2428,735
2429,736
2430,736
2431,737
2432,737
2433,738
2434,738
2435,739
2436,739
2437,740
2438,740
2439,741
2440,741
2441,742
2442,742
2443,743
2444,743
2445,743
2446,744
2447,744
2448,744
2449,745
2450,745
2451,746
2452,746
2453,746
2454,746
2455,747
2456,747
2457,747
2458,747
2459,747
2460,747
2461,747
2462,746
2463,746
2464,745
2465,745
2466,745
2467,744
2468,743
2469,743
2470,743
2471,742
2472,742
2473,741
2474,741
2475,741
2476,740
2477,740
2478,739
2479,739
2480,739
2481,738
2482,738
2483,738
2484,738
2485,738
2486,737
2487,737
2488,737
2489,737
2490,736
2491,736
2492,736
2493,736
2494,736
2495,736
2496,735
2497,735
2498,735
2499,735
2500,735
2501,735
2502,735
2503,735
2504,735
2505,735
2506,735
2507,734
2508,735
2509,734
2510,734
2511,735
2512,735
2513,734
2514,734
2515,734
2516,734
2517,734
2518,734
2519,734
2520,734
2521,734
2522,734
2523,734
2524,734
2525,733
2526,733
2527,732
2528,731
2529,730
2530,729
2531,727
2532,726
2533,725
2534,724
2535,723
2536,722
2537,721
2538,720
2539,719
2540,718
2541,717
2542,717
2543,717
2544,717
2545,717
2546,718
2547,718
2548,718
2549,719
2550,719
2551,720
2552,721
2553,721
2554,722
2555,722
2556,723
2557,723
2558,724
2559,724
2560,725
2561,725
2562,726
2563,726
2564,727
2565,727
2566,727
2567,727
2568,728
2569,728
2570,729
2571,729
2572,729
2573,729
2574,729
2575,730
2576,730
2577,730
2578,730
2579,730
2580,730
2581,730
2582,731
2583,731
2584,731
2585,732
2586,733
2587,734
2588,735
2589,737
2590,738
2591,740
2592,741
2593,743
2594,744
2595,745
2596,747
2597,748
2598,749
2599,750
2600,751
2601,753
2602,754
2603,754
2604,755
2605,756
2606,758
2607,759
2608,759
2609,760
2610,761
2611,762
2612,762
2613,763
2614,764
2615,764
2616,765
2617,765
2618,766
2619,766
2620,767
2621,767
2622,767
2623,767
2624,768
2625,768
2626,768
2627,769
2628,769
2629,769
2630,769
2631,769
2632,770
2633,770
2634,770
2635,770
2636,770
2637,771
2638,771
2639,771
2640,770
2641,771
2642,771
2643,771
2644,771
2645,771
2646,771
2647,771
2648,771
2649,771
2650,771
2651,771
2652,770
2653,770
2654,769
2655,769
2656,768
2657,767
2658,766
2659,766
2660,765
2661,764
2662,763
2663,763
2664,762
2665,761
2666,760
2667,760
2668,759
2669,758
2670,758
2671,757
2672,756
2673,756
2674,755
2675,755
2676,754
2677,754
2678,753
2679,753
2680,753
2681,752
2682,752
2683,751
2684,751
2685,751
2686,752
2687,752
2688,752
2689,753
2690,753
2691,754
2692,754
2693,755
2694,755
2695,756
2696,756
2697,756
2698,757
2699,757
2700,758
2701,758
2702,758
2703,759
2704,759
2705,759
2706,760
2707,760
2708,760
2709,761
2710,761
2711,761
2712,761
2713,761
2714,762
2715,762
2716,762
2717,763
2718,763
2719,765
2720,766
2721,767
2722,768
2723,769
2724,770
2725,771
2726,773
2727,774
2728,775
2729,776
2730,777
2731,778
2732,779
2733,779
2734,779
2735,781
2736,782
2737,782
2738,783
2739,783
2740,784
2741,785
2742,785
2743,786
2744,786
2745,787
2746,787
2747,787
2748,787
2749,788
2750,788
2751,789
2752,789
2753,789
2754,790
2755,790
2756,790
2757,790
2758,790
2759,791
2760,791
2761,791
2762,791
2763,791
2764,791
2765,791
2766,792
2767,792
2768,792
2769,792
2770,792
2771,792
2772,792
2773,792
2774,793
2775,793
2776,792
2777,793
2778,793
2779,793
2780,793
2781,793
2782,793
2783,793
2784,793
2785,792
2786,792
2787,792
2788,791
2789,791
2790,790
2791,790
2792,789
2793,788
2794,788
2795,787
2796,786
2797,785
2798,785
2799,785
2800,784
2801,783
2802,782
2803,781
2804,779
2805,778
2806,776
2807,775
2808,774
2809,773
2810,772
2811,770
2812,769
2813,767
2814,767
2815,766
2816,764
2817,763
2818,762
2819,761
2820,761
2821,759
2822,758
2823,757
2824,757
2825,756
2826,755
2827,754
2828,753
2829,753
2830,752
2831,751
2832,751
2833,750
2834,750
2835,749
2836,749
2837,748
2838,747
2839,747
2840,747
2841,746
2842,746
2843,745
2844,745
2845,745
2846,744
2847,744
2848,743
2849,743
2850,743
2851,743
2852,742
2853,742
2854,741
2855,741
2856,741
2857,741
2858,741
2859,740
2860,740
2861,740
2862,740
2863,740
2864,739
2865,739
2866,739
2867,739
2868,740
2869,740
2870,740
2871,740
2872,741
2873,742
2874,742
2875,742
2876,743
2877,743
2878,744
2879,744
2880,744
2881,745
2882,746
2883,746
2884,746
2885,746
2886,747
2887,747
2888,748
2889,748
2890,748
2891,748
2892,749
2893,749
2894,749
2895,750
2896,750
2897,750
2898,750
2899,750
2900,751
2901,751
2902,751
2903,752
2904,752
2905,752
2906,752
2907,753
2908,753
2909,753
2910,754
2911,754
2912,754
2913,754
2914,754
2915,755
2916,755
2917,755
2918,755
2919,754
2920,754
2921,754
2922,753
2923,753
2924,752
2925,752
2926,752
2927,751
2928,751
2929,750
2930,750
2931,749
2932,749
2933,749
2934,748
2935,748
2936,747
2937,747
2938,747
2939,747
2940,746
2941,746
2942,746
2943,746
2944,745
2945,745
2946,745
2947,745
2948,744
2949,744
2950,744
2951,744
2952,743
2953,743
2954,743
2955,743
2956,743
2957,744
2958,743
2959,744
2960,744
2961,744
2962,744
2963,744
2964,744
2965,744
2966,744
2967,744
2968,744
2969,744
2970,744
2971,744
2972,744
2973,744
2974,744
2975,744
2976,744
2977,744
2978,744
2979,744
2980,744
2981,744
2982,744
2983,744
2984,744
2985,744
2986,744
2987,744
2988,744
2989,744
2990,744
2991,744
2992,744
2993,744
2994,744
2995,744
2996,744
2997,744
2998,744
2999,744
3000,744
3001,745
3002,746
3003,746
3004,747
3005,748
3006,749
3007,750
3008,751
3009,752
3010,753
3011,753
3012,754
3013,755
3014,756
3015,756
3016,757
3017,758
3018,758
3019,759
3020,760
3021,760
3022,761
3023,761
3024,762
3025,762
3026,763
3027,763
3028,764
3029,764
3030,764
3031,765
3032,765
3033,765
3034,766
3035,766
3036,766
3037,766
3038,767
3039,767
3040,767
3041,767
3042,767
3043,767
3044,767
3045,767
3046,768
3047,768
3048,768
3049,768
3050,768
3051,768
3052,768
3053,768
3054,768
3055,768
3056,768
3057,768
3058,769
3059,769
3060,768
3061,769
3062,768
3063,769
3064,769
3065,769
3066,768
3067,768
3068,767
3069,765
3070,763
3071,761
3072,759
3073,757
3074,755
3075,753
3076,751
3077,749
3078,747
3079,745
3080,743
3081,741
3082,739
3083,737
3084,736
3085,734
3086,732
3087,731
3088,730
3089,728
3090,727
3091,725
3092,724
3093,723
3094,722
3095,721
3096,720
3097,719
3098,718
3099,717
3100,715
3101,713
3102,710
3103,707
3104,704
3105,701
3106,699
3107,696
3108,693
3109,691
3110,689
3111,687
3112,685
3113,683
3114,681
3115,680
3116,678
3117,677
3118,676
3119,675
3120,675
3121,674
3122,674
3123,674
3124,673
3125,673
3126,673
3127,673
3128,673
3129,673
3130,673
3131,673
3132,673
3133,672
3134,672
3135,672
3136,672
3137,672
3138,672
3139,672
3140,672
3141,672
3142,672
3143,672
3144,672
3145,672
3146,671
3147,671
3148,672
3149,671
3150,672
3151,673
3152,674
3153,675
3154,678
3155,679
3156,681
3157,683
3158,685
3159,687
3160,689
3161,691
3162,692
3163,694
3164,696
3165,698
3166,699
3167,701
3168,702
3169,703
3170,705
3171,706
3172,707
3173,709
3174,710
3175,711
3176,712
3177,713
3178,714
3179,715
3180,716
3181,717
3182,717
3183,718
3184,719
3185,720
3186,720
3187,721
3188,721
3189,722
3190,722
3191,723
3192,723
3193,724
3194,724
3195,725
3196,725
3197,726
3198,726
3199,727
3200,727
3201,728
3202,729
3203,729
3204,730
3205,731
3206,732
3207,733
3208,734
3209,735
3210,736
3211,736
3212,737
3213,738
3214,739
3215,739
3216,740
3217,741
3218,742
3219,742
3220,742
3221,743
3222,744
3223,744
3224,745
3225,745
3226,746
3227,746
3228,747
3229,747
3230,747
3231,748
3232,748
3233,749
3234,749
3235,750
3236,751
3237,751
3238,751
3239,752
3240,753
3241,754
3242,754
3243,755
3244,755
3245,755
3246,756
3247,757
3248,757
3249,758
3250,758
3251,758
3252,759
3253,759
3254,760
3255,760
3256,760
3257,760
3258,761
3259,761
3260,761
3261,762
3262,762
3263,762
3264,762
3265,763
3266,763
3267,763
3268,764
3269,764
3270,765
3271,766
3272,766
3273,767
3274,767
3275,768
3276,769
3277,769
3278,770
3279,770
3280,771
3281,771
3282,772
3283,772
3284,772
3285,773
3286,773
3287,774
3288,774
3289,774
3290,774
3291,775
3292,775
3293,775
3294,776
3295,776
3296,776
3297,777
3298,777
3299,777
3300,777
3301,777
3302,778
3303,778
3304,778
3305,778
3306,778
3307,778
3308,779
3309,779
3310,779
3311,779
3312,779
3313,779
3314,780
3315,780
3316,780
3317,780
3318,780
3319,780
3320,780
3321,781
3322,780
3323,781
3324,781
3325,781
3326,781
3327,781
3328,781
3329,781
3330,781
3331,782
3332,782
3333,782
3334,782
3335,782
3336,781
3337,781
3338,781
3339,780
3340,780
3341,780
3342,779
3343,779
3344,779
3345,778
3346,778
3347,778
3348,777
3349,776
3350,776
3351,775
3352,775
3353,775
3354,774
3355,774
3356,773
3357,773
3358,773
3359,772
3360,772
3361,771
3362,771
3363,771
3364,770
3365,770
3366,770
3367,769
3368,769
3369,769
3370,768
3371,768
3372,768
3373,768
3374,767
3375,767
3376,767
3377,767
3378,767
3379,766
3380,766
3381,766
3382,766
3383,765
3384,764
3385,762
3386,759
3387,757
3388,755
3389,752
3390,750
3391,747
3392,744
3393,742
3394,739
3395,737
3396,735
3397,733
3398,731
3399,729
3400,727
3401,726
3402,724
3403,723
3404,722
3405,721
3406,720
3407,719
3408,718
3409,718
3410,717
3411,716
3412,716
3413,715
3414,714
3415,714
3416,714
3417,713
3418,712
3419,712
3420,712
3421,711
3422,711
3423,711
3424,710
3425,710
3426,710
3427,710
3428,709
3429,709
3430,709
3431,709
3432,708
3433,708
3434,709
3435,710
3436,712
3437,713
3438,715
3439,716
3440,718
3441,720
3442,721
3443,723
3444,724
3445,726
3446,727
3447,729
3448,730
3449,731
3450,733
3451,734
3452,735
3453,736
3454,737
3455,738
3456,739
3457,740
3458,741
3459,742
3460,742
3461,743
3462,744
3463,745
3464,745
3465,746
3466,747
3467,748
3468,749
3469,749
3470,751
3471,751
3472,752
3473,753
3474,754
3475,754
3476,755
3477,756
3478,757
3479,757
3480,758
3481,759
3482,759
3483,760
3484,760
3485,761
3486,761
3487,762
3488,762
3489,763
3490,763
3491,764
3492,764
3493,764
3494,765
3495,765
3496,765
3497,765
3498,766
3499,766
3500,766
3501,767
3502,767
3503,767
3504,766
3505,767
3506,767
3507,766
3508,766
3509,766
3510,766
3511,766
3512,766
3513,766
3514,766
3515,765
3516,765
3517,765
3518,765
3519,765
3520,765
3521,765
3522,765
3523,764
3524,765
3525,764
3526,764
3527,764
3528,764
3529,764
3530,764
3531,764
3532,764
3533,764
3534,764
3535,764
3536,764
3537,764
3538,763
3539,763
3540,764
3541,764
3542,763
3543,764
3544,763
3545,763
3546,763
3547,763
3548,763
3549,763
3550,763
3551,763
3552,763
3553,763
3554,763
3555,762
3556,762
3557,762
3558,762
3559,762
3560,762
3561,761
3562,761
3563,761
3564,761
3565,761
3566,761
3567,761
3568,761
3569,761
3570,760
3571,760
3572,760
3573,760
3574,760
3575,760
3576,760
3577,760
3578,760
3579,760
3580,760
3581,760
3582,760
3583,759
3584,760
3585,759
3586,759
3587,759
3588,759
3589,759
3590,759
3591,759
3592,759
3593,759
3594,759
3595,759
3596,759
3597,759
3598,759
3599,759
3600,759
3601,759
3602,759
3603,759
3604,759
3605,759
3606,759
3607,759
3608,759
3609,759
3610,759
3611,759
3612,759
3613,759
3614,759
3615,758
3616,758
3617,757
3618,756
3619,755
3620,754
3621,752
3622,751
3623,750
3624,749
3625,747
3626,746
3627,745
3628,744
3629,743
3630,741
3631,741
3632,739
3633,739
3634,737
3635,736
3636,735
3637,735
3638,734
3639,733
3640,732
3641,732
3642,731
3643,730
3644,729
3645,729
3646,728
3647,727
3648,726
3649,724
3650,721
3651,718
3652,714
3653,711
3654,708
3655,704
3656,701
3657,698
3658,696
3659,693
3660,691
3661,688
3662,686
3663,684
3664,683
3665,681
3666,679
3667,678
3668,676
3669,675
3670,674
3671,673
3672,672
3673,671
3674,670
3675,669
3676,668
3677,667
3678,667
3679,666
3680,665
3681,665
3682,664
3683,664
3684,663
3685,663
3686,663
3687,662
3688,662
3689,662
3690,661
3691,661
3692,661
3693,661
3694,660
3695,660
3696,660
3697,660
3698,660
3699,660
3700,659
3701,659
3702,659
3703,659
3704,659
3705,659
3706,659
3707,658
3708,658
3709,658
3710,658
3711,658
3712,658
3713,658
3714,657
3715,657
3716,657
3717,657
3718,657
3719,657
3720,657
3721,657
3722,657
3723,657
3724,656
3725,656
3726,656
3727,656
3728,656
3729,656
3730,656
3731,656
3732,656
3733,657
3734,658
3735,659
3736,661
3737,663
3738,666
3739,668
3740,670
3741,673
3742,675
3743,677
3744,680
3745,682
3746,684
3747,686
3748,688
3749,690
3750,692
3751,694
3752,696
3753,698
3754,699
3755,701
3756,703
3757,704
3758,705
3759,707
3760,708
3761,709
3762,710
3763,712
3764,712
3765,714
3766,715
3767,717
3768,719
3769,720
3770,722
3771,724
3772,726
3773,728
3774,729
3775,731
3776,733
3777,734
3778,736
3779,737
3780,738
3781,740
3782,741
3783,742
3784,743
3785,745
3786,746
3787,747
3788,748
3789,749
3790,750
3791,751
3792,751
3793,752
3794,753
3795,753
3796,754
3797,755
3798,756
3799,756
3800,756
3801,757
3802,757
3803,757
3804,757
3805,757
3806,757
3807,757
3808,757
3809,757
3810,757
3811,757
3812,757
3813,757
3814,757
3815,757
3816,757
3817,757
3818,757
3819,756
3820,756
3821,756
3822,756
3823,756
3824,756
3825,756
3826,756
3827,755
3828,755
3829,756
3830,756
3831,755
3832,755
3833,755
3834,755
3835,755
3836,755
3837,755
3838,755
3839,755
3840,755
3841,755
3842,755
3843,755
3844,755
3845,755
3846,755
3847,755
3848,755
3849,755
3850,756
3851,756
3852,756
3853,757
3854,757
3855,758
3856,758
3857,759
3858,759
3859,760
3860,760
3861,761
3862,761
3863,762
3864,762
3865,763
3866,763
3867,763
3868,764
3869,764
3870,764
3871,765
3872,765
3873,765
3874,766
3875,766
3876,766
3877,767
3878,767
3879,767
3880,767
3881,767
3882,768
3883,768
3884,768
3885,768
3886,769
3887,769
3888,769
3889,769
3890,769
3891,769
3892,770
3893,770
3894,770
3895,770
3896,770
3897,770
3898,770
3899,770
3900,771
3901,771
3902,771
3903,771
3904,771
3905,771
3906,771
3907,771
3908,772
3909,772
3910,772
3911,772
3912,772
3913,772
3914,772
3915,772
3916,772
3917,772
3918,772
3919,771
3920,771
3921,771
3922,770
3923,769
3924,769
3925,768
3926,768
3927,767
3928,767
3929,766
3930,766
3931,765
3932,765
3933,764
3934,764
3935,763
3936,763
3937,762
3938,762
3939,761
3940,761
3941,761
3942,760
3943,760
3944,759
3945,759
3946,759
3947,759
3948,758
3949,758
3950,757
3951,757
3952,756
3953,755
3954,755
3955,754
3956,753
3957,753
3958,752
3959,752
3960,751
3961,750
3962,750
3963,749
3964,749
3965,748
3966,748
3967,747
3968,747
3969,746
3970,746
3971,745
3972,745
3973,744
3974,744
3975,744
3976,743
3977,743
3978,743
3979,742
3980,742
3981,742
3982,742
3983,741
3984,741
3985,741
3986,741
3987,740
3988,740
3989,740
3990,740
3991,740
3992,739
3993,739
3994,739
3995,739
3996,739
3997,739
3998,739
3999,739
4000,739
4001,740
4002,740
4003,741
4004,742
4005,743
4006,743
4007,744
4008,745
4009,746
4010,746
4011,747
4012,748
4013,748
4014,749
4015,750
4016,751
4017,751
4018,752
4019,753
4020,754
4021,755
4022,755
4023,756
4024,757
4025,758
4026,758
4027,759
4028,760
4029,760
4030,761
4031,761
4032,762
4033,763
4034,763
4035,764
4036,764
4037,764
4038,765
4039,766
4040,766
4041,766
4042,767
4043,767
4044,767
4045,767
4046,768
4047,768
4048,768
4049,768
4050,768
4051,768
4052,767
4053,767
4054,767
4055,766
4056,766
4057,766
4058,765
4059,764
4060,764
4061,763
4062,763
4063,762
4064,761
4065,761
4066,761
4067,760
4068,759
4069,759
4070,758
4071,758
4072,758
4073,757
4074,757
4075,756
4076,756
4077,755
4078,755
4079,755
4080,754
4081,754
4082,754
4083,753
4084,753
4085,753
4086,752
4087,752
4088,752
4089,752
4090,751
4091,751
4092,751
4093,751
4094,751
4095,750
4096,750
4097,750
4098,749
4099,749
4100,748
4101,747
4102,745
4103,743
4104,742
4105,740
4106,739
4107,737
4108,735
4109,734
4110,732
4111,731
4112,730
4113,728
4114,727
4115,725
4116,725
4117,724
4118,722
4119,721
4120,720
4121,719
4122,718
4123,717
4124,717
4125,716
4126,715
4127,714
4128,714
4129,713
4130,712
4131,712
4132,711
4133,711
4134,711
4135,711
4136,711
4137,712
4138,712
4139,712
4140,713
4141,713
4142,713
4143,714
4144,714
4145,714
4146,714
4147,715
4148,715
4149,715
4150,716
4151,716
4152,716
4153,716
4154,716
4155,717
4156,717
4157,717
4158,717
4159,717
4160,718
4161,718
4162,718
4163,718
4164,718
4165,719
4166,719
4167,720
4168,721
4169,722
4170,722
4171,724
4172,725
4173,726
4174,727
4175,728
4176,729
4177,730
4178,731
4179,732
4180,733
4181,734
4182,734
4183,735
4184,736
4185,736
4186,737
4187,738
4188,738
4189,739
4190,740
4191,740
4192,741
4193,741
4194,742
4195,742
4196,743
4197,743
4198,743
4199,744
4200,744
4201,744
4202,743
4203,744
4204,743
4205,743
4206,743
4207,743
4208,743
4209,743
4210,742
4211,742
4212,742
4213,742
4214,742
4215,741
4216,740
4217,739
4218,738
4219,736
4220,735
4221,734
4222,732
4223,731
4224,730
4225,728
4226,726
4227,725
4228,724
4229,723
4230,722
4231,720
4232,720
4233,718
4234,717
4235,716
4236,716
4237,714
4238,714
4239,713
4240,712
4241,711
4242,710
4243,710
4244,709
4245,709
4246,708
4247,707
4248,707
4249,707
4250,706
4251,706
4252,705
4253,705
4254,705
4255,704
4256,704
4257,704
4258,703
4259,703
4260,703
4261,703
4262,702
4263,702
4264,702
4265,702
4266,701
4267,701
4268,701
4269,701
4270,701
4271,701
4272,700
4273,700
4274,700
4275,700
4276,700
4277,700
4278,699
4279,699
4280,699
4281,699
4282,699
4283,699
4284,699
4285,699
4286,699
4287,698
4288,699
4289,698
4290,698
4291,698
4292,698
4293,698
4294,698
4295,698
4296,698
4297,698
4298,698
4299,698
4300,698
4301,698
4302,698
4303,698
4304,698
4305,698
4306,699
4307,699
4308,699
4309,699
4310,700
4311,699
4312,699
4313,700
4314,700
4315,700
4316,701
4317,701
4318,702
4319,703
4320,704
4321,705
4322,705
4323,707
4324,707
4325,708
4326,709
4327,710
4328,710
4329,711
4330,712
4331,713
4332,713
4333,714
4334,714
4335,715
4336,716
4337,716
4338,717
4339,717
4340,717
4341,718
4342,719
4343,719
4344,719
4345,719
4346,720
4347,720
4348,720
4349,721
4350,721
4351,721
4352,721
4353,720
4354,720
4355,720
4356,720
4357,720
4358,720
4359,720
4360,720
4361,720
4362,720
4363,719
4364,719
4365,719
4366,719
4367,719
4368,719
4369,719
4370,719
4371,719
4372,719
4373,718
4374,718
4375,718
4376,718
4377,718
4378,718
4379,718
4380,718
4381,718
4382,718
4383,717
4384,717
4385,716
4386,716
4387,715
4388,715
4389,714
4390,713
4391,713
4392,712
4393,712
4394,711
4395,711
4396,710
4397,710
4398,710
4399,709
4400,709
4401,708
4402,708
4403,708
4404,707
4405,707
4406,707
4407,706
4408,706
4409,706
4410,706
4411,705
4412,705
4413,705
4414,705
4415,705
4416,705
4417,706
4418,707
4419,708
4420,709
4421,710
4422,712
4423,713
4424,714
4425,715
4426,716
4427,717
4428,718
4429,719
4430,721
4431,721
4432,723
4433,723
4434,724
4435,725
4436,726
4437,726
4438,727
4439,728
4440,729
4441,730
4442,730
4443,731
4444,731
4445,732
4446,732
4447,733
4448,733
4449,735
4450,736
4451,737
4452,739
4453,741
4454,742
4455,744
4456,745
4457,747
4458,748
4459,750
4460,751
4461,752
4462,753
4463,754
4464,755
4465,756
4466,757
4467,758
4468,759
4469,759
4470,760
4471,760
4472,761
4473,762
4474,762
4475,763
4476,763
4477,764
4478,764
4479,765
4480,765
4481,766
4482,766
4483,766
4484,767
4485,767
4486,767
4487,767
4488,768
4489,768
4490,769
4491,769
4492,769
4493,769
4494,770
4495,770
4496,770
4497,770
4498,770
4499,771
4500,771
4501,771
4502,771
4503,771
4504,772
4505,772
4506,772
4507,772
4508,772
4509,772
4510,773
4511,773
4512,773
4513,773
4514,773
4515,773
4516,773
4517,773
4518,773
4519,773
4520,773
4521,773
4522,773
4523,773
4524,773
4525,773
4526,773
4527,772
4528,772
4529,772
4530,772
4531,772
4532,771
4533,771
4534,771
4535,770
4536,770
4537,770
4538,770
4539,770
4540,769
4541,769
4542,769
4543,769
4544,769
4545,768
4546,768
4547,768
4548,768
4549,767
4550,767
4551,766
4552,765
4553,764
4554,763
4555,762
4556,761
4557,760
4558,759
4559,758
4560,757
4561,756
4562,755
4563,754
4564,753
4565,753
4566,752
4567,751
4568,750
4569,750
4570,749
4571,748
4572,747
4573,746
4574,746
4575,745
4576,744
4577,744
4578,743
4579,743
4580,742
4581,742
4582,741
4583,740
4584,740
4585,740
4586,739
4587,739
4588,738
4589,738
4590,738
4591,738
4592,737
4593,737
4594,737
4595,736
4596,736
4597,736
4598,736
4599,735
4600,735
4601,735
4602,735
4603,735
4604,734
4605,734
4606,734
4607,734
4608,734
4609,734
4610,734
4611,733
4612,733
4613,733
4614,733
4615,733
4616,733
4617,733
4618,733
4619,732
4620,732
4621,732
4622,732
4623,732
4624,732
4625,732
4626,732
4627,732
4628,732
4629,731
4630,731
4631,731
4632,731
4633,732
4634,731
4635,731
4636,731
4637,731
4638,731
4639,731
4640,731
4641,731
4642,731
4643,730
4644,730
4645,730
4646,730
4647,730
4648,730
4649,730
4650,730
4651,730
4652,729
4653,729
4654,729
4655,729
4656,728
4657,728
4658,728
4659,728
4660,727
4661,727
4662,727
4663,726
4664,727
4665,726
4666,725
4667,724
4668,724
4669,722
4670,721
4671,721
4672,720
4673,719
4674,718
4675,717
4676,716
4677,715
4678,714
4679,713
4680,713
4681,712
4682,711
4683,710
4684,710
4685,709
4686,709
4687,708
4688,708
4689,707
4690,706
4691,706
4692,706
4693,705
4694,704
4695,704
4696,704
4697,704
4698,703
4699,703
4700,703
4701,703
4702,702
4703,702
4704,702
4705,701
4706,701
4707,701
4708,701
4709,701
4710,700
4711,700
4712,700
4713,700
4714,700
4715,701
4716,701
4717,701
4718,702
4719,703
4720,703
4721,704
4722,704
4723,705
4724,705
4725,706
4726,706
4727,707
4728,708
4729,708
4730,709
4731,709
4732,710
4733,710
4734,710
4735,711
4736,711
4737,711
4738,712
4739,712
4740,713
4741,713
4742,713
4743,713
4744,714
4745,714
4746,714
4747,715
4748,716
4749,717
4750,719
4751,720
4752,722
4753,724
4754,725
4755,727
4756,728
4757,730
4758,731
4759,733
4760,734
4761,736
4762,737
4763,738
4764,739
4765,741
4766,742
4767,743
4768,744
4769,745
4770,745
4771,747
4772,747
4773,748
4774,749
4775,750
4776,751
4777,751
4778,752
4779,752
4780,753
4781,754
4782,754
4783,755
4784,755
4785,756
4786,757
4787,757
4788,758
4789,758
4790,759
4791,759
4792,760
4793,760
4794,761
4795,761
4796,761
4797,762
4798,762
4799,762
4800,763
4801,763
4802,764
4803,764
4804,764
4805,764
4806,765
4807,765
4808,765
4809,765
4810,765
4811,766
4812,766
4813,766
4814,766
4815,765
4816,765
4817,764
4818,763
4819,762
4820,762
4821,761
4822,759
4823,759
4824,757
4825,756
4826,755
4827,754
4828,753
4829,752
4830,751
4831,750
4832,749
4833,748
4834,747
4835,746
4836,745
4837,744
4838,743
4839,743
4840,742
4841,741
4842,740
4843,739
4844,739
4845,738
4846,737
4847,735
4848,733
4849,729
4850,725
4851,722
4852,718
4853,714
4854,710
4855,708
4856,704
4857,701
4858,698
4859,695
4860,693
4861,690
4862,688
4863,686
4864,684
4865,683
4866,681
4867,680
4868,679
4869,678
4870,677
4871,676
4872,675
4873,674
4874,673
4875,673
4876,672
4877,672
4878,671
4879,670
4880,670
4881,669
4882,669
4883,669
4884,668
4885,668
4886,667
4887,667
4888,667
4889,666
4890,666
4891,666
4892,665
4893,665
4894,665
4895,665
4896,665
4897,665
4898,665
4899,666
4900,667
4901,668
4902,669
4903,670
4904,672
4905,673
4906,674
4907,676
4908,677
4909,678
4910,679
4911,680
4912,681
4913,682
4914,683
4915,684
4916,685
4917,686
4918,687
4919,687
4920,688
4921,689
4922,690
4923,690
4924,691
4925,692
4926,692
4927,692
4928,693
4929,694
4930,694
4931,695
4932,695
4933,695
4934,696
4935,696
4936,696
4937,696
4938,697
4939,697
4940,697
4941,698
4942,698
4943,698
4944,698
4945,699
4946,699
4947,699
4948,700
4949,700
4950,700
4951,701
4952,702
4953,703
4954,703
4955,704
4956,705
4957,705
4958,706
4959,706
4960,707
4961,707
4962,708
4963,708
4964,709
4965,710
4966,711
4967,712
4968,713
4969,714
4970,715
4971,717
4972,717
4973,718
4974,719
4975,720
4976,721
4977,722
4978,722
4979,723
4980,724
4981,725
4982,725
4983,726
4984,727
4985,727
4986,728
4987,728
4988,729
4989,730
4990,730
4991,730
4992,731
4993,731
4994,732
4995,732
4996,732
4997,733
4998,734
4999,735
5000,736
5001,738
5002,739
5003,740
5004,741
5005,743
5006,744
5007,745
5008,746
5009,747
5010,748
5011,749
5012,750
5013,750
5014,751
5015,752
5016,752
5017,753
5018,754
5019,754
5020,755
5021,756
5022,756
5023,756
5024,757
5025,758
5026,758
5027,758
5028,759
5029,759
5030,759
5031,760
5032,760
5033,760
5034,761
5035,761
5036,761
5037,762
5038,762
5039,762
5040,763
5041,763
5042,763
5043,763
5044,764
5045,764
5046,764
5047,764
5048,764
5049,765
5050,765
5051,765
5052,765
5053,766
5054,765
5055,766
5056,766
5057,766
5058,766
5059,766
5060,766
5061,766
5062,766
5063,767
5064,767
5065,767
5066,767
5067,767
5068,767
5069,767
5070,767
5071,767
5072,767
5073,768
5074,768
5075,768
5076,768
5077,768
5078,768
5079,768
5080,768
5081,768
5082,768
5083,768
5084,769
5085,769
5086,768
5087,768
5088,768
5089,769
5090,768
5091,768
5092,768
5093,768
5094,768
5095,768
5096,768
5097,768
5098,768
5099,768
5100,768
5101,767
5102,767
5103,767
5104,767
5105,767
5106,767
5107,767
5108,767
5109,766
5110,767
5111,766
5112,766
5113,766
5114,766
5115,766
5116,766
5117,766
5118,765
5119,766
5120,766
5121,766
5122,766
5123,765
5124,765
5125,765
5126,765
5127,765
5128,765
5129,765
5130,765
5131,765
5132,765
5133,765
5134,765
5135,765
5136,764
5137,764
5138,763
5139,762
5140,760
5141,759
5142,758
5143,757
5144,755
5145,753
5146,752
5147,750
5148,749
5149,748
5150,746
5151,745
5152,743
5153,742
5154,740
5155,739
5156,738
5157,736
5158,735
5159,734
5160,733
5161,732
5162,731
5163,730
5164,729
5165,728
5166,727
5167,726
5168,726
5169,725
5170,724
5171,723
5172,722
5173,721
5174,721
5175,720
5176,719
5177,718
5178,718
5179,717
5180,717
5181,716
5182,715
5183,715
5184,714
5185,714
5186,713
5187,713
5188,712
5189,712
5190,711
5191,711
5192,711
5193,711
5194,710
5195,709
5196,709
5197,709
5198,709
5199,708
5200,708
5201,708
5202,708
5203,707
5204,707
5205,707
5206,707
5207,706
5208,706
5209,706
5210,706
5211,705
5212,706
5213,705
5214,705
5215,705
5216,705
5217,705
5218,705
5219,705
5220,705
5221,706
5222,707
5223,708
5224,708
5225,709
5226,710
5227,711
5228,713
5229,714
5230,715
5231,715
5232,716
5233,717
5234,718
5235,719
5236,720
5237,721
5238,722
5239,722
5240,723
5241,724
5242,725
5243,725
5244,726
5245,727
5246,727
5247,728
5248,729
5249,729
5250,730
5251,731
5252,731
5253,731
5254,732
5255,733
5256,733
5257,733
5258,733
5259,734
5260,735
5261,735
5262,735
5263,735
5264,735
5265,736
5266,737
5267,736
5268,737
5269,737
5270,737
5271,737
5272,737
5273,736
5274,736
5275,736
5276,736
5277,735
5278,735
5279,734
5280,734
5281,734
5282,734
5283,733
5284,733
5285,732
5286,732
5287,732
5288,732
5289,731
5290,731
5291,731
5292,731
5293,730
5294,730
5295,730
5296,730
5297,730
5298,729
5299,729
5300,729
5301,729
5302,729
5303,729
5304,728
5305,728
5306,728
5307,729
5308,729
5309,729
5310,728
5311,728
5312,728
5313,729
5314,729
5315,729
5316,729
5317,729
5318,729
5319,729
5320,729
5321,729
5322,729
5323,729
5324,729
5325,729
5326,729
5327,729
5328,729
5329,729
5330,729
5331,729
5332,729
5333,729
5334,729
5335,729
5336,729
5337,729
5338,730
5339,730
5340,731
5341,731
5342,731
5343,732
5344,732
5345,733
5346,733
5347,734
5348,734
5349,735
5350,735
5351,735
5352,736
5353,736
5354,736
5355,737
5356,737
5357,737
5358,738
5359,738
5360,738
5361,738
5362,739
5363,739
5364,739
5365,739
5366,739
5367,740
5368,740
5369,740
5370,739
5371,740
5372,739
5373,739
5374,738
5375,738
5376,737
5377,737
5378,736
5379,736
5380,736
5381,735
5382,735
5383,734
5384,734
5385,733
5386,733
5387,733
5388,732
5389,732
5390,731
5391,731
5392,731
5393,730
5394,730
5395,730
5396,730
5397,729
5398,729
5399,729
5400,728
5401,728
5402,728
5403,728
5404,727
5405,727
5406,727
5407,727
5408,727
5409,726
5410,726
5411,726
5412,726
5413,726
5414,725
5415,725
5416,725
5417,725
5418,725
5419,724
5420,723
5421,721
5422,718
5423,716
5424,714
5425,711
5426,709
5427,707
5428,704
5429,702
5430,700
5431,698
5432,696
5433,695
5434,693
5435,692
5436,690
5437,688
5438,687
5439,686
5440,685
5441,683
5442,682
5443,681
5444,680
5445,679
5446,678
5447,678
5448,677
5449,676
5450,675
5451,675
5452,674
5453,674
5454,673
5455,673
5456,672
5457,672
5458,671
5459,671
5460,670
5461,670
5462,669
5463,669
5464,669
5465,668
5466,668
5467,668
5468,668
5469,668
5470,667
5471,667
5472,667
5473,667
5474,667
5475,666
5476,666
5477,666
5478,666
5479,666
5480,665
5481,665
5482,665
5483,665
5484,665
5485,665
5486,665
5487,665
5488,664
5489,664
5490,664
5491,664
5492,664
5493,664
5494,664
5495,664
5496,664
5497,664
5498,664
5499,664
5500,663
5501,663
5502,664
5503,664
5504,665
5505,667
5506,668
5507,670
5508,671
5509,673
5510,675
5511,677
5512,678
5513,680
5514,682
5515,683
5516,685
5517,687
5518,688
5519,689
5520,691
5521,692
5522,693
5523,695
5524,696
5525,697
5526,698
5527,699
5528,700
5529,701
5530,701
5531,702
5532,703
5533,704
5534,704
5535,705
5536,706
5537,707
5538,707
5539,708
5540,708
5541,709
5542,709
5543,710
5544,710
5545,711
5546,711
5547,712
5548,712
5549,712
5550,712
5551,713
5552,713
5553,714
5554,715
5555,715
5556,716
5557,717
5558,718
5559,719
5560,719
5561,720
5562,721
5563,722
5564,722
5565,723
5566,723
5567,724
5568,725
5569,726
5570,726
5571,726
5572,726
5573,726
5574,726
5575,726
5576,726
5577,726
5578,726
5579,725
5580,726
5581,725
5582,725
5583,725
5584,725
5585,725
5586,724
5587,724
5588,724
5589,724
5590,724
5591,724
5592,724
5593,723
5594,723
5595,723
5596,723
5597,723
5598,723
5599,723
5600,723
5601,723
5602,722
5603,722
5604,722
5605,722
5606,722
5607,722
5608,722
5609,721
5610,721
5611,721
5612,721
5613,721
5614,720
5615,720
5616,720
5617,720
5618,720
5619,720
5620,720
5621,720
5622,720
5623,719
5624,719
5625,719
5626,719
5627,719
5628,719
5629,719
5630,719
5631,719
5632,719
5633,719
5634,718
5635,718
5636,719
5637,718
5638,718
5639,718
5640,718
5641,718
5642,718
5643,718
5644,718
5645,718
5646,718
5647,718
5648,718
5649,718
5650,718
5651,718
5652,718
5653,719
5654,719
5655,720
5656,721
5657,722
5658,723
5659,723
5660,725
5661,726
5662,726
5663,728
5664,728
5665,729
5666,730
5667,731
5668,732
5669,732
5670,733
5671,734
5672,735
5673,735
5674,736
5675,736
5676,737
5677,737
5678,738
5679,739
5680,739
5681,739
5682,740
5683,740
5684,741
5685,741
5686,742
5687,742
5688,743
5689,744
5690,744
5691,745
5692,745
5693,746
5694,747
5695,747
5696,748
5697,749
5698,749
5699,750
5700,750
5701,751
5702,751
5703,752
5704,752
5705,752
5706,753
5707,753
5708,753
5709,754
5710,754
5711,754
5712,755
5713,755
5714,755
5715,755
5716,756
5717,756
5718,756
5719,756
5720,756
5721,756
5722,757
5723,757
5724,756
5725,756
5726,756
5727,756
5728,757
5729,756
5730,756
5731,756
5732,756
5733,756
5734,756
5735,756
5736,755
5737,756
5738,755
5739,755
5740,755
5741,755
5742,755
5743,755
5744,755
5745,755
5746,754
5747,755
5748,754
5749,754
5750,754
5751,754
5752,754
5753,754
5754,754
5755,753
5756,753
5757,753
5758,752
5759,752
5760,752
5761,751
5762,751
5763,751
5764,751
5765,750
5766,750
5767,750
5768,749
5769,749
5770,749
5771,748
5772,748
5773,748
5774,747
5775,747
5776,747
5777,747
5778,746
5779,746
5780,746
5781,746
5782,746
5783,745
5784,745
5785,745
5786,745
5787,745
5788,745
5789,745
5790,745
5791,746
5792,746
5793,746
5794,747
5795,747
5796,747
5797,747
5798,748
5799,748
5800,748
5801,748
5802,748
5803,749
5804,749
5805,749
5806,749
5807,749
5808,749
5809,750
5810,750
5811,750
5812,750
5813,750
5814,750
5815,751
5816,751
5817,751
5818,751
5819,751
5820,751
5821,751
5822,752
5823,751
5824,752
5825,752
5826,752
5827,752
5828,752
5829,752
5830,752
5831,752
5832,752
5833,752
5834,752
5835,752
5836,753
5837,753
5838,753
5839,753
5840,753
5841,753
5842,753
5843,753
5844,753
5845,753
5846,753
5847,753
5848,753
5849,753
5850,753
5851,753
5852,753
5853,752
5854,751
5855,751
5856,750
5857,748
5858,747
5859,746
5860,745
5861,743
5862,742
5863,741
5864,740
5865,738
5866,737
5867,736
5868,734
5869,733
5870,730
5871,727
5872,724
5873,720
5874,717
5875,713
5876,711
5877,708
5878,705
5879,702
5880,700
5881,697
5882,695
5883,692
5884,690
5885,688
5886,687
5887,685
5888,683
5889,682
5890,680
5891,679
5892,678
5893,676
5894,675
5895,674
5896,673
5897,672
5898,671
5899,671
5900,670
5901,669
5902,668
5903,669
5904,668
5905,669
5906,669
5907,670
5908,671
5909,671
5910,672
5911,673
5912,674
5913,675
5914,675
5915,676
5916,677
5917,677
5918,678
5919,679
5920,679
5921,680
5922,680
5923,681
5924,681
5925,682
5926,682
5927,683
5928,683
5929,683
5930,684
5931,684
5932,684
5933,685
5934,685
5935,686
5936,686
5937,688
5938,689
5939,691
5940,692
5941,694
5942,695
5943,697
5944,699
5945,700
5946,702
5947,704
5948,705
5949,706
5950,708
5951,709
5952,710
5953,712
5954,713
5955,714
5956,715
5957,716
5958,717
5959,718
5960,719
5961,720
5962,721
5963,721
5964,722
5965,723
5966,723
5967,724
5968,725
5969,725
5970,726
5971,726
5972,727
5973,728
5974,728
5975,728
5976,729
5977,729
5978,730
5979,730
5980,731
5981,731
5982,731
5983,732
5984,732
5985,732
5986,733
5987,733
5988,733
5989,733
5990,734
5991,734
5992,734
5993,734
5994,735
5995,735
5996,735
5997,735
5998,735
5999,736
6000,736
6001,736
6002,736
6003,736
6004,735
6005,735
6006,734
6007,734
6008,733
6009,733
6010,732
6011,732
6012,731
6013,730
6014,730
6015,730
6016,729
6017,728
6018,728
6019,728
6020,727
6021,726
6022,726
6023,726
6024,725
6025,725
6026,725
6027,724
6028,724
6029,723
6030,723
6031,723
6032,722
6033,722
6034,722
6035,722
6036,722
6037,721
6038,721
6039,721
6040,720
6041,720
6042,720
6043,720
6044,719
6045,719
6046,719
6047,719
6048,719
6049,719
6050,718
6051,718
6052,718
6053,718
6054,718
6055,718
6056,718
6057,718
6058,717
6059,717
6060,717
6061,717
6062,717
6063,717
6064,717
6065,717
6066,717
6067,716
6068,716
6069,716
6070,716
6071,716
6072,716
6073,716
6074,716
6075,716
6076,716
6077,716
6078,716
6079,716
6080,716
6081,715
6082,715
6083,716
6084,715
6085,715
6086,715
6087,716
6088,716
6089,716
6090,716
6091,716
6092,716
6093,716
6094,717
6095,717
6096,717
6097,717
6098,717
6099,717
6100,717
6101,718
6102,717
6103,718
6104,718
6105,718
6106,718
6107,718
6108,718
6109,718
6110,719
6111,719
6112,719
6113,719
6114,719
6115,719
6116,719
6117,719
6118,719
6119,719
6120,719
6121,719
6122,719
6123,719
6124,720
6125,720
6126,720
6127,720
6128,720
6129,720
6130,720
6131,720
6132,720
6133,720
6134,720
6135,720
6136,720
6137,719
6138,718
6139,717
6140,716
6141,716
6142,714
6143,713
6144,713
6145,712
6146,711
6147,710
6148,709
6149,708
6150,707
6151,706
6152,706
6153,705
6154,704
6155,704
6156,703
6157,702
6158,702
6159,701
6160,701
6161,700
6162,700
6163,700
6164,699
6165,699
6166,698
6167,698
6168,697
6169,696
6170,696
6171,694
6172,692
6173,691
6174,689
6175,688
6176,686
6177,685
6178,683
6179,682
6180,681
6181,680
6182,678
6183,677
6184,677
6185,676
6186,675
6187,674
6188,673
6189,672
6190,671
6191,671
6192,670
6193,669
6194,669
6195,669
6196,668
6197,667
6198,667
6199,667
6200,666
6201,666
6202,666
6203,666
6204,667
6205,668
6206,669
6207,670
6208,672
6209,673
6210,675
6211,676
6212,678
6213,679
6214,680
6215,682
6216,683
6217,684
6218,685
6219,687
6220,688
6221,689
6222,690
6223,691
6224,691
6225,692
6226,693
6227,694
6228,695
6229,696
6230,696
6231,697
6232,698
6233,698
6234,699
6235,700
6236,701
6237,703
6238,705
6239,707
6240,710
6241,712
6242,714
6243,716
6244,718
6245,720
6246,722
6247,724
6248,726
6249,728
6250,729
6251,731
6252,732
6253,734
6254,735
6255,736
6256,737
6257,738
6258,739
6259,740
6260,741
6261,742
6262,743
6263,743
6264,744
6265,745
6266,746
6267,746
6268,747
6269,747
6270,748
6271,749
6272,749
6273,749
6274,750
6275,751
6276,751
6277,751
6278,752
6279,752
6280,753
6281,753
6282,753
6283,753
6284,754
6285,754
6286,754
6287,755
6288,755
6289,755
6290,755
6291,756
6292,756
6293,756
6294,756
6295,757
6296,757
6297,757
6298,757
6299,757
6300,757
6301,758
6302,758
6303,758
6304,758
6305,758
6306,758
6307,759
6308,758
6309,759
6310,759
6311,759
6312,759
6313,759
6314,759
6315,759
6316,759
6317,759
6318,760
6319,760
6320,760
6321,760
6322,760
6323,760
6324,760
6325,760
6326,760
6327,760
6328,760
6329,760
6330,760
6331,760
6332,760
6333,760
6334,760
6335,760
6336,760
6337,760
6338,760
6339,760
6340,760
6341,760
6342,760
6343,760
6344,760
6345,760
6346,760
6347,760
6348,760
6349,760
6350,760
6351,760
6352,760
6353,760
6354,760
6355,759
6356,759
6357,758
6358,758
6359,758
6360,757
6361,757
6362,757
6363,756
6364,756
6365,755
6366,755
6367,754
6368,754
6369,754
6370,753
6371,753
6372,752
6373,752
6374,751
6375,751
6376,751
6377,751
6378,750
6379,750
6380,749
6381,749
6382,749
6383,749
6384,748
6385,748
6386,748
6387,747
6388,747
6389,746
6390,746
6391,745
6392,745
6393,744
6394,744
6395,744
6396,743
6397,743
6398,742
6399,742
6400,742
6401,741
6402,741
6403,741
6404,741
6405,740
6406,740
6407,739
6408,739
6409,739
6410,738
6411,738
6412,738
6413,737
6414,738
6415,737
6416,737
6417,737
6418,736
6419,736
6420,736
6421,735
6422,734
6423,733
6424,732
6425,731
6426,730
6427,730
6428,728
6429,728
6430,727
6431,726
6432,725
6433,724
6434,724
6435,723
6436,722
6437,722
6438,721
6439,720
6440,720
6441,719
6442,719
6443,718
6444,718
6445,717
6446,717
6447,716
6448,716
6449,715
6450,715
6451,715
6452,713
6453,712
6454,710
6455,709
6456,706
6457,704
6458,702
6459,700
6460,699
6461,697
6462,695
6463,693
6464,692
6465,690
6466,688
6467,687
6468,686
6469,685
6470,683
6471,682
6472,681
6473,680
6474,679
6475,678
6476,677
6477,677
6478,676
6479,675
6480,675
6481,674
6482,673
6483,673
6484,672
6485,672
6486,672
6487,672
6488,672
6489,672
6490,672
6491,672
6492,673
6493,673
6494,673
6495,674
6496,674
6497,674
6498,675
6499,675
6500,675
6501,675
6502,676
6503,676
6504,676
6505,676
6506,676
6507,676
6508,677
6509,677
6510,677
6511,677
6512,677
6513,678
6514,678
6515,678
6516,678
6517,678
6518,678
6519,678
6520,678
6521,678
6522,678
6523,678
6524,678
6525,678
6526,678
6527,679
6528,678
6529,678
6530,679
6531,679
6532,678
6533,679
6534,678
6535,678
6536,678
6537,678
6538,679
6539,678
6540,678
6541,678
6542,678
6543,678
6544,678
6545,678
6546,678
6547,679
6548,678
6549,678
6550,679
6551,680
6552,681
6553,683
6554,685
6555,687
6556,688
6557,690
6558,692
6559,694
6560,696
6561,698
6562,699
6563,701
6564,703
6565,704
6566,706
6567,708
6568,709
6569,710
6570,712
6571,713
6572,714
6573,715
6574,716
6575,717
6576,719
6577,719
6578,720
6579,721
6580,722
6581,723
6582,724
6583,724
6584,725
6585,727
6586,727
6587,729
6588,730
6589,731
6590,732
6591,733
6592,734
6593,735
6594,736
6595,736
6596,737
6597,738
6598,739
6599,739
6600,740
6601,741
6602,742
6603,742
6604,743
6605,743
6606,744
6607,744
6608,745
6609,745
6610,746
6611,746
6612,747
6613,747
6614,747
6615,748
6616,748
6617,748
6618,748
6619,748
6620,748
6621,747
6622,747
6623,747
6624,746
6625,746
6626,746
6627,745
6628,744
6629,744
6630,743
6631,743
6632,742
6633,742
6634,742
6635,742
6636,741
6637,740
6638,740
6639,739
6640,739
6641,739
6642,738
6643,738
6644,737
6645,737
6646,737
6647,736
6648,736
6649,736
6650,736
6651,735
6652,735
6653,735
6654,735
6655,734
6656,734
6657,734
6658,734
6659,733
6660,733
6661,733
6662,733
6663,733
6664,732
6665,732
6666,732
6667,731
6668,730
6669,728
6670,726
6671,725
6672,723
6673,721
6674,719
6675,717
6676,715
6677,713
6678,711
6679,709
6680,708
6681,706
6682,705
6683,703
6684,702
6685,700
6686,699
6687,698
6688,697
6689,696
6690,695
6691,693
6692,693
6693,692
6694,691
6695,690
6696,689
6697,689
6698,688
6699,688
6700,687
6701,687
6702,686
6703,686
6704,685
6705,685
6706,685
6707,685
6708,684
6709,684
6710,684
6711,684
6712,684
6713,683
6714,683
6715,683
6716,683
6717,683
6718,684
6719,684
6720,684
6721,685
6722,686
6723,686
6724,687
6725,688
6726,688
6727,689
6728,689
6729,690
6730,691
6731,691
6732,691
6733,692
6734,693
6735,693
6736,694
6737,694
6738,694
6739,695
6740,695
6741,695
6742,695
6743,696
6744,696
6745,696
6746,697
6747,697
6748,697
6749,697
6750,698
6751,698
6752,698
6753,698
6754,698
6755,699
6756,699
6757,699
6758,699
6759,699
6760,699
6761,699
6762,699
6763,699
6764,699
6765,699
6766,699
6767,699
6768,699
6769,699
6770,699
6771,699
6772,699
6773,699
6774,699
6775,699
6776,699
6777,699
6778,699
6779,699
6780,699
6781,699
6782,699
6783,699
6784,698
6785,699
6786,699
6787,699
6788,699
6789,698
6790,699
6791,699
6792,699
6793,699
6794,699
6795,699
6796,700
6797,700
6798,700
6799,701
6800,701
6801,701
6802,702
6803,702
6804,702
6805,703
6806,703
6807,703
6808,703
6809,704
6810,704
6811,704
6812,704
6813,705
6814,705
6815,705
6816,705
6817,706
6818,706
6819,706
6820,706
6821,706
6822,706
6823,706
6824,707
6825,707
6826,707
6827,708
6828,710
6829,711
6830,712
6831,714
6832,715
6833,717
6834,718
6835,719
6836,721
6837,722
6838,723
6839,724
6840,725
6841,726
6842,727
6843,729
6844,730
6845,731
6846,731
6847,732
6848,733
6849,734
6850,734
6851,735
6852,736
6853,736
6854,737
6855,738
6856,738
6857,738
6858,739
6859,740
6860,740
6861,741
6862,741
6863,741
6864,742
6865,742
6866,743
6867,743
6868,743
6869,743
6870,744
6871,744
6872,744
6873,744
6874,745
6875,745
6876,746
6877,746
6878,746
6879,747
6880,748
6881,748
6882,749
6883,749
6884,750
6885,750
6886,751
6887,751
6888,752
6889,752
6890,752
6891,752
6892,753
6893,753
6894,753
6895,754
6896,754
6897,754
6898,754
6899,754
6900,754
6901,754
6902,755
6903,755
6904,755
6905,755
6906,755
6907,755
6908,755
6909,755
6910,755
6911,755
6912,755
6913,755
6914,755
6915,755
6916,755
6917,755
6918,755
6919,755
6920,755
6921,755
6922,755
6923,755
6924,755
6925,755
6926,755
6927,755
6928,754
6929,754
6930,753
6931,752
6932,752
6933,751
6934,751
6935,750
6936,749
6937,748
6938,747
6939,747
6940,746
6941,745
6942,744
6943,744
6944,743
6945,742
6946,742
6947,741
6948,740
6949,739
6950,739
6951,738
6952,737
6953,737
6954,736
6955,736
6956,735
6957,735
6958,734
6959,734
6960,733
6961,733
6962,732
6963,732
6964,732
6965,731
6966,731
6967,731
6968,730
6969,730
6970,730
6971,729
6972,729
6973,728
6974,728
6975,728
6976,728
6977,729
6978,729
6979,729
6980,729
6981,730
6982,730
6983,731
6984,731
6985,732
6986,732
6987,733
6988,733
6989,733
6990,734
6991,734
6992,735
6993,735
6994,735
6995,736
6996,736
6997,736
6998,737
6999,737
7000,737
7001,738
7002,738
7003,738
7004,739
7005,739
7006,739
7007,739
7008,740
7009,740
7010,740
7011,740
7012,740
7013,740
7014,740
7015,740
7016,740
7017,740
7018,740
7019,740
7020,740
7021,739
7022,739
7023,739
7024,739
7025,739
7026,739
7027,739
7028,739
7029,739
7030,739
7031,739
7032,739
7033,739
7034,739
7035,739
7036,739
7037,738
7038,738
7039,738
7040,738
7041,738
7042,738
7043,738
7044,737
7045,736
7046,736
7047,735
7048,734
7049,732
7050,731
7051,730
7052,729
7053,728
7054,727
7055,726
7056,725
7057,724
7058,723
7059,722
7060,721
7061,720
7062,719
7063,719
7064,718
7065,717
7066,716
7067,716
7068,715
7069,714
7070,714
7071,713
7072,713
7073,712
7074,712
7075,711
7076,711
7077,710
7078,710
7079,710
7080,709
7081,709
7082,708
7083,708
7084,708
7085,707
7086,707
7087,706
7088,706
7089,706
7090,706
7091,705
7092,705
7093,705
7094,705
7095,705
7096,704
7097,704
7098,704
7099,704
7100,704
7101,704
7102,703
7103,704
7104,703
7105,703
7106,703
7107,703
7108,703
7109,703
7110,703
7111,704
7112,704
7113,705
7114,705
7115,706
7116,707
7117,708
7118,709
7119,709
7120,710
7121,711
7122,711
7123,712
7124,713
7125,713
7126,714
7127,715
7128,715
7129,716
7130,716
7131,717
7132,717
7133,718
7134,718
7135,719
7136,719
7137,719
7138,720
7139,720
7140,720
7141,721
7142,721
7143,721
7144,721
7145,721
7146,721
7147,722
7148,722
7149,722
7150,721
7151,721
7152,722
7153,721
7154,721
7155,721
7156,721
7157,721
7158,722
7159,721
7160,721
7161,721
7162,721
7163,721
7164,721
7165,721
7166,721
7167,721
7168,721
7169,721
7170,721
7171,720
7172,720
7173,721
7174,721
7175,720
7176,720
7177,720
7178,720
7179,720
7180,720
7181,720
7182,720
7183,720
7184,720
7185,720
7186,720
7187,720
7188,720
7189,720
7190,720
7191,720
7192,719
7193,719
7194,718
7195,717
7196,716
7197,715
7198,714
7199,712
7200,711
7201,710
7202,709
7203,708
7204,706
7205,705
7206,704
7207,703
7208,702
7209,701
7210,700
7211,699
7212,699
7213,698
7214,697
7215,696
7216,696
7217,695
7218,694
7219,693
7220,693
7221,693
7222,692
7223,691
7224,691
7225,691
7226,690
7227,690
7228,690
7229,690
7230,690
7231,690
7232,690
7233,690
7234,690
7235,691
7236,691
7237,691
7238,691
7239,691
7240,691
7241,691
7242,692
7243,692
7244,692
7245,692
7246,692
7247,692
7248,692
7249,692
7250,692
7251,692
7252,693
7253,693
7254,692
7255,693
7256,693
7257,693
7258,693
7259,693
7260,694
7261,694
7262,696
7263,697
7264,698
7265,700
7266,701
7267,702
7268,704
7269,705
7270,707
7271,708
7272,709
7273,710
7274,711
7275,712
7276,714
7277,715
7278,716
7279,717
7280,718
7281,719
7282,720
7283,721
7284,722
7285,723
7286,724
7287,724
7288,725
7289,726
7290,726
7291,727
7292,728
7293,729
7294,729
7295,730
7296,731
7297,731
7298,731
7299,732
7300,733
7301,733
7302,734
7303,734
7304,734
7305,734
7306,735
7307,735
7308,736
7309,736
7310,736
7311,736
7312,735
7313,734
7314,734
7315,733
7316,732
7317,732
7318,731
7319,730
7320,729
7321,728
7322,727
7323,727
7324,726
7325,725
7326,725
7327,724
7328,723
7329,723
7330,722
7331,721
7332,721
7333,720
7334,720
7335,719
7336,719
7337,718
7338,718
7339,718
7340,717
7341,717
7342,716
7343,716
7344,715
7345,714
7346,713
7347,712
7348,711
7349,710
7350,709
7351,708
7352,707
7353,707
7354,706
7355,705
7356,704
7357,703
7358,703
7359,702
7360,701
7361,701
7362,700
7363,699
7364,699
7365,698
7366,698
7367,698
7368,697
7369,697
7370,696
7371,696
7372,696
7373,695
7374,695
7375,695
7376,694
7377,695
7378,695
7379,696
7380,697
7381,698
7382,699
7383,700
7384,701
7385,702
7386,703
7387,704
7388,705
7389,705
7390,707
7391,708
7392,708
7393,709
7394,710
7395,711
7396,711
7397,712
7398,713
7399,713
7400,714
7401,715
7402,715
7403,716
7404,716
7405,717
7406,717
7407,718
7408,718
7409,719
7410,719
7411,719
7412,720
7413,720
7414,720
7415,721
7416,721
7417,721
7418,722
7419,722
7420,722
7421,722
7422,722
7423,723
7424,723
7425,723
7426,724
7427,724
7428,725
7429,726
7430,727
7431,728
7432,729
7433,730
7434,731
7435,731
7436,732
7437,733
7438,734
7439,735
7440,735
7441,736
7442,737
7443,737
7444,738
7445,739
7446,739
7447,740
7448,740
7449,741
7450,741
7451,742
7452,742
7453,742
7454,743
7455,743
7456,744
7457,744
7458,744
7459,745
7460,745
7461,745
7462,746
7463,746
7464,746
7465,747
7466,747
7467,747
7468,747
7469,748
7470,748
7471,748
7472,748
7473,748
7474,748
7475,749
7476,749
7477,749
7478,749
7479,749
7480,749
7481,750
7482,749
7483,750
7484,750
7485,750
7486,750
7487,750
7488,750
7489,750
7490,750
7491,751
7492,751
7493,751
7494,751
7495,751
7496,751
7497,751
7498,751
7499,751
7500,752
7501,751
7502,751
7503,751
7504,751
7505,751
7506,752
7507,752
7508,752
7509,752
7510,752
7511,752
7512,752
7513,752
7514,752
7515,752
7516,752
7517,752
7518,752
7519,752
7520,752
7521,752
7522,752
7523,752
7524,753
7525,753
7526,753
7527,753
7528,753
7529,753
7530,754
7531,754
7532,754
7533,755
7534,755
7535,755
7536,755
7537,756
7538,756
7539,756
7540,756
7541,756
7542,757
7543,757
7544,757
7545,757
7546,757
7547,758
7548,758
7549,758
7550,758
7551,758
7552,758
7553,758
7554,759
7555,759
7556,759
7557,759
7558,759
7559,759
7560,759
7561,760
7562,760
7563,760
7564,760
7565,760
7566,760
7567,760
7568,760
7569,760
7570,760
7571,761
7572,761
7573,761
7574,761
7575,761
7576,761
7577,761
7578,761
7579,761
7580,761
7581,761
7582,761
7583,761
7584,761
7585,761
7586,761
7587,761
7588,761
7589,761
7590,761
7591,761
7592,761
7593,761
7594,760
7595,760
7596,759
7597,758
7598,756
7599,755
7600,754
7601,753
7602,751
7603,750
7604,748
7605,747
7606,746
7607,744
7608,743
7609,741
7610,741
7611,739
7612,738
7613,737
7614,735
7615,734
7616,733
7617,732
7618,731
7619,730
7620,729
7621,728
7622,727
7623,726
7624,725
7625,725
7626,724
7627,723
7628,723
7629,722
7630,721
7631,721
7632,720
7633,720
7634,719
7635,719
7636,718
7637,718
7638,717
7639,717
7640,716
7641,715
7642,713
7643,710
7644,706
7645,703
7646,700
7647,696
7648,693
7649,690
7650,687
7651,684
7652,682
7653,679
7654,677
7655,675
7656,673
7657,671
7658,670
7659,668
7660,667
7661,665
7662,664
7663,663
7664,662
7665,661
7666,660
7667,659
7668,658
7669,657
7670,656
7671,656
7672,655
7673,655
7674,654
7675,653
7676,653
7677,652
7678,652
7679,651
7680,651
7681,651
7682,650
7683,650
7684,649
7685,649
7686,649
7687,648
7688,648
7689,648
7690,648
7691,648
7692,647
7693,648
7694,648
7695,648
7696,648
7697,649
7698,649
7699,650
7700,650
7701,650
7702,651
7703,651
7704,651
7705,651
7706,652
7707,652
7708,652
7709,653
7710,653
7711,653
7712,653
7713,653
7714,653
7715,654
7716,654
7717,654
7718,654
7719,654
7720,654
7721,655
7722,655
7723,654
7724,654
7725,655
7726,655
7727,655
7728,655
7729,655
7730,655
7731,655
7732,655
7733,655
7734,655
7735,655
7736,655
7737,655
7738,655
7739,655
7740,655
7741,655
7742,656
7743,656
7744,658
7745,659
7746,661
7747,663
7748,665
7749,667
7750,669
7751,671
7752,673
7753,675
7754,677
7755,678
7756,681
7757,682
7758,684
7759,685
7760,687
7761,688
7762,690
7763,691
7764,692
7765,694
7766,695
7767,696
7768,697
7769,699
7770,699
7771,700
7772,701
7773,702
7774,703
7775,704
7776,705
7777,706
7778,707
7779,708
7780,709
7781,710
7782,711
7783,712
7784,713
7785,714
7786,715
7787,716
7788,717
7789,718
7790,719
7791,719
7792,720
7793,721
7794,721
7795,722
7796,723
7797,723
7798,724
7799,725
7800,725
7801,726
7802,726
7803,727
7804,727
7805,727
7806,728
7807,728
7808,729
7809,729
7810,730
7811,730
7812,730
7813,731
7814,731
7815,731
7816,731
7817,732
7818,732
7819,732
7820,732
7821,733
7822,733
7823,733
7824,733
7825,733
7826,734
7827,734
7828,733
7829,734
7830,734
7831,733
7832,734
7833,734
7834,734
7835,733
7836,733
7837,733
7838,733
7839,733
7840,733
7841,733
7842,733
7843,733
7844,733
7845,733
7846,733
7847,732
7848,733
7849,733
7850,733
7851,733
7852,733
7853,733
7854,732
7855,732
7856,732
7857,732
7858,732
7859,733
7860,732
7861,732
7862,732
7863,732
7864,733
7865,733
7866,732
7867,732
7868,732
7869,732
7870,732
7871,732
7872,732
7873,732
7874,732
7875,732
7876,733
7877,733
7878,733
7879,733
7880,734
7881,734
7882,734
7883,734
7884,735
7885,735
7886,735
7887,735
7888,736
7889,736
7890,736
7891,736
7892,736
7893,737
7894,737
7895,737
7896,738
7897,738
7898,738
7899,739
7900,739
7901,739
7902,739
7903,739
7904,740
7905,740
7906,740
7907,740
7908,740
7909,741
7910,741
7911,741
7912,741
7913,741
7914,742
7915,742
7916,742
7917,742
7918,742
7919,742
7920,742
7921,743
7922,743
7923,743
7924,743
7925,743
7926,742
7927,742
7928,741
7929,740
7930,739
7931,738
7932,737
7933,736
7934,735
7935,734
7936,732
7937,731
7938,730
7939,730
7940,729
7941,728
7942,727
7943,726
7944,725
7945,724
7946,723
7947,723
7948,722
7949,721
7950,720
7951,720
7952,719
7953,719
7954,718
7955,717
7956,717
7957,716
7958,715
7959,714
7960,711
7961,709
7962,706
7963,703
7964,701
7965,698
7966,695
7967,693
7968,690
7969,688
7970,686
7971,684
7972,682
7973,680
7974,679
7975,677
7976,675
7977,674
7978,673
7979,672
7980,671
7981,669
7982,669
7983,668
7984,667
7985,666
7986,665
7987,664
7988,664
7989,663
7990,663
7991,662
7992,662
7993,662
7994,662
7995,662
7996,663
7997,664
7998,665
7999,666
8000,667
8001,668
8002,669
8003,669
8004,670
8005,671
8006,672
8007,672
8008,673
8009,674
8010,675
8011,675
8012,675
8013,677
8014,677
8015,678
8016,678
8017,678
8018,679
8019,679
8020,680
8021,680
8022,680
8023,681
8024,681
8025,682
8026,684
8027,685
8028,687
8029,690
8030,693
8031,695
8032,697
8033,700
8034,702
8035,704
8036,707
8037,709
8038,711
8039,713
8040,715
8041,717
8042,718
8043,720
8044,722
8045,723
8046,725
8047,726
8048,727
8049,729
8050,730
8051,731
8052,732
8053,733
8054,734
8055,735
8056,736
8057,737
8058,738
8059,739
8060,740
8061,741
8062,742
8063,743
8064,744
8065,745
8066,746
8067,747
8068,747
8069,748
8070,749
8071,750
8072,750
8073,751
8074,751
8075,752
8076,752
8077,753
8078,753
8079,754
8080,754
8081,755
8082,755
8083,756
8084,756
8085,756
8086,756
8087,757
8088,757
8089,757
8090,758
8091,758
8092,758
8093,759
8094,759
8095,759
8096,759
8097,759
8098,759
8099,759
8100,759
8101,760
8102,760
8103,760
8104,760
8105,760
8106,760
8107,760
8108,760
8109,760
8110,761
8111,761
8112,761
8113,761
8114,761
8115,761
8116,761
8117,761
8118,761
8119,761
8120,761
8121,761
8122,761
8123,761
8124,762
8125,762
8126,762
8127,762
8128,762
8129,762
8130,762
8131,762
8132,762
8133,762
8134,762
8135,762
8136,762
8137,762
8138,762
8139,762
8140,762
8141,763
8142,763
8143,762
8144,762
8145,762
8146,763
8147,763
8148,763
8149,763
8150,763
8151,763
8152,763
8153,763
8154,763
8155,763
8156,763
8157,763
8158,763
8159,763
8160,763
8161,763
8162,763
8163,763
8164,762
8165,762
8166,762
8167,762
8168,762
8169,762
8170,761
8171,761
8172,761
8173,761
8174,761
8175,761
8176,761
8177,761
8178,760
8179,760
8180,760
8181,760
8182,760
8183,760
8184,759
8185,759
8186,759
8187,759
8188,759
8189,759
8190,759
8191,759
8192,759
8193,759
8194,758
8195,758
8196,758
8197,758
8198,758
8199,757
8200,757
8201,757
8202,757
8203,757
8204,756
8205,757
8206,757
8207,756
8208,756
8209,756
8210,755
8211,755
8212,754
8213,753
8214,753
8215,752
8216,751
8217,751
8218,750
8219,749
8220,748
8221,748
8222,747
8223,746
8224,746
8225,744
8226,742
8227,740
8228,737
8229,734
8230,731
8231,728
8232,726
8233,723
8234,720
8235,717
8236,715
8237,713
8238,710
8239,708
8240,706
8241,704
8242,702
8243,700
8244,698
8245,696
8246,695
8247,693
8248,692
8249,691
8250,690
8251,688
8252,687
8253,687
8254,685
8255,684
8256,684
8257,683
8258,682
8259,681
8260,680
8261,680
8262,679
8263,679
8264,678
8265,678
8266,677
8267,677
8268,676
8269,676
8270,675
8271,675
8272,674
8273,674
8274,674
8275,673
8276,673
8277,673
8278,672
8279,672
8280,672
8281,672
8282,671
8283,671
8284,671
8285,671
8286,671
8287,671
8288,670
8289,670
8290,670
8291,670
8292,670
8293,669
8294,669
8295,669
8296,668
8297,668
8298,667
8299,667
8300,667
8301,667
8302,667
8303,666
8304,666
8305,666
8306,666
8307,665
8308,665
8309,665
8310,665
8311,664
8312,664
8313,664
8314,664
8315,664
8316,664
8317,664
8318,664
8319,663
8320,663
8321,663
8322,663
8323,663
8324,663
8325,663
8326,664
8327,665
8328,666
8329,668
8330,670
8331,671
8332,674
8333,675
8334,677
8335,679
8336,681
8337,683
8338,684
8339,686
8340,688
8341,689
8342,691
8343,692
8344,693
8345,695
8346,696
8347,697
8348,699
8349,700
8350,701
8351,702
8352,703
8353,704
8354,704
8355,705
8356,706
8357,707
8358,708
8359,709
8360,710
8361,711
8362,713
8363,714
8364,716
8365,717
8366,718
8367,719
8368,721
8369,722
8370,723
8371,724
8372,725
8373,726
8374,727
8375,728
8376,729
8377,730
8378,731
8379,731
8380,732
8381,733
8382,733
8383,734
8384,735
8385,736
8386,736
8387,737
8388,737
8389,738
8390,738
8391,739
8392,739
8393,739
8394,739
8395,739
8396,739
8397,738
8398,738
8399,738
8400,738
8401,737
8402,737
8403,736
8404,736
8405,736
8406,735
8407,735
8408,735
8409,734
8410,734
8411,733
8412,733
8413,733
8414,733
8415,732
8416,732
8417,732
8418,731
8419,731
8420,731
8421,731
8422,731
8423,730
8424,730
8425,729
8426,728
8427,728
8428,727
8429,725
8430,724
8431,723
8432,721
8433,720
8434,719
8435,718
8436,716
8437,716
8438,714
8439,713
8440,712
8441,711
8442,710
8443,709
8444,709
8445,708
8446,707
8447,706
8448,705
8449,705
8450,704
8451,703
8452,703
8453,702
8454,702
8455,701
8456,701
8457,700
8458,700
8459,700
8460,700
8461,700
8462,700
8463,701
8464,701
8465,701
8466,702
8467,702
8468,702
8469,702
8470,703
8471,703
8472,703
8473,704
8474,704
8475,704
8476,705
8477,705
8478,705
8479,705
8480,705
8481,706
8482,706
8483,706
8484,706
8485,707
8486,707
8487,707
8488,707
8489,707
8490,707
8491,708
8492,708
8493,708
8494,709
8495,710
8496,711
8497,711
8498,712
8499,713
8500,714
8501,714
8502,715
8503,716
8504,716
8505,717
8506,717
8507,718
8508,719
8509,719
8510,720
8511,720
8512,721
8513,721
8514,722
8515,722
8516,723
8517,723
8518,723
8519,724
8520,724
8521,725
8522,725
8523,725
8524,726
8525,725
8526,726
8527,725
8528,726
8529,725
8530,725
8531,725
8532,725
8533,724
8534,724
8535,724
8536,724
8537,724
8538,723
8539,723
8540,723
8541,723
8542,723
8543,722
8544,722
8545,722
8546,722
8547,721
8548,721
8549,721
8550,721
8551,721
8552,721
8553,720
8554,720
8555,720
8556,720
8557,720
8558,720
8559,719
8560,719
8561,719
8562,719
8563,718
8564,718
8565,718
8566,717
8567,717
8568,717
8569,716
8570,716
8571,716
8572,716
8573,715
8574,715
8575,715
8576,714
8577,714
8578,714
8579,714
8580,714
8581,713
8582,713
8583,713
8584,713
8585,712
8586,712
8587,712
8588,712
8589,712
8590,712
8591,712
8592,711
8593,711
8594,711
8595,711
8596,711
8597,711
8598,711
8599,711
8600,711
8601,711
8602,711
8603,710
8604,710
8605,710
8606,710
8607,710
8608,710
8609,711
8610,711
8611,712
8612,713
8613,714
8614,715
8615,716
8616,718
8617,718
8618,719
8619,721
8620,721
8621,722
8622,723
8623,724
8624,725
8625,726
8626,727
8627,727
8628,728
8629,729
8630,729
8631,730
8632,731
8633,731
8634,732
8635,732
8636,732
8637,733
8638,734
8639,734
8640,735
8641,735
8642,735
8643,736
8644,736
8645,736
8646,737
8647,737
8648,737
8649,737
8650,738
8651,738
8652,738
8653,738
8654,739
8655,739
8656,740
8657,740
8658,740
8659,740
8660,741
8661,742
8662,743
8663,744
8664,744
8665,745
8666,745
8667,747
8668,747
8669,748
8670,748
8671,749
8672,750
8673,751
8674,751
8675,752
8676,752
8677,752
8678,753
8679,753
8680,754
8681,754
8682,755
8683,755
8684,756
8685,756
8686,756
8687,756
8688,757
8689,757
8690,758
8691,757
8692,758
8693,758
8694,758
8695,758
8696,758
8697,758
8698,758
8699,758
8700,758
8701,758
8702,758
8703,758
8704,758
8705,758
8706,758
8707,758
8708,758
8709,758
8710,758
8711,758
8712,758
8713,758
8714,758
8715,758
8716,758
8717,758
8718,757
8719,758
8720,758
8721,757
8722,758
8723,758
8724,758
8725,757
8726,757
8727,757
8728,756
8729,755
8730,755
8731,754
8732,754
8733,753
8734,752
8735,752
8736,751
8737,750
8738,750
8739,749
8740,748
8741,748
8742,747
8743,746
8744,746
8745,746
8746,745
8747,744
8748,744
8749,743
8750,743
8751,743
8752,742
8753,742
8754,741
8755,741
8756,741
8757,740
8758,740
8759,740
8760,740
8761,740
8762,740
8763,740
8764,740
8765,740
8766,740
8767,741
8768,741
8769,741
8770,741
8771,741
8772,741
8773,741
8774,741
8775,742
8776,742
8777,742
8778,742
8779,742
8780,742
8781,742
8782,743
8783,743
8784,743
8785,743
8786,743
8787,743
8788,743
8789,743
8790,744
8791,744
8792,744
8793,744
8794,745
8795,746
8796,746
8797,747
8798,748
8799,749
8800,749
8801,750
8802,750
8803,751
8804,751
8805,752
8806,753
8807,753
8808,753
8809,754
8810,754
8811,755
8812,755
8813,755
8814,756
8815,756
8816,757
8817,757
8818,757
8819,757
8820,758
8821,758
8822,758
8823,758
8824,759
8825,759
8826,759
8827,759
8828,759
8829,760
8830,760
8831,760
8832,760
8833,761
8834,760
8835,760
8836,761
8837,761
8838,761
8839,761
8840,761
8841,761
8842,761
8843,761
8844,761
8845,761
8846,761
8847,761
8848,761
8849,761
8850,761
8851,760
8852,761
8853,760
8854,760
8855,760
8856,760
8857,760
8858,760
8859,760
8860,760
8861,760
8862,759
8863,759
8864,759
8865,759
8866,759
8867,759
8868,759
8869,759
8870,759
8871,759
8872,759
8873,759
8874,759
8875,759
8876,757
8877,757
8878,755
8879,755
8880,753
8881,752
8882,751
8883,750
8884,748
8885,747
8886,746
8887,744
8888,743
8889,742
8890,741
8891,739
8892,738
8893,737
8894,736
8895,735
8896,734
8897,733
8898,732
8899,731
8900,730
8901,729
8902,729
8903,728
8904,727
8905,726
8906,726
8907,725
8908,724
8909,724
8910,723
8911,722
8912,722
8913,721
8914,721
8915,720
8916,720
8917,720
8918,719
8919,719
8920,718
8921,718
8922,718
8923,717
8924,717
8925,717
8926,716
8927,716
8928,716
8929,716
8930,715
8931,714
8932,713
8933,712
8934,711
8935,710
8936,709
8937,708
8938,707
8939,706
8940,705
8941,704
8942,703
8943,703
8944,702
8945,701
8946,700
8947,700
8948,699
8949,698
8950,698
8951,697
8952,697
8953,696
8954,695
8955,695
8956,695
8957,694
8958,694
8959,693
8960,693
8961,693
8962,692
8963,692
8964,692
8965,692
8966,692
8967,693
8968,693
8969,693
8970,693
8971,694
8972,694
8973,695
8974,695
8975,695
8976,696
8977,696
8978,696
8979,697
8980,697
8981,697
8982,697
8983,697
8984,697
8985,698
8986,698
8987,698
8988,698
8989,698
8990,698
8991,699
8992,699
8993,699
8994,699
8995,699
8996,699
8997,699
8998,699
8999,699
9000,698
9001,698
9002,698
9003,698
9004,698
9005,697
9006,697
9007,697
9008,697
9009,697
9010,697
9011,696
9012,696
9013,696
9014,696
9015,696
9016,696
9017,696
9018,695
9019,695
9020,695
9021,695
9022,695
9023,695
9024,695
9025,695
9026,695
9027,695
9028,694
9029,694
9030,694
9031,694
9032,694
9033,694
9034,694
9035,694
9036,694
9037,694
9038,694
9039,694
9040,693
9041,693
9042,692
9043,691
9044,690
9045,689
9046,688
9047,687
9048,687
9049,686
9050,685
9051,684
9052,684
9053,683
9054,682
9055,682
9056,681
9057,681
9058,681
9059,682
9060,682
9061,683
9062,684
9063,684
9064,685
9065,686
9066,687
9067,687
9068,688
9069,689
9070,690
9071,691
9072,691
9073,692
9074,692
9075,693
9076,694
9077,694
9078,695
9079,695
9080,696
9081,696
9082,697
9083,697
9084,697
9085,698
9086,698
9087,699
9088,699
9089,700
9090,700
9091,702
9092,703
9093,705
9094,707
9095,709
9096,710
9097,712
9098,714
9099,716
9100,718
9101,719
9102,721
9103,723
9104,724
9105,725
9106,727
9107,728
9108,729
9109,731
9110,732
9111,733
9112,734
9113,735
9114,736
9115,737
9116,737
9117,738
9118,739
9119,740
9120,741
9121,741
9122,742
9123,743
9124,743
9125,744
9126,744
9127,745
9128,745
9129,746
9130,746
9131,747
9132,747
9133,748
9134,748
9135,748
9136,749
9137,749
9138,749
9139,750
9140,750
9141,751
9142,751
9143,751
9144,752
9145,752
9146,752
9147,753
9148,753
9149,753
9150,754
9151,754
9152,754
9153,755
9154,755
9155,755
9156,756
9157,755
9158,755
9159,755
9160,755
9161,754
9162,754
9163,753
9164,753
9165,752
9166,751
9167,751
9168,750
9169,749
9170,749
9171,748
9172,748
9173,747
9174,746
9175,746
9176,745
9177,745
9178,744
9179,743
9180,743
9181,742
9182,742
9183,742
9184,741
9185,741
9186,740
9187,739
9188,739
9189,739
9190,738
9191,737
9192,735
9193,733
9194,732
9195,730
9196,729
9197,727
9198,725
9199,723
9200,722
9201,721
9202,719
9203,718
9204,717
9205,716
9206,714
9207,713
9208,712
9209,711
9210,710
9211,709
9212,708
9213,707
9214,706
9215,705
9216,704
9217,703
9218,702
9219,702
9220,701
9221,701
9222,700
9223,700
9224,700
9225,700
9226,700
9227,700
9228,701
9229,701
9230,701
9231,702
9232,702
9233,703
9234,703
9235,703
9236,703
9237,704
9238,704
9239,705
9240,705
9241,706
9242,706
9243,706
9244,707
9245,707
9246,707
9247,707
9248,708
9249,708
9250,708
9251,709
9252,709
9253,709
9254,709
9255,709
9256,710
9257,710
9258,710
9259,710
9260,710
9261,711
9262,710
9263,711
9264,711
9265,711
9266,711
9267,711
9268,711
9269,711
9270,711
9271,711
9272,712
9273,712
9274,713
9275,713
9276,714
9277,715
9278,716
9279,717
9280,718
9281,718
9282,719
9283,720
9284,721
9285,722
9286,722
9287,723
9288,724
9289,725
9290,725
9291,726
9292,727
9293,727
9294,728
9295,728
9296,729
9297,729
9298,730
9299,731
9300,731
9301,731
9302,731
9303,732
9304,732
9305,733
9306,733
9307,734
9308,734
9309,734
9310,734
9311,735
9312,735
9313,735
9314,736
9315,736
9316,737
9317,737
9318,737
9319,737
9320,738
9321,738
9322,738
9323,738
9324,739
9325,739
9326,739
9327,739
9328,739
9329,739
9330,740
9331,740
9332,740
9333,740
9334,740
9335,740
9336,741
9337,741
9338,741
9339,741
9340,741
9341,741
9342,741
9343,741
9344,741
9345,741
9346,742
9347,742
9348,742
9349,742
9350,742
9351,742
9352,742
9353,742
9354,742
9355,742
9356,742
9357,742
9358,743
9359,743
9360,743
9361,744
9362,744
9363,745
9364,745
9365,745
9366,746
9367,746
9368,746
9369,747
9370,747
9371,747
9372,748
9373,748
9374,749
9375,749
9376,750
9377,750
9378,751
9379,752
9380,753
9381,753
9382,754
9383,754
9384,755
9385,755
9386,756
9387,757
9388,757
9389,757
9390,758
9391,758
9392,758
9393,758
9394,759
9395,760
9396,760
9397,760
9398,760
9399,761
9400,761
9401,761
9402,761
9403,761
9404,761
9405,762
9406,762
9407,762
9408,762
9409,762
9410,762
9411,762
9412,763
9413,763
9414,763
9415,763
9416,763
9417,763
9418,763
9419,763
9420,764
9421,764
9422,764
9423,764
9424,764
9425,764
9426,764
9427,764
9428,764
9429,764
9430,765
9431,764
9432,764
9433,764
9434,764
9435,764
9436,765
9437,765
9438,765
9439,765
9440,764
9441,764
9442,763
9443,763
9444,763
9445,762
9446,762
9447,761
9448,760
9449,760
9450,759
9451,758
9452,757
9453,757
9454,756
9455,754
9456,751
9457,747
9458,742
9459,737
9460,733
9461,728
9462,723
9463,719
9464,715
9465,710
9466,706
9467,703
9468,699
9469,696
9470,693
9471,690
9472,688
9473,685
9474,683
9475,681
9476,679
9477,677
9478,675
9479,673
9480,672
9481,670
9482,669
9483,668
9484,667
9485,665
9486,664
9487,664
9488,663
9489,661
9490,661
9491,660
9492,660
9493,659
9494,658
9495,658
9496,657
9497,657
9498,656
9499,656
9500,655
9501,655
9502,655
9503,654
9504,654
9505,654
9506,654
9507,653
9508,653
9509,652
9510,652
9511,652
9512,652
9513,652
9514,651
9515,651
9516,651
9517,651
9518,650
9519,650
9520,650
9521,650
9522,650
9523,651
9524,651
9525,652
9526,653
9527,654
9528,656
9529,657
9530,659
9531,660
9532,661
9533,663
9534,664
9535,666
9536,667
9537,668
9538,669
9539,671
9540,672
9541,673
9542,674
9543,675
9544,676
9545,677
9546,678
9547,678
9548,679
9549,680
9550,680
9551,681
9552,682
9553,682
9554,683
9555,683
9556,684
9557,685
9558,686
9559,687
9560,688
9561,688
9562,690
9563,690
9564,691
9565,692
9566,693
9567,694
9568,695
9569,695
9570,696
9571,697
9572,697
9573,698
9574,698
9575,699
9576,700
9577,700
9578,701
9579,701
9580,702
9581,702
9582,703
9583,703
9584,703
9585,703
9586,704
9587,704
9588,705
9589,705
9590,705
9591,706
9592,706
9593,706
9594,707
9595,707
9596,707
9597,707
9598,708
9599,708
9600,708
9601,709
9602,709
9603,710
9604,710
9605,710
9606,710
9607,710
9608,710
9609,711
9610,711
9611,711
9612,711
9613,711
9614,712
9615,712
9616,712
9617,712
9618,712
9619,713
9620,712
9621,713
9622,713
9623,713
9624,713
9625,713
9626,713
9627,713
9628,713
9629,713
9630,714
9631,714
9632,714
9633,714
9634,714
9635,714
9636,714
9637,714
9638,714
9639,714
9640,715
9641,716
9642,716
9643,717
9644,718
9645,719
9646,720
9647,720
9648,721
9649,722
9650,723
9651,723
9652,724
9653,724
9654,725
9655,726
9656,727
9657,727
9658,728
9659,728
9660,729
9661,730
9662,730
9663,730
9664,730
9665,731
9666,732
9667,732
9668,732
9669,733
9670,733
9671,733
9672,734
9673,734
9674,734
9675,734
9676,735
9677,735
9678,735
9679,735
9680,735
9681,736
9682,736
9683,736
9684,736
9685,736
9686,737
9687,737
9688,737
9689,737
9690,737
9691,737
9692,737
9693,737
9694,736
9695,736
9696,736
9697,736
9698,736
9699,736
9700,735
9701,735
9702,735
9703,735
9704,734
9705,734
9706,734
9707,734
9708,734
9709,733
9710,734
9711,733
9712,733
9713,733
9714,733
9715,733
9716,733
9717,732
9718,732
9719,732
9720,732
9721,732
9722,731
9723,730
9724,728
9725,727
9726,724
9727,723
9728,720
9729,718
9730,716
9731,714
9732,712
9733,710
9734,708
9735,706
9736,704
9737,703
9738,701
9739,700
9740,698
9741,697
9742,696
9743,694
9744,693
9745,692
9746,691
9747,690
9748,689
9749,688
9750,687
9751,686
9752,686
9753,685
9754,684
9755,684
9756,683
9757,682
9758,682
9759,681
9760,681
9761,681
9762,680
9763,679
9764,679
9765,679
9766,679
9767,678
9768,678
9769,677
9770,677
9771,677
9772,677
9773,677
9774,677
9775,677
9776,677
9777,678
9778,678
9779,678
9780,679
9781,679
9782,679
9783,679
9784,680
9785,680
9786,680
9787,681
9788,681
9789,681
9790,681
9791,681
9792,682
9793,682
9794,682
9795,682
9796,682
9797,683
9798,683
9799,683
9800,683
9801,683
9802,683
9803,683
9804,683
9805,683
9806,684
9807,683
9808,684
9809,684
9810,683
9811,684
9812,684
9813,684
9814,684
9815,684
9816,684
9817,684
9818,684
9819,684
9820,684
9821,684
9822,685
9823,686
9824,687
9825,688
9826,690
9827,692
9828,693
9829,696
9830,697
9831,699
9832,701
9833,703
9834,704
9835,706
9836,707
9837,709
9838,710
9839,712
9840,714
9841,715
9842,717
9843,719
9844,720
9845,722
9846,724
9847,725
9848,726
9849,728
9850,729
9851,730
9852,731
9853,733
9854,734
9855,735
9856,735
9857,736
9858,737
9859,738
9860,739
9861,739
9862,741
9863,741
9864,742
9865,742
9866,743
9867,743
9868,744
9869,744
9870,745
9871,746
9872,746
9873,746
9874,746
9875,747
9876,747
9877,747
9878,747
9879,748
9880,748
9881,748
9882,748
9883,748
9884,748
9885,748
9886,748
9887,749
9888,749
9889,749
9890,749
9891,749
9892,749
9893,748
9894,749
9895,749
9896,749
9897,749
9898,749
9899,749
9900,749
9901,750
9902,749
9903,750
9904,750
9905,750
9906,750
9907,750
9908,750
9909,750
9910,750
9911,750
9912,750
9913,750
9914,750
9915,750
9916,750
9917,751
9918,751
9919,751
9920,751
9921,751
9922,751
9923,751
9924,751
9925,751
9926,751
9927,751
9928,751
9929,751
9930,751
9931,751
9932,751
9933,751
9934,751
9935,751
9936,751
9937,751
9938,751
9939,751
9940,751
9941,751
9942,751
9943,751
9944,751
9945,751
9946,751
9947,751
9948,751
9949,750
9950,750
9951,750
9952,750
9953,750
9954,750
9955,750
9956,750
9957,750
9958,750
9959,750
9960,750
9961,750
9962,750
9963,750
9964,750
9965,751
9966,751
9967,751
9968,751
9969,751
9970,752
9971,752
9972,752
9973,752
9974,752
9975,753
9976,752
9977,752
9978,753
9979,753
9980,753
9981,753
9982,753
9983,753
9984,753
9985,754
9986,754
9987,754
9988,754
9989,754
9990,755
9991,754
9992,754
9993,754
9994,754
9995,754
9996,755
9997,755
9998,755
9999,755
10000,754
10001,755
10002,755
10003,755
10004,755
10005,755
10006,755
10007,755
10008,755
10009,755
10010,755
10011,755
10012,755
10013,755
10014,755
10015,755
10016,754
10017,754
10018,753
10019,753
10020,753
10021,753
10022,753
10023,753
10024,752
10025,751
10026,752
10027,752
10028,752
10029,751
10030,751
10031,751
10032,751
10033,751
10034,751
10035,750
10036,750
10037,750
10038,750
10039,750
10040,750
10041,749
10042,749
10043,749
10044,749
10045,748
10046,746
10047,744
10048,742
10049,740
10050,737
10051,735
10052,732
10053,729
10054,727
10055,725
10056,723
10057,720
10058,718
10059,716
10060,714
10061,712
10062,710
10063,708
10064,707
10065,705
10066,704
10067,702
10068,700
10069,699
10070,698
10071,697
10072,696
10073,695
10074,694
10075,693
10076,692
10077,691
10078,690
10079,690
10080,691
10081,691
10082,692
10083,692
10084,693
10085,693
10086,695
10087,695
10088,696
10089,697
10090,697
10091,698
10092,699
10093,699
10094,700
10095,701
10096,701
10097,702
10098,702
10099,703
10100,703
10101,704
10102,704
10103,705
10104,705
10105,706
10106,706
10107,706
10108,707
10109,707
10110,707
10111,708
10112,708
10113,709
10114,710
10115,710
10116,711
10117,711
10118,712
10119,713
10120,713
10121,714
10122,715
10123,715
10124,716
10125,716
10126,717
10127,717
10128,718
10129,718
10130,719
10131,719
10132,719
10133,719
10134,720
10135,720
10136,721
10137,721
10138,722
10139,722
10140,722
10141,722
10142,723
10143,723
10144,723
10145,723
10146,722
10147,721
10148,721
10149,719
10150,719
10151,718
10152,717
10153,716
10154,715
10155,715
10156,713
10157,713
10158,712
10159,711
10160,710
10161,709
10162,709
10163,708
10164,707
10165,707
10166,706
10167,706
10168,705
10169,704
10170,704
10171,703
10172,703
10173,703
10174,702
10175,702
10176,701
10177,701
10178,701
10179,700
10180,700
10181,700
10182,700
10183,699
10184,699
10185,699
10186,698
10187,698
10188,698
10189,698
10190,698
10191,697
10192,697
10193,697
10194,697
10195,696
10196,695
10197,694
10198,693
10199,692
10200,691
10201,690
10202,689
10203,688
10204,687
10205,686
10206,685
10207,684
10208,684
10209,683
10210,682
10211,681
10212,680
10213,680
10214,679
10215,679
10216,678
10217,678
10218,677
10219,677
10220,676
10221,676
10222,675
10223,675
10224,675
10225,674
10226,674
10227,674
10228,674
10229,675
10230,675
10231,676
10232,677
10233,678
10234,680
10235,680
10236,682
10237,683
10238,684
10239,685
10240,686
10241,687
10242,688
10243,689
10244,689
10245,691
10246,691
10247,692
10248,693
10249,694
10250,694
10251,695
10252,696
10253,697
10254,697
10255,698
10256,698
10257,699
10258,699
10259,699
10260,700
10261,701
10262,702
10263,703
10264,704
10265,705
10266,706
10267,708
10268,709
10269,710
10270,712
10271,713
10272,714
10273,715
10274,716
10275,717
10276,718
10277,719
10278,720
10279,721
10280,722
10281,722
10282,723
10283,723
10284,724
10285,725
10286,725
10287,726
10288,726
10289,726
10290,727
10291,727
10292,727
10293,728
10294,728
10295,729
10296,729
10297,730
10298,730
10299,730
10300,730
10301,730
10302,731
10303,731
10304,731
10305,731
10306,731
10307,731
10308,732
10309,732
10310,732
10311,732
10312,732
10313,733
10314,733
10315,733
10316,733
10317,733
10318,733
10319,733
10320,733
10321,734
10322,734
10323,734
10324,734
10325,734
10326,734
10327,734
10328,734
10329,734
10330,734
10331,734
10332,734
10333,733
10334,733
10335,733
10336,732
10337,732
10338,732
10339,731
10340,731
10341,731
10342,731
10343,731
10344,731
10345,730
10346,730
10347,730
10348,730
10349,730
10350,729
10351,729
10352,729
10353,729
10354,729
10355,728
10356,728
10357,728
10358,728
10359,728
10360,728
10361,728
10362,728
10363,728
10364,729
10365,729
10366,729
10367,730
10368,731
10369,731
10370,731
10371,731
10372,732
10373,732
10374,733
10375,733
10376,733
10377,734
10378,734
10379,735
10380,735
10381,735
10382,735
10383,735
10384,736
10385,736
10386,737
10387,737
10388,737
10389,737
10390,737
10391,738
10392,738
10393,738
10394,738
10395,739
10396,739
10397,739
10398,740
10399,740
10400,741
10401,741
10402,741
10403,742
10404,742
10405,743
10406,743
10407,743
10408,743
10409,744
10410,744
10411,744
10412,744
10413,744
10414,744
10415,744
10416,744
10417,743
10418,743
10419,743
10420,742
10421,742
10422,741
10423,742
10424,741
10425,741
10426,740
10427,740
10428,740
10429,739
10430,739
10431,739
10432,739
10433,738
10434,738
10435,738
10436,738
10437,737
10438,737
10439,737
10440,737
10441,736
10442,736
10443,736
10444,736
10445,735
10446,735
10447,734
10448,733
10449,732
10450,731
10451,730
10452,728
10453,727
10454,726
10455,725
10456,724
10457,723
10458,722
10459,722
10460,721
10461,720
10462,719
10463,719
10464,718
10465,717
10466,716
10467,716
10468,715
10469,715
10470,714
10471,713
10472,712
10473,712
10474,712
10475,711
10476,711
10477,710
10478,710
10479,711
10480,711
10481,711
10482,712
10483,712
10484,713
10485,714
10486,714
10487,715
10488,716
10489,716
10490,717
10491,718
10492,718
10493,719
10494,719
10495,720
10496,720
10497,721
10498,721
10499,721
10500,722
10501,722
10502,723
10503,723
10504,723
10505,724
10506,724
10507,724
10508,725
10509,725
10510,726
10511,726
10512,727
10513,728
10514,729
10515,730
10516,732
10517,733
10518,734
10519,735
10520,736
10521,737
10522,739
10523,740
10524,740
10525,741
10526,742
10527,743
10528,744
10529,745
10530,745
10531,746
10532,747
10533,747
10534,748
10535,748
10536,749
10537,749
10538,750
10539,750
10540,751
10541,751
10542,751
10543,752
10544,752
10545,753
10546,753
10547,753
10548,753
10549,753
10550,754
10551,754
10552,754
10553,754
10554,755
10555,755
10556,755
10557,755
10558,755
10559,756
10560,756
10561,756
10562,756
10563,756
10564,756
10565,756
10566,756
10567,756
10568,757
10569,757
10570,757
10571,757
10572,757
10573,757
10574,757
10575,757
10576,757
10577,758
10578,757
10579,757
10580,757
10581,756
10582,756
10583,755
10584,755
10585,755
10586,754
10587,753
10588,753
10589,752
10590,751
10591,751
10592,750
10593,749
10594,749
10595,749
10596,748
10597,747
10598,746
10599,746
10600,746
10601,745
10602,744
10603,744
10604,743
10605,743
10606,743
10607,742
10608,741
10609,741
10610,741
10611,740
10612,740
10613,740
10614,739
10615,739
10616,739
10617,739
10618,738
10619,738
10620,738
10621,737
10622,737
10623,737
10624,737
10625,736
10626,736
10627,736
10628,735
10629,735
10630,734
10631,732
10632,731
10633,731
10634,729
10635,728
10636,727
10637,726
10638,725
10639,724
10640,723
10641,721
10642,721
10643,720
10644,719
10645,718
10646,717
10647,716
10648,715
10649,715
10650,714
10651,713
10652,713
10653,712
10654,712
10655,711
10656,710
10657,710
10658,709
10659,709
10660,708
10661,708
10662,707
10663,707
10664,706
10665,706
10666,706
10667,705
10668,704
10669,704
10670,703
10671,703
10672,702
10673,702
10674,702
10675,701
10676,701
10677,701
10678,700
10679,700
10680,700
10681,699
10682,699
10683,699
10684,699
10685,698
10686,698
10687,698
10688,698
10689,697
10690,697
10691,697
10692,697
10693,697
10694,697
10695,696
10696,696
10697,696
10698,696
10699,696
10700,696
10701,696
10702,696
10703,696
10704,695
10705,695
10706,695
10707,695
10708,695
10709,695
10710,695
10711,693
10712,691
10713,690
10714,687
10715,684
10716,682
10717,679
10718,677
10719,675
10720,673
10721,671
10722,669
10723,667
10724,665
10725,664
10726,663
10727,661
10728,660
10729,659
10730,658
10731,657
10732,656
10733,655
10734,654
10735,654
10736,653
10737,652
10738,652
10739,651
10740,650
10741,650
10742,649
10743,649
10744,649
10745,648
10746,649
10747,649
10748,650
10749,651
10750,652
10751,653
10752,654
10753,655
10754,656
10755,657
10756,659
10757,659
10758,660
10759,661
10760,662
10761,664
10762,665
10763,665
10764,666
10765,666
10766,667
10767,668
10768,669
10769,669
10770,670
10771,670
10772,671
10773,671
10774,672
10775,672
10776,673
10777,674
10778,675
10779,676
10780,678
10781,681
10782,683
10783,686
10784,688
10785,691
10786,693
10787,696
10788,698
10789,700
10790,703
10791,704
10792,707
10793,709
10794,711
10795,712
10796,714
10797,716
10798,717
10799,719
10800,720
10801,722
10802,723
10803,724
10804,725
10805,726
10806,727
10807,728
10808,729
10809,731
10810,732
10811,732
10812,733
10813,734
10814,735
10815,736
10816,737
10817,738
10818,739
10819,740
10820,741
10821,742
10822,742
10823,743
10824,744
10825,745
10826,745
10827,746
10828,746
10829,747
10830,747
10831,748
10832,748
10833,749
10834,749
10835,749
10836,750
10837,750
10838,751
10839,751
10840,751
10841,751
10842,752
10843,752
10844,753
10845,753
10846,752
10847,752
10848,752
10849,752
10850,752
10851,752
10852,752
10853,752
10854,752
10855,751
10856,752
10857,752
10858,751
10859,751
10860,751
10861,751
10862,751
10863,751
10864,750
10865,750
10866,750
10867,750
10868,750
10869,750
10870,749
10871,749
10872,749
10873,749
10874,749
10875,749
10876,749
10877,749
10878,748
10879,747
10880,747
10881,746
10882,745
10883,744
10884,743
10885,742
10886,741
10887,739
10888,739
10889,738
10890,737
10891,735
10892,735
10893,734
10894,733
10895,732
10896,731
10897,730
10898,729
10899,729
10900,728
10901,727
10902,726
10903,726
10904,725
10905,725
10906,724
10907,723
10908,723
10909,722
10910,722
10911,721
10912,721
10913,721
10914,720
10915,720
10916,720
10917,720
10918,719
10919,719
10920,719
10921,719
10922,719
10923,719
10924,719
10925,718
10926,718
10927,718
10928,718
10929,718
10930,718
10931,718
10932,718
10933,717
10934,718
10935,717
10936,718
10937,717
10938,717
10939,717
10940,717
10941,717
10942,717
10943,717
10944,717
10945,717
10946,717
10947,718
10948,718
10949,718
10950,718
10951,718
10952,719
10953,719
10954,720
10955,720
10956,720
10957,720
10958,720
10959,721
10960,721
10961,721
10962,721
10963,722
10964,722
10965,722
10966,722
10967,723
10968,723
10969,723
10970,723
10971,723
10972,723
10973,723
10974,723
10975,724
10976,724
10977,724
10978,724
10979,723
10980,724
10981,723
10982,723
10983,723
10984,723
10985,723
10986,723
10987,723
10988,722
10989,722
10990,722
10991,722
10992,722
10993,722
10994,722
10995,721
10996,721
10997,721
10998,721
10999,721
11000,721
11001,721
11002,721
11003,721
11004,720
11005,720
11006,720
11007,720
11008,720
11009,720
11010,720
11011,720
11012,720
11013,720
11014,720
11015,719
11016,719
11017,719
11018,719
11019,719
11020,719
11021,719
11022,719
11023,719
11024,719
11025,719
11026,719
11027,719
11028,719
11029,719
11030,719
11031,719
11032,718
11033,718
11034,719
11035,718
11036,719
11037,718
11038,718
11039,718
11040,718
11041,718
11042,718
11043,718
11044,719
11045,720
11046,721
11047,722
11048,723
11049,725
11050,727
11051,728
11052,730
11053,731
11054,733
11055,734
11056,735
11057,736
11058,738
11059,739
11060,740
11061,740
11062,741
11063,742
11064,743
11065,744
11066,745
11067,745
11068,746
11069,747
11070,747
11071,748
11072,748
11073,749
11074,749
11075,750
11076,750
11077,751
11078,751
11079,751
11080,752
11081,752
11082,752
11083,752
11084,753
11085,753
11086,753
11087,754
11088,754
11089,754
11090,754
11091,754
11092,755
11093,755
11094,755
11095,756
11096,756
11097,756
11098,756
11099,756
11100,756
11101,757
11102,757
11103,757
11104,757
11105,757
11106,758
11107,758
11108,758
11109,758
11110,758
11111,758
11112,758
11113,758
11114,758
11115,758
11116,758
11117,758
11118,758
11119,757
11120,757
11121,757
11122,757
11123,756
11124,756
11125,755
11126,755
11127,755
11128,755
11129,755
11130,755
11131,754
11132,754
11133,754
11134,753
11135,753
11136,753
11137,752
11138,752
11139,752
11140,752
11141,752
11142,751
11143,751
11144,750
11145,749
11146,747
11147,745
11148,743
11149,741
11150,738
11151,735
11152,733
11153,730
11154,728
11155,725
11156,723
11157,721
11158,719
11159,717
11160,714
11161,713
11162,711
11163,709
11164,707
11165,705
11166,704
11167,702
11168,701
11169,699
11170,698
11171,697
11172,696
11173,695
11174,694
11175,693
11176,692
11177,691
11178,689
11179,688
11180,687
11181,686
11182,685
11183,684
11184,683
11185,682
11186,681
11187,680
11188,679
11189,678
11190,677
11191,676
11192,675
11193,675
11194,674
11195,673
11196,673
11197,672
11198,671
11199,671
11200,670
11201,670
11202,669
11203,669
11204,669
11205,668
11206,668
11207,667
11208,667
11209,667
11210,666
11211,667
11212,667
11213,668
11214,668
11215,669
11216,669
11217,670
11218,671
11219,671
11220,672
11221,673
11222,673
11223,674
11224,675
11225,676
11226,676
11227,677
11228,678
11229,678
11230,678
11231,679
11232,679
11233,680
11234,680
11235,680
11236,681
11237,681
11238,681
11239,682
11240,682
11241,682
11242,682
11243,683
11244,683
11245,683
11246,684
11247,684
11248,684
11249,684
11250,684
11251,685
11252,685
11253,685
11254,685
11255,685
11256,685
11257,685
11258,685
11259,685
11260,686
11261,686
11262,686
11263,686
11264,686
11265,686
11266,686
11267,686
11268,686
11269,686
11270,687
11271,687
11272,687
11273,687
11274,687
11275,687
11276,687
11277,687
11278,687
11279,687
11280,687
11281,687
11282,687
11283,687
11284,687
11285,687
11286,687
11287,687
11288,687
11289,687
11290,687
11291,687
11292,688
11293,687
11294,688
11295,688
11296,688
11297,687
11298,687
11299,687
11300,687
11301,687
11302,687
11303,687
11304,687
11305,687
11306,686
11307,686
11308,686
11309,686
11310,686
11311,686
11312,686
11313,686
11314,686
11315,686
11316,686
11317,685
11318,685
11319,685
11320,685
11321,685
11322,685
11323,685
11324,685
11325,685
11326,685
11327,685
11328,685
11329,685
11330,685
11331,685
11332,685
11333,685
11334,685
11335,685
11336,685
11337,686
11338,687
11339,687
11340,689
11341,690
11342,691
11343,693
11344,694
11345,695
11346,696
11347,697
11348,698
11349,699
11350,700
11351,701
11352,702
11353,703
11354,703
11355,704
11356,705
11357,706
11358,707
11359,707
11360,708
11361,709
11362,709
11363,710
11364,710
11365,711
11366,711
11367,712
11368,712
11369,713
11370,714
11371,715
11372,717
11373,717
11374,719
11375,720
11376,721
11377,722
11378,723
11379,725
11380,725
11381,727
11382,728
11383,728
11384,729
11385,730
11386,731
11387,732
11388,733
11389,733
11390,734
11391,735
11392,735
11393,736
11394,736
11395,737
11396,738
11397,738
11398,738
11399,739
11400,739
11401,740
11402,740
11403,741
11404,741
11405,741
11406,741
11407,741
11408,741
11409,741
11410,741
11411,741
11412,741
11413,741
11414,741
11415,741
11416,741
11417,741
11418,741
11419,741
11420,741
11421,741
11422,741
11423,741
11424,741
11425,741
11426,741
11427,741
11428,741
11429,741
11430,741
11431,741
11432,741
11433,741
11434,741
11435,741
11436,741
11437,741
11438,741
11439,741
11440,741
11441,741
11442,741
11443,741
11444,741
11445,741
11446,741
11447,741
11448,741
11449,741
11450,741
11451,741
11452,741
11453,741
11454,741
11455,741
11456,741
11457,741
11458,741
11459,741
11460,741
11461,741
11462,741
11463,741
11464,741
11465,742
11466,741
11467,741
11468,741
11469,741
11470,740
11471,739
11472,738
11473,737
11474,736
11475,735
11476,734
11477,733
11478,732
11479,731
11480,729
11481,728
11482,727
11483,726
11484,726
11485,724
11486,723
11487,723
11488,722
11489,722
11490,721
11491,721
11492,720
11493,720
11494,719
11495,719
11496,719
11497,718
11498,718
11499,718
11500,718
11501,717
11502,717
11503,717
11504,717
11505,716
11506,716
11507,716
11508,716
11509,716
11510,715
11511,715
11512,715
11513,715
11514,715
11515,715
11516,715
11517,715
11518,715
11519,715
11520,716
11521,717
11522,718
11523,718
11524,720
11525,721
11526,722
11527,723
11528,724
11529,725
11530,726
11531,727
11532,728
11533,729
11534,730
11535,731
11536,731
11537,732
11538,733
11539,733
11540,734
11541,735
11542,735
11543,736
11544,737
11545,737
11546,737
11547,738
11548,739
11549,739
11550,740
11551,740
11552,741
11553,741
11554,741
11555,742
11556,742
11557,743
11558,744
11559,744
11560,744
11561,745
11562,745
11563,746
11564,746
11565,746
11566,747
11567,747
11568,748
11569,748
11570,748
11571,748
11572,749
11573,749
11574,749
11575,750
11576,750
11577,750
11578,750
11579,750
11580,751
11581,751
11582,751
11583,751
11584,751
11585,752
11586,752
11587,751
11588,751
11589,751
11590,751
11591,750
11592,750
11593,750
11594,750
11595,749
11596,749
11597,748
11598,748
11599,748
11600,747
11601,747
11602,747
11603,747
11604,746
11605,746
11606,745
11607,745
11608,745
11609,745
11610,745
11611,744
11612,744
11613,744
11614,743
11615,743
11616,743
11617,743
11618,742
11619,742
11620,742
11621,742
11622,741
11623,741
11624,741
11625,740
11626,740
11627,740
11628,739
11629,739
11630,739
11631,739
11632,738
11633,738
11634,738
11635,738
11636,737
11637,737
11638,737
11639,736
11640,736
11641,736
11642,736
11643,735
11644,735
11645,735
11646,735
11647,735
11648,735
11649,735
11650,735
11651,734
11652,734
11653,735
11654,735
11655,735
11656,736
11657,736
11658,736
11659,737
11660,737
11661,738
11662,738
11663,738
11664,739
11665,740
11666,740
11667,740
11668,741
11669,741
11670,741
11671,742
11672,742
11673,742
11674,743
11675,743
11676,743
11677,744
11678,744
11679,744
11680,745
11681,745
11682,745
11683,745
11684,745
11685,745
11686,746
11687,746
11688,746
11689,746
11690,746
11691,747
11692,747
11693,747
11694,747
11695,747
11696,747
11697,747
11698,747
11699,747
11700,747
11701,748
11702,748
11703,748
11704,748
11705,748
11706,748
11707,748
11708,748
11709,748
11710,748
11711,749
11712,749
11713,748
11714,748
11715,748
11716,749
11717,749
11718,749
11719,749
11720,749
11721,749
11722,749
11723,749
11724,749
11725,749
11726,749
11727,750
11728,749
11729,749
11730,749
11731,749
11732,750
11733,749
11734,749
11735,749
11736,749
11737,750
11738,750
11739,749
11740,750
11741,750
11742,749
11743,750
11744,750
11745,750
11746,750
11747,750
11748,750
11749,750
11750,750
11751,750
11752,750
11753,749
11754,749
11755,748
11756,747
11757,747
11758,746
11759,745
11760,744
11761,743
11762,742
11763,742
11764,741
11765,740
11766,739
11767,738
11768,738
11769,737
11770,736
11771,735
11772,734
11773,733
11774,731
11775,731
11776,730
11777,729
11778,728
11779,727
11780,726
11781,725
11782,724
11783,724
11784,723
11785,722
11786,722
11787,722
11788,722
11789,722
11790,722
11791,722
11792,722
11793,723
11794,723
11795,723
11796,723
11797,724
11798,724
11799,724
11800,725
11801,725
11802,725
11803,725
11804,725
11805,725
11806,726
11807,727
11808,726
11809,727
11810,727
11811,727
11812,727
11813,727
11814,728
11815,728
11816,728
11817,728
11818,728
11819,729
11820,728
11821,728
11822,728
11823,729
11824,729
11825,729
11826,729
11827,729
11828,729
11829,729
11830,729
11831,729
11832,729
11833,729
11834,729
11835,729
11836,729
11837,729
11838,729
11839,730
11840,729
11841,729
11842,729
11843,729
11844,730
11845,729
11846,729
11847,729
11848,729
11849,729
11850,729
11851,729
11852,729
11853,728
11854,726
11855,725
11856,723
11857,721
11858,719
11859,717
11860,715
11861,713
11862,711
11863,709
11864,708
11865,706
11866,704
11867,703
11868,701
11869,700
11870,698
11871,697
11872,696
11873,695
11874,694
11875,693
11876,692
11877,691
11878,690
11879,689
11880,688
11881,688
11882,687
11883,686
11884,686
11885,685
11886,683
11887,681
11888,679
11889,677
11890,675
11891,673
11892,671
11893,670
11894,668
11895,666
11896,665
11897,663
11898,662
11899,661
11900,660
11901,659
11902,658
11903,657
11904,656
11905,655
11906,654
11907,653
11908,653
11909,652
11910,652
11911,651
11912,651
11913,650
11914,650
11915,649
11916,649
11917,648
11918,648
11919,648
11920,649
11921,649
11922,650
11923,651
11924,652
11925,653
11926,654
11927,656
11928,657
11929,658
11930,659
11931,660
11932,661
11933,662
11934,663
11935,665
11936,666
11937,667
11938,667
11939,668
11940,669
11941,670
11942,671
11943,671
11944,672
11945,672
11946,673
11947,673
11948,674
11949,675
11950,675
11951,675
11952,676
11953,676
11954,677
11955,677
11956,677
11957,678
11958,678
11959,678
11960,679
11961,679
11962,679
11963,679
11964,680
11965,680
11966,680
11967,680
11968,680
11969,681
11970,681
11971,681
11972,681
11973,681
11974,682
11975,682
11976,683
11977,685
11978,687
11979,688
11980,690
11981,691
11982,693
11983,695
11984,696
11985,698
11986,700
11987,701
11988,703
11989,704
11990,705
11991,707
11992,708
11993,710
11994,711
11995,712
11996,713
11997,714
11998,715
11999,716
12000,717
12001,718
12002,719
12003,719
12004,720
12005,721
12006,722
12007,722
12008,723
12009,724
12010,724
12011,725
12012,725
12013,726
12014,726
12015,727
12016,727
12017,728
12018,728
12019,728
12020,729
12021,729
12022,729
12023,730
12024,730
12025,730
12026,731
12027,731
12028,731
12029,732
12030,732
12031,732
12032,732
12033,733
12034,733
12035,733
12036,733
12037,733
12038,733
12039,734
12040,734
12041,734
12042,735
12043,735
12044,735
12045,735
12046,736
12047,735
12048,736
12049,736
12050,737
12051,737
12052,738
12053,738
12054,738
12055,738
12056,739
12057,739
12058,739
12059,740
12060,740
12061,740
12062,740
12063,741
12064,741
12065,741
12066,741
12067,741
12068,741
12069,742
12070,742
12071,742
12072,742
12073,742
12074,742
12075,742
12076,743
12077,742
12078,743
12079,743
12080,743
12081,743
12082,743
12083,743
12084,743
12085,743
12086,743
12087,743
12088,743
12089,744
12090,744
12091,744
12092,744
12093,744
12094,744
12095,744
12096,744
12097,744
12098,744
12099,744
12100,744
12101,744
12102,744
12103,744
12104,744
12105,744
12106,744
12107,744
12108,744
12109,744
12110,745
12111,745
12112,745
12113,746
12114,746
12115,746
12116,747
12117,747
12118,747
12119,748
12120,748
12121,748
12122,749
12123,749
12124,749
12125,749
12126,750
12127,750
12128,750
12129,750
12130,751
12131,751
12132,751
12133,751
12134,751
12135,752
12136,752
12137,752
12138,752
12139,752
12140,752
12141,752
12142,753
12143,753
12144,753
12145,753
12146,754
12147,753
12148,754
12149,754
12150,754
12151,754
12152,754
12153,754
12154,754
12155,754
12156,755
12157,755
12158,755
12159,755
12160,754
12161,754
12162,753
12163,753
12164,752
12165,751
12166,751
12167,750
12168,749
12169,749
12170,748
12171,747
12172,747
12173,746
12174,746
12175,745
12176,744
12177,743
12178,743
12179,742
12180,742
12181,741
12182,740
12183,740
12184,739
12185,739
12186,738
12187,738
12188,737
12189,737
12190,737
12191,736
12192,734
12193,733
12194,731
12195,729
12196,727
12197,725
12198,722
12199,720
12200,719
12201,716
12202,714
12203,712
12204,710
12205,709
12206,708
12207,706
12208,704
12209,703
12210,702
12211,700
12212,699
12213,698
12214,697
12215,696
12216,695
12217,694
12218,693
12219,692
12220,691
12221,690
12222,690
12223,689
12224,689
12225,688
12226,688
12227,689
12228,689
12229,690
12230,690
12231,691
12232,692
12233,692
12234,693
12235,694
12236,694
12237,695
12238,695
12239,696
12240,697
12241,697
12242,698
12243,698
12244,699
12245,699
12246,700
12247,700
12248,701
12249,701
12250,701
12251,702
12252,702
12253,702
12254,703
12255,703
12256,703
12257,704
12258,704
12259,704
12260,704
12261,704
12262,705
12263,705
12264,705
12265,705
12266,705
12267,705
12268,706
12269,705
12270,705
12271,706
12272,706
12273,706
12274,706
12275,707
12276,709
12277,710
12278,711
12279,713
12280,715
12281,716
12282,718
12283,720
12284,721
12285,723
12286,724
12287,725
12288,727
12289,728
12290,729
12291,731
12292,732
12293,733
12294,734
12295,735
12296,737
12297,738
12298,739
12299,740
12300,741
12301,742
12302,743
12303,743
12304,744
12305,744
12306,746
12307,746
12308,747
12309,747
12310,748
12311,748
12312,749
12313,749
12314,750
12315,750
12316,751
12317,751
12318,752
12319,752
12320,752
12321,752
12322,753
12323,753
12324,754
12325,754
12326,754
12327,754
12328,755
12329,755
12330,755
12331,755
12332,756
12333,756
12334,756
12335,756
12336,756
12337,756
12338,757
12339,757
12340,757
12341,757
12342,757
12343,758
12344,758
12345,758
12346,758
12347,758
12348,758
12349,758
12350,759
12351,759
12352,759
12353,759
12354,759
12355,759
12356,759
12357,759
12358,759
12359,759
12360,759
12361,759
12362,758
12363,758
12364,758
12365,758
12366,758
12367,757
12368,757
12369,757
12370,757
12371,757
12372,756
12373,756
12374,756
12375,755
12376,755
12377,755
12378,754
12379,754
12380,754
12381,754
12382,754
12383,753
12384,753
12385,753
12386,752
12387,753
12388,752
12389,752
12390,752
12391,752
12392,751
12393,751
12394,750
12395,750
12396,749
12397,748
12398,748
12399,747
12400,747
12401,746
12402,745
12403,745
12404,744
12405,744
12406,743
12407,742
12408,742
12409,741
12410,741
12411,740
12412,740
12413,739
12414,739
12415,738
12416,738
12417,737
12418,737
12419,737
12420,737
12421,736
12422,736
12423,736
12424,735
12425,735
12426,734
12427,734
12428,733
12429,733
12430,732
12431,731
12432,731
12433,730
12434,730
12435,730
12436,729
12437,728
12438,728
12439,727
12440,727
12441,726
12442,724
12443,723
12444,721
12445,719
12446,716
12447,714
12448,712
12449,710
12450,708
12451,706
12452,704
12453,702
12454,701
12455,699
12456,698
12457,696
12458,695
12459,694
12460,692
12461,691
12462,690
12463,689
12464,687
12465,687
12466,686
12467,685
12468,684
12469,683
12470,683
12471,682
12472,681
12473,681
12474,680
12475,679
12476,677
12477,675
12478,674
12479,672
12480,670
12481,668
12482,667
12483,666
12484,664
12485,663
12486,662
12487,660
12488,659
12489,658
12490,657
12491,657
12492,656
12493,655
12494,654
12495,654
12496,653
12497,652
12498,651
12499,651
12500,651
12501,650
12502,650
12503,650
12504,649
12505,648
12506,648
12507,648
12508,648
12509,648
12510,648
12511,647
12512,648
12513,648
12514,648
12515,648
12516,648
12517,648
12518,648
12519,649
12520,649
12521,649
12522,649
12523,649
12524,649
12525,649
12526,650
12527,650
12528,650
12529,649
12530,649
12531,650
12532,650
12533,650
12534,650
12535,650
12536,650
12537,650
12538,650
12539,650
12540,650
12541,651
12542,652
12543,653
12544,655
12545,657
12546,659
12547,663
12548,665
12549,667
12550,670
12551,673
12552,675
12553,678
12554,680
12555,683
12556,685
12557,687
12558,689
12559,691
12560,694
12561,696
12562,697
12563,699
12564,701
12565,702
12566,704
12567,706
12568,707
12569,708
12570,709
12571,711
12572,712
12573,713
12574,714
12575,716
12576,717
12577,719
12578,720
12579,722
12580,724
12581,724
12582,727
12583,728
12584,730
12585,731
12586,732
12587,733
12588,735
12589,736
12590,737
12591,738
12592,739
12593,740
12594,740
12595,741
12596,742
12597,743
12598,743
12599,744
12600,745
12601,746
12602,746
12603,746
12604,747
12605,747
12606,748
12607,748
12608,749
12609,749
12610,749
12611,750
12612,750
12613,750
12614,749
12615,750
12616,750
12617,750
12618,751
12619,750
12620,750
12621,751
12622,750
12623,751
12624,750
12625,751
12626,751
12627,751
12628,751
12629,751
12630,751
12631,751
12632,751
12633,751
12634,751
12635,751
12636,751
12637,751
12638,750
12639,751
12640,751
12641,751
12642,751
12643,751
12644,751
12645,751
12646,751
12647,751
12648,751
12649,751
12650,751
12651,751
12652,751
12653,751
12654,751
12655,751
12656,751
12657,751
12658,751
12659,751
12660,751
12661,750
12662,750
12663,750
12664,749
12665,749
12666,748
12667,748
12668,748
12669,747
12670,747
12671,746
12672,746
12673,745
12674,745
12675,745
12676,745
12677,744
12678,744
12679,744
12680,744
12681,743
12682,743
12683,743
12684,743
12685,743
12686,743
12687,743
12688,742
12689,742
12690,742
12691,742
12692,742
12693,742
12694,742
12695,742
12696,742
12697,741
12698,742
12699,741
12700,742
12701,741
12702,741
12703,741
12704,741
12705,741
12706,741
12707,742
12708,741
12709,741
12710,741
12711,741
12712,741
12713,741
12714,741
12715,741
12716,741
12717,741
12718,741
12719,741
12720,741
12721,741
12722,741
12723,741
12724,741
12725,740
12726,741
12727,740
12728,740
12729,740
12730,740
12731,740
12732,740
12733,740
12734,740
12735,740
12736,740
12737,740
12738,740
12739,740
12740,740
12741,740
12742,740
12743,739
12744,739
12745,738
12746,737
12747,736
12748,736
12749,735
12750,734
12751,733
12752,733
12753,732
12754,732
12755,731
12756,730
12757,730
12758,729
12759,728
12760,728
12761,727
12762,727
12763,726
12764,725
12765,725
12766,725
12767,724
12768,723
12769,723
12770,723
12771,722
12772,722
12773,722
12774,721
12775,721
12776,721
12777,721
12778,720
12779,720
12780,720
12781,720
12782,720
12783,719
12784,719
12785,719
12786,719
12787,719
12788,719
12789,718
12790,718
12791,718
12792,718
12793,718
12794,718
12795,718
12796,718
12797,718
12798,718
12799,717
12800,717
12801,718
12802,717
12803,717
12804,717
12805,717
12806,717
12807,717
12808,718
12809,718
12810,719
12811,720
12812,721
12813,722
12814,724
12815,725
12816,726
12817,727
12818,728
12819,729
12820,730
12821,731
12822,732
12823,733
12824,734
12825,735
12826,736
12827,736
12828,737
12829,738
12830,739
12831,739
12832,740
12833,741
12834,741
12835,742
12836,742
12837,743
12838,743
12839,744
12840,744
12841,745
12842,745
12843,746
12844,747
12845,747
12846,748
12847,748
12848,749
12849,750
12850,750
12851,751
12852,751
12853,752
12854,752
12855,753
12856,753
12857,754
12858,754
12859,754
12860,755
12861,755
12862,755
12863,755
12864,756
12865,756
12866,756
12867,757
12868,757
12869,757
12870,757
12871,758
12872,758
12873,758
12874,758
12875,758
12876,758
12877,758
12878,758
12879,758
12880,758
12881,757
12882,757
12883,757
12884,757
12885,756
12886,757
12887,756
12888,756
12889,755
12890,755
12891,755
12892,755
12893,755
12894,754
12895,754
12896,754
12897,754
12898,753
12899,753
12900,753
12901,753
12902,753
12903,753
12904,752
12905,752
12906,752
12907,751
12908,751
12909,750
12910,749
12911,748
12912,746
12913,745
12914,743
12915,741
12916,740
12917,738
12918,737
12919,735
12920,733
12921,732
12922,731
12923,729
12924,728
12925,726
12926,725
12927,724
12928,722
12929,722
12930,721
12931,719
12932,718
12933,717
12934,717
12935,716
12936,715
12937,714
12938,713
12939,713
12940,712
12941,711
12942,711
12943,710
12944,709
12945,709
12946,708
12947,708
12948,707
12949,707
12950,707
12951,706
12952,705
12953,705
12954,705
12955,704
12956,704
12957,704
12958,703
12959,703
12960,703
12961,702
12962,702
12963,702
12964,701
12965,701
12966,701
12967,701
12968,701
12969,701
12970,702
12971,702
12972,703
12973,703
12974,704
12975,704
12976,705
12977,705
12978,705
12979,706
12980,706
12981,707
12982,707
12983,708
12984,708
12985,708
12986,708
12987,709
12988,709
12989,709
12990,710
12991,710
12992,710
12993,710
12994,710
12995,711
12996,711
12997,711
12998,711
12999,711
13000,712
13001,712
13002,712
13003,712
13004,712
13005,713
13006,712
13007,713
13008,713
13009,713
13010,713
13011,713
13012,713
13013,713
13014,713
13015,713
13016,713
13017,713
13018,714
13019,713
13020,713
13021,713
13022,713
13023,713
13024,713
13025,713
13026,712
13027,712
13028,711
13029,711
13030,710
13031,709
13032,709
13033,708
13034,708
13035,707
13036,707
13037,706
13038,706
13039,706
13040,705
13041,705
13042,704
13043,704
13044,703
13045,703
13046,703
13047,703
13048,702
13049,702
13050,702
13051,702
13052,701
13053,701
13054,701
13055,701
13056,700
13057,699
13058,698
13059,697
13060,696
13061,695
13062,694
13063,693
13064,691
13065,690
13066,689
13067,688
13068,687
13069,686
13070,686
13071,685
13072,684
13073,683
13074,682
13075,682
13076,681
13077,681
13078,680
13079,679
13080,679
13081,678
13082,678
13083,677
13084,677
13085,676
13086,676
13087,676
13088,675
13089,675
13090,675
13091,674
13092,674
13093,674
13094,674
13095,673
13096,673
13097,673
13098,674
13099,674
13100,675
13101,676
13102,676
13103,677
13104,678
13105,679
13106,680
13107,680
13108,681
13109,682
13110,683
13111,683
13112,684
13113,684
13114,685
13115,686
13116,686
13117,686
13118,687
13119,687
13120,688
13121,688
13122,689
13123,689
13124,689
13125,690
13126,690
13127,691
13128,691
13129,691
13130,691
13131,692
13132,692
13133,692
13134,693
13135,694
13136,696
13137,697
13138,698
13139,699
13140,701
13141,702
13142,703
13143,705
13144,706
13145,707
13146,708
13147,709
13148,710
13149,711
13150,712
13151,713
13152,714
13153,715
13154,715
13155,716
13156,717
13157,717
13158,718
13159,719
13160,719
13161,720
13162,720
13163,721
13164,721
13165,721
13166,722
13167,722
13168,723
13169,723
13170,723
13171,724
13172,724
13173,724
13174,725
13175,725
13176,725
13177,725
13178,726
13179,726
13180,726
13181,726
13182,727
13183,727
13184,726
13185,726
13186,726
13187,725
13188,725
13189,725
13190,724
13191,723
13192,723
13193,722
13194,722
13195,721
13196,721
13197,720
13198,720
13199,720
13200,719
13201,719
13202,718
13203,718
13204,717
13205,717
13206,717
13207,716
13208,716
13209,716
13210,715
13211,715
13212,715
13213,715
13214,714
13215,714
13216,714
13217,714
13218,715
13219,715
13220,715
13221,716
13222,716
13223,717
13224,717
13225,718
13226,718
13227,719
13228,719
13229,720
13230,720
13231,721
13232,721
13233,722
13234,722
13235,722
13236,722
13237,723
13238,724
13239,724
13240,724
13241,725
13242,725
13243,725
13244,725
13245,726
13246,726
13247,726
13248,727
13249,727
13250,728
13251,728
13252,730
13253,731
13254,732
13255,733
13256,734
13257,735
13258,736
13259,737
13260,738
13261,739
13262,740
13263,740
13264,742
13265,742
13266,743
13267,744
13268,745
13269,745
13270,745
13271,746
13272,747
13273,747
13274,748
13275,748
13276,749
13277,749
13278,749
13279,750
13280,750
13281,750
13282,751
13283,751
13284,751
13285,751
13286,752
13287,752
13288,752
13289,752
13290,753
13291,753
13292,753
13293,753
13294,753
13295,754
13296,753
13297,754
13298,754
13299,754
13300,754
13301,754
13302,755
13303,755
13304,755
13305,755
13306,755
13307,755
13308,755
13309,755
13310,756
13311,756
13312,756
13313,756
13314,756
13315,756
13316,756
13317,756
13318,756
13319,756
13320,756
13321,756
13322,756
13323,757
13324,757
13325,757
13326,757
13327,757
13328,757
13329,757
13330,757
13331,757
13332,757
13333,757
13334,757
13335,757
13336,757
13337,757
13338,757
13339,757
13340,757
13341,757
13342,758
13343,757
13344,757
13345,758
13346,757
13347,757
13348,757
13349,758
13350,757
13351,757
13352,757
13353,756
13354,756
13355,755
13356,755
13357,755
13358,754
13359,754
13360,753
13361,752
13362,752
13363,751
13364,751
13365,751
13366,750
13367,749
13368,749
13369,748
13370,747
13371,747
13372,747
13373,746
13374,746
13375,745
13376,745
13377,744
13378,744
13379,743
13380,743
13381,743
13382,742
13383,742
13384,741
13385,740
13386,739
13387,738
13388,737
13389,736
13390,735
13391,735
13392,734
13393,733
13394,732
13395,731
13396,730
13397,730
13398,729
13399,728
13400,727
13401,726
13402,726
13403,725
13404,724
13405,724
13406,723
13407,722
13408,722
13409,721
13410,721
13411,720
13412,720
13413,720
13414,719
13415,719
13416,718
13417,719
13418,719
13419,719
13420,719
13421,719
13422,719
13423,719
13424,719
13425,720
13426,720
13427,720
13428,721
13429,721
13430,721
13431,721
13432,722
13433,722
13434,722
13435,723
13436,723
13437,723
13438,724
13439,724
13440,724
13441,724
13442,725
13443,725
13444,725
13445,726
13446,726
13447,726
13448,726
13449,727
13450,727
13451,727
13452,727
13453,727
13454,728
13455,728
13456,728
13457,728
13458,728
13459,728
13460,728
13461,728
13462,729
13463,729
13464,729
13465,729
13466,729
13467,729
13468,729
13469,728
13470,728
13471,727
13472,727
13473,726
13474,726
13475,725
13476,725
13477,724
13478,724
13479,724
13480,723
13481,723
13482,723
13483,722
13484,722
13485,721
13486,721
13487,720
13488,720
13489,720
13490,720
13491,719
13492,719
13493,719
13494,718
13495,718
13496,718
13497,718
13498,718
13499,718
13500,717
13501,717
13502,717
13503,717
13504,717
13505,717
13506,717
13507,717
13508,717
13509,717
13510,717
13511,717
13512,717
13513,717
13514,717
13515,717
13516,717
13517,718
13518,718
13519,717
13520,717
13521,717
13522,718
13523,718
13524,717
13525,717
13526,718
13527,717
13528,717
13529,718
13530,718
13531,718
13532,718
13533,718
13534,719
13535,719
13536,720
13537,721
13538,722
13539,722
13540,723
13541,724
13542,725
13543,726
13544,726
13545,727
13546,728
13547,729
13548,730
13549,730
13550,731
13551,731
13552,732
13553,732
13554,733
13555,733
13556,734
13557,735
13558,735
13559,735
13560,736
13561,736
13562,737
13563,737
13564,737
13565,738
13566,738
13567,738
13568,738
13569,738
13570,739
13571,739
13572,739
13573,739
13574,740
13575,739
13576,740
13577,740
13578,740
13579,740
13580,740
13581,740
13582,740
13583,741
13584,741
13585,741
13586,741
13587,741
13588,741
13589,741
13590,741
13591,741
13592,741
13593,742
13594,742
13595,742
13596,742
13597,742
13598,742
13599,742
13600,742
13601,742
13602,742
13603,742
13604,742
13605,742
13606,742
13607,742
13608,742
13609,743
13610,742
13611,742
13612,742
13613,742
13614,743
13615,743
13616,743
13617,743
13618,743
13619,743
13620,743
13621,743
13622,743
13623,743
13624,743
13625,743
13626,743
13627,743
13628,743
13629,743
13630,743
13631,743
13632,743
13633,743
13634,743
13635,743
13636,743
13637,743
13638,743
13639,742
13640,741
13641,740
13642,738
13643,736
13644,734
13645,732
13646,730
13647,728
13648,726
13649,725
13650,723
13651,721
13652,719
13653,717
13654,715
13655,713
13656,710
13657,707
13658,703
13659,699
13660,696
13661,692
13662,689
13663,686
13664,683
13665,680
13666,678
13667,675
13668,673
13669,671
13670,669
13671,667
13672,666
13673,664
13674,663
13675,661
13676,660
13677,659
13678,658
13679,657
13680,656
13681,655
13682,654
13683,653
13684,653
13685,651
13686,651
13687,651
13688,650
13689,650
13690,650
13691,649
13692,650
13693,650
13694,650
13695,650
13696,650
13697,650
13698,651
13699,651
13700,651
13701,651
13702,652
13703,652
13704,652
13705,652
13706,652
13707,652
13708,652
13709,653
13710,653
13711,653
13712,653
13713,653
13714,653
13715,653
13716,653
13717,653
13718,653
13719,653
13720,653
13721,654
13722,654
13723,654
13724,653
13725,654
13726,653
13727,654
13728,653
13729,653
13730,654
13731,653
13732,653
13733,653
13734,653
13735,653
13736,653
13737,654
13738,653
13739,654
13740,655
13741,656
13742,658
13743,660
13744,662
13745,664
13746,665
13747,667
13748,669
13749,671
13750,673
13751,674
13752,675
13753,678
13754,679
13755,681
13756,682
13757,684
13758,686
13759,688
13760,689
13761,691
13762,693
13763,695
13764,696
13765,698
13766,699
13767,701
13768,702
13769,703
13770,705
13771,705
13772,707
13773,708
13774,709
13775,710
13776,711
13777,712
13778,713
13779,714
13780,714
13781,715
13782,716
13783,716
13784,717
13785,718
13786,719
13787,719
13788,720
13789,720
13790,721
13791,722
13792,722
13793,723
13794,724
13795,724
13796,725
13797,726
13798,727
13799,727
13800,728
13801,729
13802,729
13803,730
13804,730
13805,731
13806,731
13807,732
13808,732
13809,732
13810,733
13811,733
13812,733
13813,734
13814,734
13815,735
13816,735
13817,735
13818,736
13819,736
13820,736
13821,736
13822,737
13823,737
13824,738
13825,739
13826,739
13827,740
13828,741
13829,741
13830,742
13831,742
13832,742
13833,744
13834,744
13835,744
13836,745
13837,746
13838,746
13839,746
13840,747
13841,747
13842,747
13843,748
13844,748
13845,748
13846,748
13847,749
13848,749
13849,749
13850,750
13851,750
13852,750
13853,750
13854,750
13855,750
13856,751
13857,751
13858,751
13859,751
13860,751
13861,752
13862,752
13863,752
13864,752
13865,752
13866,752
13867,752
13868,753
13869,753
13870,753
13871,753
13872,753
13873,753
13874,754
13875,753
13876,754
13877,753
13878,754
13879,753
13880,754
13881,755
13882,754
13883,754
13884,754
13885,754
13886,754
13887,755
13888,755
13889,755
13890,755
13891,755
13892,755
13893,755
13894,755
13895,755
13896,755
13897,755
13898,755
13899,755
13900,755
13901,755
13902,755
13903,756
13904,755
13905,756
13906,755
13907,755
13908,755
13909,755
13910,754
13911,754
13912,754
13913,754
13914,753
13915,753
13916,753
13917,752
13918,752
13919,751
13920,751
13921,750
13922,749
13923,747
13924,745
13925,743
13926,741
13927,738
13928,736
13929,733
13930,731
13931,728
13932,726
13933,723
13934,721
13935,719
13936,716
13937,714
13938,712
13939,710
13940,708
13941,706
13942,704
13943,703
13944,702
13945,700
13946,698
13947,697
13948,696
13949,695
13950,694
13951,692
13952,691
13953,690
13954,689
13955,689
13956,688
13957,687
13958,686
13959,686
13960,685
13961,684
13962,684
13963,683
13964,682
13965,682
13966,681
13967,681
13968,681
13969,680
13970,680
13971,680
13972,679
13973,679
13974,679
13975,679
13976,679
13977,680
13978,679
13979,680
13980,680
13981,680
13982,680
13983,681
13984,681
13985,681
13986,681
13987,681
13988,681
13989,681
13990,681
13991,682
13992,682
13993,682
13994,682
13995,682
13996,682
13997,682
13998,683
13999,682
14000,682
14001,683
14002,683
14003,683
14004,683
14005,683
14006,684
14007,686
14008,687
14009,688
14010,690
14011,692
14012,693
14013,695
14014,697
14015,698
14016,700
14017,701
14018,703
14019,704
14020,706
14021,707
14022,708
14023,710
14024,711
14025,712
14026,713
14027,714
14028,715
14029,715
14030,716
14031,717
14032,718
14033,719
14034,720
14035,720
14036,721
14037,722
14038,722
14039,723
14040,724
14041,725
14042,726
14043,727
14044,727
14045,728
14046,729
14047,730
14048,730
14049,731
14050,732
14051,732
14052,733
14053,734
14054,734
14055,735
14056,735
14057,736
14058,736
14059,737
14060,737
14061,738
14062,738
14063,738
14064,739
14065,739
14066,739
14067,740
14068,740
14069,740
14070,741
14071,741
14072,741
14073,741
14074,741
14075,741
14076,741
14077,741
14078,741
14079,741
14080,741
14081,741
14082,741
14083,741
14084,741
14085,740
14086,740
14087,740
14088,740
14089,740
14090,740
14091,740
14092,739
14093,740
14094,740
14095,740
14096,740
14097,739
14098,739
14099,739
14100,739
14101,739
14102,739
14103,739
14104,739
14105,739
14106,738
14107,738
14108,739
14109,738
14110,738
14111,738
14112,738
14113,738
14114,737
14115,737
14116,737
14117,737
14118,737
14119,737
14120,737
14121,736
14122,736
14123,736
14124,736
14125,736
14126,736
14127,736
14128,736
14129,736
14130,736
14131,736
14132,735
14133,735
14134,735
14135,735
14136,735
14137,735
14138,735
14139,735
14140,735
14141,735
14142,735
14143,735
14144,735
14145,735
14146,735
14147,735
14148,734
14149,734
14150,734
14151,734
14152,734
14153,734
14154,734
14155,734
14156,735
14157,734
14158,734
14159,734
14160,734
14161,734
14162,734
14163,734
14164,734
14165,734
14166,734
14167,734
14168,734
14169,734
14170,734
14171,734
14172,734
14173,733
14174,732
14175,731
14176,730
14177,729
14178,727
14179,726
14180,725
14181,724
14182,723
14183,721
14184,720
14185,719
14186,718
14187,717
14188,716
14189,716
14190,715
14191,714
14192,713
14193,712
14194,711
14195,710
14196,710
14197,709
14198,708
14199,708
14200,707
14201,707
14202,706
14203,705
14204,705
14205,703
14206,701
14207,698
14208,695
14209,692
14210,689
14211,686
14212,683
14213,680
14214,678
14215,675
14216,673
14217,671
14218,669
14219,667
14220,666
14221,664
14222,663
14223,661
14224,660
14225,659
14226,658
14227,657
14228,655
14229,655
14230,654
14231,653
14232,652
14233,652
14234,651
14235,651
14236,650
14237,650
14238,649
14239,649
14240,648
14241,648
14242,648
14243,647
14244,647
14245,647
14246,647
14247,647
14248,647
14249,646
14250,646
14251,646
14252,646
14253,646
14254,646
14255,646
14256,646
14257,646
14258,645
14259,645
14260,645
14261,645
14262,645
14263,645
14264,645
14265,645
14266,644
14267,645
14268,645
14269,645
14270,645
14271,645
14272,645
14273,646
14274,647
14275,649
14276,650
14277,652
14278,655
14279,657
14280,659
14281,661
14282,664
14283,666
14284,668
14285,670
14286,672
14287,674
14288,676
14289,678
14290,680
14291,682
14292,683
14293,685
14294,686
14295,688
14296,689
14297,691
14298,692
14299,693
14300,695
14301,695
14302,696
14303,698
14304,699
14305,700
14306,701
14307,703
14308,704
14309,706
14310,708
14311,710
14312,711
14313,713
14314,715
14315,716
14316,718
14317,719
14318,720
14319,722
14320,723
14321,724
14322,726
14323,727
14324,728
14325,729
14326,730
14327,731
14328,732
14329,733
14330,734
14331,735
14332,735
14333,736
14334,737
14335,737
14336,738
14337,739
14338,740
14339,740
14340,741
14341,741
14342,742
14343,743
14344,743
14345,744
14346,744
14347,745
14348,745
14349,746
14350,746
14351,746
14352,747
14353,747
14354,748
14355,748
14356,748
14357,749
14358,749
14359,750
14360,750
14361,750
14362,751
14363,751
14364,751
14365,752
14366,752
14367,752
14368,752
14369,753
14370,753
14371,753
14372,753
14373,753
14374,754
14375,754
14376,754
14377,754
14378,753
14379,754
14380,754
14381,754
14382,754
14383,754
14384,754
14385,754
14386,754
14387,754
14388,754
14389,753
14390,753
14391,753
14392,753
14393,753
14394,752
14395,752
14396,752
14397,752
14398,751
14399,751
14400,751
14401,751
14402,751
14403,751
14404,751
14405,750
14406,750
14407,750
14408,750
14409,750
14410,749
14411,749
14412,749
14413,749
14414,749
14415,749
14416,749
14417,749
14418,748
14419,748
14420,748
14421,748
14422,748
14423,748
14424,748
14425,748
14426,748
14427,748
14428,748
14429,748
14430,748
14431,747
14432,748
14433,748
14434,747
14435,748
14436,748
14437,748
14438,748
14439,748
14440,748
14441,748
14442,749
14443,749
14444,750
14445,750
14446,750
14447,751
14448,751
14449,752
14450,752
14451,752
14452,753
14453,753
14454,754
14455,754
14456,754
14457,755
14458,755
14459,755
14460,756
14461,756
14462,756
14463,756
14464,757
14465,757
14466,757
14467,757
14468,757
14469,758
14470,758
14471,758
14472,758
14473,758
14474,758
14475,759
14476,759
14477,759
14478,760
14479,760
14480,760
14481,760
14482,760
14483,761
14484,761
14485,761
14486,761
14487,761
14488,762
14489,762
14490,762
14491,762
14492,762
14493,762
14494,762
14495,763
14496,763
14497,763
14498,763
14499,763
14500,764
14501,764
14502,764
14503,764
14504,764
14505,764
14506,764
14507,764
14508,763
14509,763
14510,762
14511,762
14512,762
14513,761
14514,761
14515,760
14516,759
14517,759
14518,759
14519,758
14520,758
14521,757
14522,757
14523,757
14524,756
14525,755
14526,755
14527,755
14528,754
14529,754
14530,754
14531,753
14532,753
14533,753
14534,752
14535,752
14536,752
14537,751
14538,751
14539,751
14540,750
14541,750
14542,749
14543,748
14544,748
14545,747
14546,746
14547,746
14548,745
14549,745
14550,744
14551,743
14552,743
14553,742
14554,741
14555,741
14556,740
14557,740
14558,740
14559,739
14560,739
14561,738
14562,738
14563,738
14564,737
14565,737
14566,737
14567,736
14568,736
14569,736
14570,735
14571,735
14572,735
14573,736
14574,736
14575,736
14576,737
14577,738
14578,738
14579,739
14580,740
14581,741
14582,741
14583,742
14584,743
14585,743
14586,744
14587,745
14588,745
14589,746
14590,747
14591,748
14592,749
14593,749
14594,751
14595,751
14596,752
14597,753
14598,754
14599,755
14600,755
14601,756
14602,757
14603,758
14604,758
14605,759
14606,759
14607,760
14608,760
14609,761
14610,762
14611,762
14612,762
14613,763
14614,763
14615,764
14616,764
14617,764
14618,765
14619,765
14620,765
14621,766
14622,766
14623,766
14624,766
14625,765
14626,765
14627,765
14628,764
14629,764
14630,763
14631,763
14632,762
14633,761
14634,761
14635,761
14636,760
14637,760
14638,759
14639,759
14640,758
14641,758
14642,757
14643,757
14644,756
14645,756
14646,756
14647,755
14648,754
14649,754
14650,754
14651,754
14652,753
14653,753
14654,753
14655,752
14656,751
14657,750
14658,748
14659,747
14660,745
14661,743
14662,741
14663,740
14664,738
14665,736
14666,734
14667,733
14668,732
14669,730
14670,729
14671,727
14672,726
14673,725
14674,723
14675,722
14676,721
14677,720
14678,719
14679,718
14680,717
14681,716
14682,716
14683,715
14684,714
14685,713
14686,713
14687,712
14688,711
14689,711
14690,711
14691,711
14692,711
14693,711
14694,712
14695,712
14696,712
14697,713
14698,713
14699,713
14700,714
14701,714
14702,714
14703,714
14704,715
14705,715
14706,715
14707,716
14708,716
14709,716
14710,716
14711,717
14712,717
14713,717
14714,717
14715,717
14716,718
14717,718
14718,718
14719,718
14720,718
14721,719
14722,719
14723,719
14724,719
14725,719
14726,719
14727,719
14728,719
14729,719
14730,719
14731,720
14732,720
14733,720
14734,719
14735,720
14736,720
14737,720
14738,720
14739,720
14740,720
14741,720
14742,720
14743,720
14744,720
14745,720
14746,720
14747,721
14748,720
14749,721
14750,722
14751,723
14752,724
14753,725
14754,726
14755,727
14756,728
14757,729
14758,730
14759,731
14760,732
14761,733
14762,733
14763,735
14764,735
14765,735
14766,735
14767,736
14768,737
14769,737
14770,737
14771,737
14772,737
14773,737
14774,738
14775,738
14776,738
14777,738
14778,738
14779,738
14780,738
14781,738
14782,738
14783,738
14784,738
14785,738
14786,738
14787,738
14788,738
14789,738
14790,738
14791,738
14792,738
14793,738
14794,738
14795,738
14796,738
14797,738
14798,737
14799,737
14800,736
14801,734
14802,733
14803,732
14804,730
14805,729
14806,728
14807,726
14808,725
14809,724
14810,723
14811,722
14812,721
14813,719
14814,719
14815,718
14816,717
14817,716
14818,715
14819,714
14820,713
14821,713
14822,712
14823,711
14824,711
14825,710
14826,709
14827,709
14828,708
14829,708
14830,708
14831,707
14832,707
14833,707
14834,706
14835,706
14836,707
14837,706
14838,706
14839,706
14840,706
14841,706
14842,706
14843,706
14844,706
14845,706
14846,706
14847,706
14848,706
14849,706
14850,706
14851,706
14852,706
14853,706
14854,706
14855,706
14856,706
14857,706
14858,706
14859,705
14860,706
14861,705
14862,706
14863,706
14864,706
14865,706
14866,707
14867,707
14868,708
14869,709
14870,710
14871,711
14872,712
14873,712
14874,713
14875,714
14876,714
14877,715
14878,716
14879,717
14880,717
14881,718
14882,718
14883,719
14884,720
14885,720
14886,721
14887,721
14888,722
14889,722
14890,722
14891,723
14892,723
14893,723
14894,724
14895,724
14896,725
14897,725
14898,725
14899,725
14900,725
14901,725
14902,725
14903,725
14904,725
14905,724
14906,724
14907,724
14908,724
14909,723
14910,724
14911,724
14912,723
14913,723
14914,723
14915,723
14916,723
14917,723
14918,723
14919,722
14920,722
14921,722
14922,722
14923,722
14924,722
14925,722
14926,721
14927,722
14928,722
14929,722
14930,721
14931,721
14932,721
14933,720
14934,720
14935,719
14936,719
14937,718
14938,717
14939,717
14940,716
14941,715
14942,714
14943,714
14944,714
14945,713
14946,713
14947,712
14948,712
14949,711
14950,711
14951,711
14952,710
14953,710
14954,709
14955,709
14956,709
14957,709
14958,708
14959,708
14960,708
14961,708
14962,707
14963,707
14964,707
14965,708
14966,708
14967,709
14968,711
14969,712
14970,713
14971,714
14972,715
14973,717
14974,717
14975,719
14976,720
14977,721
14978,722
14979,723
14980,724
14981,725
14982,726
14983,727
14984,728
14985,729
14986,729
14987,730
14988,731
14989,732
14990,732
14991,733
14992,733
14993,734
14994,735
14995,735
14996,736
14997,736
14998,736
14999,737
15000,738
15001,738
15002,738
15003,739
15004,739
15005,739
15006,740
15007,740
15008,740
15009,741
15010,741
15011,741
15012,742
15013,742
15014,742
15015,742
15016,742
15017,743
15018,743
15019,743
15020,743
15021,743
15022,744
15023,744
15024,744
15025,744
15026,744
15027,744
15028,745
15029,745
15030,745
15031,746
15032,747
15033,748
15034,749
15035,750
15036,752
15037,753
15038,754
15039,756
15040,757
15041,758
15042,759
15043,760
15044,761
15045,762
15046,763
15047,764
15048,765
15049,765
15050,766
15051,767
15052,767
15053,768
15054,769
15055,769
15056,769
15057,770
15058,770
15059,771
15060,771
15061,772
15062,772
15063,772
15064,772
15065,773
15066,773
15067,773
15068,774
15069,774
15070,774
15071,775
15072,775
15073,775
15074,775
15075,775
15076,776
15077,776
15078,776
15079,776
15080,776
15081,776
15082,776
15083,776
15084,776
15085,776
15086,776
15087,777
15088,776
15089,776
15090,776
15091,776
15092,775
15093,775
15094,775
15095,775
15096,775
15097,775
15098,774
15099,774
15100,774
15101,773
15102,774
15103,773
15104,773
15105,773
15106,773
15107,772
15108,772
15109,772
15110,772
15111,772
15112,772
15113,771
15114,771
15115,770
15116,769
15117,769
15118,768
15119,767
15120,766
15121,765
15122,764
15123,763
15124,762
15125,761
15126,760
15127,759
15128,758
15129,757
15130,756
15131,755
15132,754
15133,753
15134,753
15135,752
15136,751
15137,751
15138,750
15139,749
15140,749
15141,748
15142,747
15143,746
15144,746
15145,745
15146,745
15147,744
15148,744
15149,743
15150,743
15151,743
15152,742
15153,742
15154,741
15155,741
15156,741
15157,740
15158,740
15159,740
15160,739
15161,739
15162,739
15163,739
15164,738
15165,738
15166,738
15167,738
15168,737
15169,737
15170,737
15171,737
15172,737
15173,737
15174,736
15175,736
15176,736
15177,736
15178,736
15179,736
15180,735
15181,735
15182,735
15183,735
15184,735
15185,734
15186,734
15187,734
15188,733
15189,733
15190,733
15191,732
15192,732
15193,732
15194,732
15195,732
15196,731
15197,731
15198,731
15199,730
15200,730
15201,730
15202,730
15203,730
15204,729
15205,729
15206,728
15207,729
15208,729
15209,728
15210,728
15211,728
15212,728
15213,728
15214,728
15215,727
15216,726
15217,725
15218,725
15219,724
15220,723
15221,722
15222,721
15223,720
15224,719
15225,718
15226,718
15227,717
15228,716
15229,715
15230,715
15231,714
15232,713
15233,712
15234,712
15235,712
15236,711
15237,711
15238,710
15239,710
15240,709
15241,709
15242,708
15243,708
15244,707
15245,707
15246,707
15247,707
15248,707
15249,707
15250,707
15251,708
15252,708
15253,709
15254,709
15255,710
15256,710
15257,711
15258,711
15259,712
15260,712
15261,713
15262,713
15263,714
15264,714
15265,714
15266,715
15267,715
15268,715
15269,716
15270,716
15271,716
15272,717
15273,717
15274,717
15275,717
15276,718
15277,718
15278,718
15279,718
15280,718
15281,719
15282,719
15283,719
15284,719
15285,719
15286,720
15287,720
15288,720
15289,720
15290,720
15291,720
15292,720
15293,720
15294,720
15295,720
15296,720
15297,721
15298,721
15299,721
15300,721
15301,721
15302,721
15303,721
15304,721
15305,721
15306,721
15307,721
15308,721
15309,721
15310,721
15311,721
15312,721
15313,721
15314,722
15315,723
15316,724
15317,725
15318,726
15319,728
15320,730
15321,731
15322,733
15323,734
15324,735
15325,737
15326,738
15327,740
15328,741
15329,742
15330,743
15331,745
15332,745
15333,746
15334,748
15335,749
15336,750
15337,750
15338,751
15339,752
15340,753
15341,753
15342,754
15343,755
15344,755
15345,756
15346,757
15347,757
15348,758
15349,758
15350,759
15351,760
15352,760
15353,761
15354,761
15355,762
15356,762
15357,763
15358,763
15359,764
15360,764
15361,765
15362,765
15363,766
15364,766
15365,766
15366,765
15367,765
15368,764
15369,763
15370,763
15371,762
15372,761
15373,760
15374,759
15375,758
15376,757
15377,755
15378,754
15379,754
15380,752
15381,750
15382,746
15383,742
15384,738
15385,733
15386,729
15387,725
15388,721
15389,717
15390,713
15391,709
15392,706
15393,703
15394,700
15395,698
15396,695
15397,692
15398,690
15399,688
15400,686
15401,684
15402,683
15403,681
15404,679
15405,678
15406,677
15407,676
15408,674
15409,673
15410,672
15411,672
15412,671
15413,670
15414,669
15415,668
15416,668
15417,667
15418,666
15419,666
15420,665
15421,665
15422,664
15423,664
15424,663
15425,663
15426,663
15427,662
15428,662
15429,661
15430,661
15431,661
15432,661
15433,661
15434,660
15435,661
15436,661
15437,661
15438,661
15439,661
15440,661
15441,661
15442,661
15443,662
15444,661
15445,661
15446,661
15447,662
15448,662
15449,662
15450,662
15451,662
15452,662
15453,662
15454,662
15455,662
15456,662
15457,661
15458,662
15459,662
15460,662
15461,662
15462,662
15463,662
15464,662
15465,663
15466,664
15467,665
15468,666
15469,668
15470,669
15471,670
15472,672
15473,673
15474,675
15475,676
15476,678
15477,679
15478,680
15479,682
15480,683
15481,684
15482,685
15483,687
15484,688
15485,690
15486,691
15487,693
15488,694
15489,695
15490,697
15491,698
15492,699
15493,700
15494,702
15495,703
15496,703
15497,705
15498,705
15499,706
15500,707
15501,708
15502,709
15503,709
15504,710
15505,711
15506,712
15507,712
15508,713
15509,713
15510,714
15511,714
15512,715
15513,715
15514,716
15515,717
15516,718
15517,719
15518,720
15519,721
15520,721
15521,723
15522,724
15523,725
15524,725
15525,726
15526,727
15527,728
15528,729
15529,730
15530,731
15531,732
15532,732
15533,733
15534,733
15535,734
15536,735
15537,735
15538,736
15539,736
15540,737
15541,737
15542,738
15543,738
15544,739
15545,739
15546,740
15547,740
15548,741
15549,742
15550,743
15551,745
15552,746
15553,747
15554,749
15555,750
15556,751
15557,752
15558,754
15559,755
15560,756
15561,757
15562,758
15563,759
15564,759
15565,760
15566,761
15567,762
15568,763
15569,763
15570,764
15571,764
15572,765
15573,766
15574,766
15575,767
15576,767
15577,768
15578,768
15579,768
15580,769
15581,769
15582,770
15583,770
15584,770
15585,771
15586,771
15587,772
15588,772
15589,772
15590,773
15591,772
15592,773
15593,774
15594,774
15595,774
15596,774
15597,774
15598,775
15599,775
15600,775
15601,775
15602,776
15603,776
15604,776
15605,776
15606,776
15607,776
15608,777
15609,777
15610,777
15611,777
15612,777
15613,777
15614,777
15615,777
15616,778
15617,778
15618,778
15619,777
15620,778
15621,778
15622,778
15623,778
15624,778
15625,778
15626,777
15627,777
15628,777
15629,777
15630,777
15631,777
15632,777
15633,777
15634,777
15635,777
15636,777
15637,777
15638,777
15639,777
15640,777
15641,776
15642,777
15643,776
15644,777
15645,776
15646,776
15647,776
15648,776
15649,776
15650,776
15651,776
15652,776
15653,776
15654,776
15655,776
15656,776
15657,776
15658,776
15659,776
15660,776
15661,776
15662,776
15663,776
15664,775
15665,775
15666,774
15667,773
15668,772
15669,770
15670,769
15671,768
15672,766
15673,764
15674,763
15675,761
15676,760
15677,758
15678,756
15679,755
15680,753
15681,752
15682,751
15683,749
15684,748
15685,747
15686,745
15687,744
15688,743
15689,742
15690,741
15691,740
15692,739
15693,737
15694,737
15695,736
15696,735
15697,734
15698,734
15699,733
15700,732
15701,731
15702,731
15703,730
15704,730
15705,729
15706,729
15707,728
15708,727
15709,727
15710,727
15711,726
15712,725
15713,725
15714,725
15715,724
15716,724
15717,724
15718,724
15719,723
15720,723
15721,723
15722,722
15723,722
15724,721
15725,721
15726,720
15727,720
15728,720
15729,720
15730,719
15731,719
15732,719
15733,718
15734,718
15735,718
15736,717
15737,717
15738,717
15739,717
15740,716
15741,716
15742,716
15743,716
15744,716
15745,716
15746,715
15747,715
15748,715
15749,715
15750,715
15751,715
15752,715
15753,715
15754,716
15755,717
15756,718
15757,719
15758,720
15759,720
15760,722
15761,723
15762,724
15763,725
15764,726
15765,727
15766,728
15767,729
15768,730
15769,731
15770,732
15771,733
15772,733
15773,734
15774,735
15775,736
15776,736
15777,737
15778,738
15779,738
15780,738
15781,739
15782,740
15783,740
15784,741
15785,741
15786,742
15787,742
15788,743
15789,743
15790,744
15791,744
15792,744
15793,745
15794,746
15795,746
15796,746
15797,747
15798,747
15799,747
15800,748
15801,748
15802,749
15803,748
15804,749
15805,749
15806,748
15807,748
15808,748
15809,748
15810,747
15811,747
15812,747
15813,746
15814,746
15815,746
15816,746
15817,745
15818,745
15819,744
15820,744
15821,744
15822,744
15823,743
15824,743
15825,743
15826,742
15827,742
15828,742
15829,742
15830,742
15831,741
15832,741
15833,741
15834,741
15835,741
15836,741
15837,741
15838,740
15839,740
15840,740
15841,740
15842,740
15843,740
15844,740
15845,740
15846,739
15847,739
15848,739
15849,739
15850,739
15851,739
15852,739
15853,739
15854,739
15855,739
15856,739
15857,739
15858,739
15859,739
15860,740
15861,740
15862,740
15863,740
15864,740
15865,740
15866,740
15867,741
15868,741
15869,741
15870,741
15871,741
15872,742
15873,743
15874,743
15875,744
15876,744
15877,745
15878,746
15879,746
15880,747
15881,747
15882,748
15883,748
15884,749
15885,749
15886,749
15887,750
15888,750
15889,750
15890,751
15891,751
15892,752
15893,752
15894,752
15895,753
15896,753
15897,753
15898,753
15899,753
15900,754
15901,754
15902,754
15903,754
15904,754
15905,754
15906,753
15907,753
15908,753
15909,752
15910,752
15911,751
15912,751
15913,750
15914,750
15915,749
15916,749
15917,748
15918,748
15919,748
15920,747
15921,747
15922,747
15923,746
15924,746
15925,745
15926,745
15927,745
15928,744
15929,744
15930,744
15931,744
15932,743
15933,743
15934,743
15935,742
15936,741
15937,739
15938,737
15939,734
15940,731
15941,729
15942,727
15943,724
15944,721
15945,719
15946,716
15947,714
15948,712
15949,710
15950,708
15951,706
15952,704
15953,703
15954,701
15955,700
15956,698
15957,697
15958,696
15959,695
15960,693
15961,692
15962,691
15963,690
15964,689
15965,688
15966,688
15967,687
15968,686
15969,686
15970,685
15971,685
15972,684
15973,683
15974,683
15975,682
15976,682
15977,681
15978,681
15979,681
15980,680
15981,680
15982,679
15983,679
15984,679
15985,679
15986,678
15987,678
15988,677
15989,678
15990,677
15991,677
15992,677
15993,677
15994,676
15995,676
15996,676
15997,676
15998,676
15999,676
16000,675
16001,675
16002,675
16003,676
16004,677
16005,679
16006,680
16007,682
16008,683
16009,685
16010,687
16011,689
16012,691
16013,693
16014,694
16015,696
16016,698
16017,699
16018,701
16019,702
16020,704
16021,705
16022,707
16023,708
16024,709
16025,710
16026,711
16027,713
16028,714
16029,715
16030,716
16031,717
16032,717
16033,718
16034,719
16035,720
16036,720
16037,721
16038,722
16039,722
16040,723
16041,723
16042,724
16043,724
16044,725
16045,725
16046,726
16047,726
16048,727
16049,727
16050,728
16051,728
16052,728
16053,729
16054,729
16055,729
16056,730
16057,730
16058,730
16059,731
16060,731
16061,731
16062,731
16063,731
16064,732
16065,732
16066,732
16067,732
16068,732
16069,733
16070,733
16071,734
16072,735
16073,735
16074,736
16075,737
16076,738
16077,738
16078,739
16079,740
16080,740
16081,741
16082,742
16083,742
16084,743
16085,744
16086,744
16087,745
16088,746
16089,747
16090,747
16091,747
16092,748
16093,748
16094,749
16095,749
16096,749
16097,750
16098,750
16099,750
16100,751
16101,751
16102,751
16103,752
16104,751
16105,751
16106,751
16107,751
16108,750
16109,750
16110,749
16111,749
16112,749
16113,748
16114,748
16115,747
16116,747
16117,747
16118,746
16119,746
16120,746
16121,745
16122,745
16123,744
16124,744
16125,743
16126,743
16127,742
16128,742
16129,742
16130,741
16131,740
16132,741
16133,741
16134,740
16135,739
16136,739
16137,739
16138,739
16139,738
16140,738
16141,738
16142,738
16143,737
16144,737
16145,737
16146,737
16147,736
16148,736
16149,736
16150,736
16151,736
16152,736
16153,736
16154,737
16155,738
16156,738
16157,740
16158,740
16159,742
16160,742
16161,744
16162,744
16163,745
16164,746
16165,747
16166,748
16167,749
16168,750
16169,751
16170,751
16171,752
16172,753
16173,753
16174,754
16175,755
16176,755
16177,756
16178,756
16179,757
16180,757
16181,758
16182,759
16183,759
16184,759
16185,760
16186,760
16187,761
16188,761
16189,762
16190,763
16191,764
16192,764
16193,765
16194,765
16195,766
16196,767
16197,767
16198,768
16199,768
16200,769
16201,769
16202,770
16203,771
16204,771
16205,771
16206,772
16207,772
16208,772
16209,773
16210,773
16211,773
16212,774
16213,774
16214,774
16215,775
16216,775
16217,775
16218,775
16219,776
16220,776
16221,776
16222,776
16223,776
16224,776
16225,776
16226,776
16227,775
16228,775
16229,775
16230,775
16231,775
16232,775
16233,775
16234,775
16235,775
16236,775
16237,775
16238,775
16239,774
16240,774
16241,774
16242,774
16243,774
16244,774
16245,774
16246,774
16247,774
16248,773
16249,774
16250,774
16251,773
16252,773
16253,774
16254,773
16255,773
16256,773
16257,773
16258,773
16259,773
16260,773
16261,773
16262,773
16263,773
16264,773
16265,773
16266,773
16267,773
16268,773
16269,773
16270,773
16271,772
16272,772
16273,772
16274,772
16275,771
16276,771
16277,771
16278,770
16279,770
16280,770
16281,769
16282,769
16283,769
16284,768
16285,768
16286,768
16287,768
16288,767
16289,767
16290,767
16291,766
16292,766
16293,767
16294,766
16295,766
16296,766
16297,766
16298,765
16299,765
16300,765
16301,764
16302,764
16303,764
16304,765
16305,765
16306,765
16307,765
16308,765
16309,766
16310,766
16311,766
16312,766
16313,767
16314,767
16315,767
16316,767
16317,767
16318,768
16319,768
16320,768
16321,768
16322,768
16323,769
16324,769
16325,769
16326,769
16327,769
16328,769
16329,769
16330,769
16331,769
16332,770
16333,770
16334,770
16335,770
16336,769
16337,770
16338,770
16339,770
16340,770
16341,770
16342,770
16343,771
16344,770
16345,770
16346,770
16347,770
16348,771
16349,771
16350,771
16351,771
16352,771
16353,771
16354,771
16355,770
16356,771
16357,771
16358,771
16359,771
16360,771
16361,771
16362,770
16363,769
16364,768
16365,767
16366,766
16367,764
16368,763
16369,762
16370,760
16371,759
16372,758
16373,756
16374,755
16375,754
16376,752
16377,751
16378,750
16379,749
16380,747
16381,746
16382,745
16383,744
16384,743
16385,742
16386,741
16387,740
16388,739
16389,739
16390,738
16391,737
16392,737
16393,736
16394,735
16395,732
16396,730
16397,727
16398,724
16399,721
16400,718
16401,716
16402,713
16403,710
16404,708
16405,705
16406,703
16407,701
16408,699
16409,697
16410,696
16411,694
16412,692
16413,691
16414,689
16415,688
16416,687
16417,686
16418,684
16419,683
16420,682
16421,681
16422,680
16423,680
16424,679
16425,678
16426,678
16427,677
16428,677
16429,677
16430,677
16431,678
16432,679
16433,679
16434,680
16435,681
16436,682
16437,683
16438,684
16439,685
16440,686
16441,686
16442,687
16443,688
16444,688
16445,689
16446,690
16447,690
16448,691
16449,691
16450,692
16451,692
16452,693
16453,693
16454,694
16455,694
16456,695
16457,695
16458,695
16459,696
16460,696
16461,697
16462,698
16463,699
16464,701
16465,703
16466,705
16467,707
16468,709
16469,710
16470,712
16471,714
16472,716
16473,717
16474,719
16475,720
16476,722
16477,723
16478,724
16479,726
16480,727
16481,728
16482,730
16483,731
16484,732
16485,733
16486,734
16487,735
16488,736
16489,737
16490,737
16491,738
16492,739
16493,740
16494,741
16495,741
16496,742
16497,743
16498,743
16499,744
16500,745
16501,745
16502,745
16503,746
16504,746
16505,747
16506,747
16507,748
16508,748
16509,748
16510,749
16511,749
16512,749
16513,749
16514,748
16515,748
16516,748
16517,747
16518,747
16519,746
16520,746
16521,745
16522,744
16523,744
16524,743
16525,743
16526,743
16527,742
16528,742
16529,741
16530,741
16531,740
16532,739
16533,739
16534,739
16535,739
16536,738
16537,738
16538,738
16539,737
16540,737
16541,737
16542,737
16543,736
16544,736
16545,736
16546,736
16547,735
16548,735
16549,735
16550,735
16551,735
16552,735
16553,735
16554,734
16555,734
16556,734
16557,734
16558,734
16559,734
16560,734
16561,733
16562,734
16563,733
16564,733
16565,733
16566,733
16567,733
16568,733
16569,733
16570,733
16571,733
16572,732
16573,732
16574,733
16575,732
16576,732
16577,732
16578,732
16579,732
16580,732
16581,732
16582,732
16583,732
16584,731
16585,732
16586,732
16587,732
16588,732
16589,732
16590,732
16591,732
16592,732
16593,732
16594,732
16595,731
16596,731
16597,731
16598,731
16599,731
16600,731
16601,731
16602,731
16603,731
16604,731
16605,731
16606,731
16607,731
16608,731
16609,731
16610,731
16611,731
16612,730
16613,730
16614,730
16615,730
16616,730
16617,730
16618,730
16619,730
16620,730
16621,730
16622,730
16623,730
16624,730
16625,730
16626,730
16627,730
16628,730
16629,730
16630,730
16631,730
16632,731
16633,731
16634,731
16635,731
16636,731
16637,732
16638,731
16639,732
16640,732
16641,732
16642,732
16643,732
16644,732
16645,732
16646,731
16647,730
16648,729
16649,728
16650,728
16651,726
16652,725
16653,725
16654,723
16655,723
16656,722
16657,721
16658,720
16659,719
16660,719
16661,718
16662,717
16663,716
16664,716
16665,715
16666,715
16667,714
16668,713
16669,713
16670,712
16671,712
16672,711
16673,711
16674,711
16675,710
16676,710
16677,709
16678,708
16679,706
16680,705
16681,704
16682,702
16683,700
16684,699
16685,697
16686,696
16687,694
16688,693
16689,691
16690,690
16691,689
16692,688
16693,687
16694,686
16695,685
16696,684
16697,683
16698,682
16699,681
16700,681
16701,680
16702,680
16703,679
16704,678
16705,678
16706,677
16707,677
16708,676
16709,676
16710,675
16711,675
16712,675
16713,675
16714,674
16715,674
16716,674
16717,674
16718,673
16719,673
16720,672
16721,672
16722,672
16723,672
16724,672
16725,671
16726,671
16727,671
16728,672
16729,673
16730,674
16731,675
16732,677
16733,679
16734,680
16735,682
16736,683
16737,685
16738,687
16739,688
16740,690
16741,691
16742,692
16743,694
16744,696
16745,699
16746,701
16747,704
16748,707
16749,711
16750,714
16751,717
16752,720
16753,723
16754,725
16755,728
16756,730
16757,733
16758,735
16759,737
16760,739
16761,741
16762,743
16763,744
16764,746
16765,748
16766,749
16767,750
16768,752
16769,753
16770,754
16771,755
16772,756
16773,757
16774,758
16775,758
16776,759
16777,761
16778,761
16779,762
16780,762
16781,763
16782,764
16783,764
16784,765
16785,765
16786,766
16787,766
16788,767
16789,767
16790,767
16791,767
16792,768
16793,769
16794,769
16795,769
16796,770
16797,770
16798,771
16799,771
16800,771
16801,771
16802,772
16803,772
16804,772
16805,772
16806,773
16807,773
16808,773
16809,773
16810,774
16811,774
16812,774
16813,774
16814,774
16815,774
16816,775
16817,775
16818,775
16819,775
16820,775
16821,775
16822,775
16823,775
16824,775
16825,775
16826,775
16827,775
16828,775
16829,775
16830,775
16831,775
16832,776
16833,776
16834,776
16835,776
16836,776
16837,776
16838,776
16839,776
16840,776
16841,776
16842,776
16843,776
16844,776
16845,775
16846,775
16847,775
16848,775
16849,774
16850,774
16851,774
16852,773
16853,773
16854,772
16855,772
16856,771
16857,771
16858,770
16859,770
16860,770
16861,769
16862,769
16863,768
16864,768
16865,767
16866,767
16867,766
16868,766
16869,766
16870,765
16871,765
16872,765
16873,764
16874,764
16875,764
16876,763
16877,763
16878,763
16879,762
16880,762
16881,761
16882,761
16883,760
16884,760
16885,759
16886,759
16887,758
16888,758
16889,757
16890,757
16891,757
16892,756
16893,756
16894,755
16895,755
16896,755
16897,754
16898,754
16899,754
16900,753
16901,753
16902,753
16903,753
16904,752
16905,752
16906,752
16907,752
16908,751
16909,751
16910,751
16911,751
16912,751
16913,751
16914,750
16915,750
16916,750
16917,750
16918,749
16919,750
16920,750
16921,749
16922,749
16923,749
16924,749
16925,749
16926,749
16927,749
16928,748
16929,747
16930,747
16931,746
16932,745
16933,744
16934,743
16935,743
16936,741
16937,741
16938,740
16939,739
16940,738
16941,737
16942,737
16943,736
16944,735
16945,735
16946,734
16947,733
16948,732
16949,732
16950,731
16951,731
16952,730
16953,730
16954,729
16955,729
16956,728
16957,728
16958,727
16959,727
16960,726
16961,725
16962,723
16963,721
16964,719
16965,717
16966,715
16967,713
16968,711
16969,709
16970,707
16971,705
16972,703
16973,702
16974,700
16975,699
16976,697
16977,696
16978,695
16979,694
16980,694
16981,693
16982,693
16983,693
16984,693
16985,693
16986,692
16987,692
16988,692
16989,692
16990,692
16991,692
16992,692
16993,692
16994,692
16995,692
16996,692
16997,692
16998,692
16999,692
17000,692
17001,692
17002,692
17003,692
17004,692
17005,691
17006,692
17007,691
17008,692
17009,691
17010,691
17011,691
17012,691
17013,691
17014,691
17015,691
17016,691
17017,691
17018,691
17019,691
17020,691
17021,691
17022,691
17023,691
17024,691
17025,691
17026,691
17027,691
17028,692
17029,693
17030,696
17031,697
17032,699
17033,701
17034,703
17035,705
17036,707
17037,709
17038,711
17039,713
17040,715
17041,717
17042,719
17043,720
17044,722
17045,723
17046,725
17047,727
17048,728
17049,729
17050,730
17051,731
17052,733
17053,733
17054,735
17055,735
17056,736
17057,737
17058,738
17059,739
17060,740
17061,740
17062,742
17063,743
17064,744
17065,745
17066,747
17067,748
17068,749
17069,750
17070,751
17071,751
17072,753
17073,754
17074,754
17075,755
17076,756
17077,756
17078,757
17079,758
17080,759
17081,759
17082,760
17083,760
17084,761
17085,762
17086,762
17087,762
17088,763
17089,764
17090,764
17091,764
17092,765
17093,765
17094,765
17095,765
17096,765
17097,765
17098,765
17099,764
17100,764
17101,764
17102,763
17103,762
17104,762
17105,762
17106,761
17107,760
17108,760
17109,760
17110,759
17111,759
17112,758
17113,758
17114,757
17115,757
17116,756
17117,756
17118,755
17119,755
17120,755
17121,754
17122,754
17123,753
17124,753
17125,753
17126,753
17127,752
17128,752
17129,752
17130,751
17131,751
17132,751
17133,751
17134,750
17135,750
17136,750
17137,750
17138,749
17139,749
17140,749
17141,749
17142,749
17143,748
17144,748
17145,747
17146,745
17147,743
17148,741
17149,739
17150,736
17151,734
17152,732
17153,730
17154,728
17155,726
17156,724
17157,722
17158,721
17159,719
17160,717
17161,716
17162,714
17163,713
17164,712
17165,710
17166,709
17167,708
17168,707
17169,706
17170,705
17171,704
17172,703
17173,702
17174,702
17175,701
17176,700
17177,699
17178,699
17179,699
17180,698
17181,698
17182,697
17183,697
17184,697
17185,696
17186,696
17187,696
17188,696
17189,696
17190,695
17191,695
17192,695
17193,695
17194,695
17195,695
17196,696
17197,696
17198,697
17199,698
17200,698
17201,699
17202,700
17203,700
17204,701
17205,702
17206,702
17207,703
17208,704
17209,704
17210,705
17211,705
17212,706
17213,706
17214,706
17215,707
17216,707
17217,708
17218,708
17219,708
17220,709
17221,709
17222,709
17223,710
17224,710
17225,710
17226,710
17227,711
17228,711
17229,711
17230,711
17231,711
17232,711
17233,711
17234,711
17235,711
17236,711
17237,711
17238,711
17239,712
17240,712
17241,712
17242,711
17243,712
17244,712
17245,712
17246,711
17247,711
17248,712
17249,711
17250,712
17251,712
17252,712
17253,712
17254,711
17255,711
17256,711
17257,711
17258,712
17259,712
17260,712
17261,711
17262,711
17263,711
17264,711
17265,711
17266,711
17267,711
17268,712
17269,711
17270,711
17271,711
17272,711
17273,711
17274,711
17275,711
17276,711
17277,711
17278,712
17279,712
17280,712
17281,713
17282,713
17283,713
17284,714
17285,714
17286,715
17287,715
17288,715
17289,715
17290,716
17291,717
17292,717
17293,717
17294,717
17295,718
17296,718
17297,718
17298,718
17299,719
17300,719
17301,719
17302,719
17303,719
17304,719
17305,719
17306,720
17307,720
17308,720
17309,720
17310,720
17311,721
17312,721
17313,721
17314,721
17315,721
17316,721
17317,721
17318,722
17319,722
17320,722
17321,722
17322,722
17323,722
17324,722
17325,722
17326,722
17327,724
17328,724
17329,726
17330,727
17331,729
17332,730
17333,732
17334,733
17335,735
17336,736
17337,737
17338,739
17339,740
17340,741
17341,743
17342,744
17343,745
17344,746
17345,747
17346,748
17347,749
17348,750
17349,751
17350,751
17351,752
17352,753
17353,753
17354,754
17355,755
17356,756
17357,756
17358,757
17359,757
17360,758
17361,759
17362,759
17363,760
17364,761
17365,762
17366,763
17367,764
17368,764
17369,765
17370,765
17371,767
17372,767
17373,768
17374,768
17375,769
17376,769
17377,770
17378,770
17379,770
17380,771
17381,771
17382,771
17383,771
17384,772
17385,772
17386,772
17387,772
17388,772
17389,772
17390,772
17391,772
17392,773
17393,773
17394,773
17395,773
17396,773
17397,773
17398,773
17399,773
17400,774
17401,773
17402,774
17403,773
17404,774
17405,774
17406,774
17407,774
17408,774
17409,774
17410,774
17411,774
17412,774
17413,774
17414,774
17415,774
17416,774
17417,774
17418,774
17419,775
17420,775
17421,774
17422,774
17423,774
17424,775
17425,775
17426,775
17427,774
17428,774
17429,774
17430,773
17431,773
17432,772
17433,771
17434,770
17435,770
17436,769
17437,768
17438,767
17439,766
17440,766
17441,765
17442,764
17443,763
17444,762
17445,762
17446,761
17447,760
17448,759
17449,759
17450,758
17451,757
17452,757
17453,756
17454,755
17455,755
17456,754
17457,754
17458,753
17459,753
17460,752
17461,752
17462,751
17463,751
17464,751
17465,750
17466,750
17467,750
17468,749
17469,749
17470,748
17471,748
17472,748
17473,748
17474,747
17475,747
17476,747
17477,747
17478,746
17479,746
17480,746
17481,745
17482,745
17483,745
17484,745
17485,744
17486,744
17487,744
17488,744
17489,744
17490,744
17491,744
17492,743
17493,743
17494,744
17495,744
17496,744
17497,745
17498,745
17499,746
17500,747
17501,747
17502,747
17503,748
17504,749
17505,749
17506,749
17507,750
17508,751
17509,751
17510,751
17511,752
17512,752
17513,753
17514,753
17515,753
17516,754
17517,754
17518,754
17519,755
17520,755
17521,756
17522,756
17523,756
17524,756
17525,757
17526,757
17527,757
17528,757
17529,757
17530,758
17531,758
17532,758
17533,758
17534,758
17535,759
17536,759
17537,759
17538,759
17539,759
17540,759
17541,760
17542,759
17543,760
17544,760
17545,760
17546,759
17547,760
17548,759
17549,759
17550,759
17551,759
17552,758
17553,758
17554,758
17555,758
17556,758
17557,758
17558,757
17559,757
17560,757
17561,757
17562,757
17563,757
17564,756
17565,756
17566,756
17567,756
17568,756
17569,756
17570,756
17571,756
17572,755
17573,755
17574,755
17575,755
17576,755
17577,754
17578,753
17579,753
17580,752
17581,750
17582,749
17583,748
17584,746
17585,745
17586,744
17587,743
17588,741
17589,740
17590,739
17591,738
17592,737
17593,735
17594,735
17595,734
17596,733
17597,732
17598,731
17599,730
17600,729
17601,728
17602,727
17603,727
17604,726
17605,725
17606,725
17607,724
17608,723
17609,723
17610,722
17611,722
17612,721
17613,721
17614,720
17615,720
17616,719
17617,719
17618,719
17619,718
17620,718
17621,718
17622,717
17623,717
17624,717
17625,716
17626,716
17627,716
17628,715
17629,715
17630,715
17631,715
17632,715
17633,714
17634,714
17635,714
17636,714
17637,714
17638,713
17639,713
17640,713
17641,713
17642,713
17643,713
17644,713
17645,714
17646,714
17647,715
17648,716
17649,717
17650,718
17651,718
17652,719
17653,720
17654,720
17655,721
17656,722
17657,723
17658,724
17659,724
17660,725
17661,725
17662,726
17663,726
17664,727
17665,727
17666,728
17667,728
17668,729
17669,729
17670,730
17671,730
17672,730
17673,731
17674,731
17675,732
17676,732
17677,732
17678,732
17679,732
17680,733
17681,733
17682,733
17683,733
17684,734
17685,734
17686,734
17687,734
17688,734
17689,735
17690,735
17691,735
17692,735
17693,735
17694,735
17695,735
17696,735
17697,735
17698,735
17699,735
17700,735
17701,734
17702,734
17703,734
17704,734
17705,734
17706,734
17707,734
17708,734
17709,734
17710,733
17711,733
17712,733
17713,733
17714,733
17715,733
17716,733
17717,733
17718,733
17719,733
17720,733
17721,732
17722,732
17723,732
17724,732
17725,732
17726,732
17727,731
17728,730
17729,729
17730,728
17731,727
17732,725
17733,724
17734,723
17735,721
17736,720
17737,719
17738,717
17739,716
17740,715
17741,714
17742,713
17743,712
17744,711
17745,710
17746,709
17747,708
17748,707
17749,707
17750,706
17751,705
17752,704
17753,704
17754,703
17755,703
17756,703
17757,702
17758,701
17759,701
17760,701
17761,700
17762,700
17763,699
17764,699
17765,699
17766,698
17767,698
17768,697
17769,697
17770,697
17771,697
17772,696
17773,696
17774,696
17775,696
17776,696
17777,696
17778,696
17779,696
17780,696
17781,697
17782,697
17783,697
17784,697
17785,698
17786,698
17787,698
17788,699
17789,699
17790,699
17791,700
17792,700
17793,700
17794,701
17795,702
17796,704
17797,705
17798,707
17799,709
17800,710
17801,712
17802,714
17803,715
17804,717
17805,718
17806,720
17807,721
17808,722
17809,724
17810,725
17811,726
17812,727
17813,728
17814,729
17815,731
17816,732
17817,733
17818,733
17819,734
17820,735
17821,735
17822,736
17823,737
17824,738
17825,738
17826,739
17827,740
17828,741
17829,741
17830,742
17831,743
17832,743
17833,744
17834,745
17835,745
17836,746
17837,746
17838,747
17839,748
17840,748
17841,749
17842,749
17843,750
17844,750
17845,750
17846,751
17847,751
17848,752
17849,752
17850,752
17851,753
17852,753
17853,753
17854,753
17855,754
17856,755
17857,754
17858,754
17859,755
17860,755
17861,754
17862,754
17863,753
17864,753
17865,752
17866,751
17867,750
17868,749
17869,748
17870,747
17871,746
17872,745
17873,744
17874,743
17875,743
17876,742
17877,741
17878,740
17879,739
17880,739
17881,738
17882,737
17883,736
17884,736
17885,735
17886,735
17887,734
17888,733
17889,733
17890,733
17891,732
17892,732
17893,731
17894,731
17895,730
17896,730
17897,730
17898,729
17899,729
17900,728
17901,728
17902,728
17903,728
17904,727
17905,727
17906,727
17907,727
17908,727
17909,726
17910,726
17911,725
17912,725
17913,724
17914,723
17915,722
17916,721
17917,721
17918,720
17919,719
17920,718
17921,717
17922,716
17923,716
17924,715
17925,714
17926,714
17927,713
17928,712
17929,712
17930,711
17931,711
17932,710
17933,710
17934,709
17935,709
17936,708
17937,708
17938,708
17939,707
17940,707
17941,707
17942,706
17943,706
17944,707
17945,707
17946,708
17947,709
17948,710
17949,712
17950,713
17951,714
17952,714
17953,716
17954,717
17955,718
17956,719
17957,720
17958,721
17959,722
17960,723
17961,723
17962,724
17963,725
17964,725
17965,727
17966,727
17967,728
17968,728
17969,729
17970,730
17971,730
17972,731
17973,731
17974,732
17975,732
17976,733
17977,734
17978,735
17979,736
17980,737
17981,738
17982,739
17983,741
17984,742
17985,743
17986,744
17987,745
17988,746
17989,747
17990,748
17991,749
17992,750
17993,751
17994,751
17995,752
17996,753
17997,753
17998,754
17999,755
18000,756
18001,756
18002,757
18003,758
18004,758
18005,759
18006,759
18007,760
18008,760
18009,760
18010,761
18011,761
18012,761
18013,762
18014,762
18015,763
18016,763
18017,763
18018,763
18019,764
18020,764
18021,764
18022,764
18023,765
18024,765
18025,765
18026,765
18027,765
18028,765
18029,765
18030,766
18031,766
18032,766
18033,766
18034,766
18035,766
18036,766
18037,767
18038,767
18039,767
18040,767
18041,767
18042,767
18043,767
18044,767
18045,767
18046,768
18047,768
18048,767
18049,768
18050,768
18051,768
18052,768
18053,768
18054,768
18055,768
18056,768
18057,768
18058,768
18059,768
18060,768
18061,768
18062,769
18063,769
18064,769
18065,769
18066,769
18067,769
18068,769
18069,769
18070,769
18071,769
18072,769
18073,769
18074,769
18075,769
18076,769
18077,770
18078,770
18079,770
18080,770
18081,771
18082,771
18083,771
18084,772
18085,772
18086,772
18087,773
18088,773
18089,773
18090,773
18091,774
18092,774
18093,774
18094,775
18095,775
18096,775
18097,774
18098,775
18099,775
18100,775
18101,776
18102,776
18103,776
18104,776
18105,776
18106,776
18107,776
18108,776
18109,776
18110,776
18111,777
18112,777
18113,777
18114,777
18115,777
18116,777
18117,777
18118,777
18119,777
18120,777
18121,777
18122,777
18123,778
18124,778
18125,778
18126,778
18127,778
18128,778
18129,778
18130,778
18131,778
18132,778
18133,778
18134,778
18135,778
18136,778
18137,778
18138,778
18139,778
18140,777
18141,778
18142,777
18143,778
18144,778
18145,778
18146,778
18147,778
18148,778
18149,777
18150,777
18151,777
18152,777
18153,777
18154,777
18155,778
18156,777
18157,778
18158,778
18159,778
18160,777
18161,776
18162,776
18163,774
18164,774
18165,772
18166,771
18167,769
18168,768
18169,766
18170,765
18171,763
18172,762
18173,761
18174,759
18175,758
18176,756
18177,755
18178,753
18179,752
18180,751
18181,749
18182,748
18183,747
18184,746
18185,744
18186,743
18187,742
18188,741
18189,741
18190,740
18191,739
18192,738
18193,737
18194,736
18195,735
18196,735
18197,734
18198,733
18199,733
18200,732
18201,732
18202,731
18203,730
18204,730
18205,730
18206,729
18207,729
18208,728
18209,728
18210,725
18211,722
18212,719
18213,715
18214,712
18215,708
18216,705
18217,701
18218,698
18219,695
18220,692
18221,690
18222,688
18223,685
18224,683
18225,681
18226,679
18227,678
18228,676
18229,675
18230,673
18231,672
18232,671
18233,669
18234,668
18235,667
18236,666
18237,665
18238,665
18239,664
18240,663
18241,663
18242,662
18243,661
18244,661
18245,660
18246,659
18247,659
18248,659
18249,658
18250,658
18251,657
18252,657
18253,656
18254,656
18255,656
18256,656
18257,655
18258,655
18259,655
18260,655
18261,654
18262,654
18263,654
18264,654
18265,653
18266,653
18267,653
18268,653
18269,653
18270,653
18271,652
18272,652
18273,652
18274,652
18275,652
18276,651
18277,652
18278,652
18279,652
18280,652
18281,653
18282,653
18283,653
18284,654
18285,655
18286,655
18287,655
18288,656
18289,656
18290,656
18291,657
18292,657
18293,658
18294,659
18295,660
18296,662
18297,664
18298,666
18299,668
18300,671
18301,673
18302,675
18303,677
18304,680
18305,682
18306,684
18307,686
18308,688
18309,689
18310,691
18311,693
18312,694
18313,696
18314,698
18315,699
18316,701
18317,702
18318,703
18319,704
18320,705
18321,707
18322,708
18323,709
18324,710
18325,711
18326,712
18327,713
18328,714
18329,715
18330,716
18331,717
18332,719
18333,720
18334,720
18335,722
18336,723
18337,724
18338,725
18339,725
18340,726
18341,727
18342,728
18343,729
18344,730
18345,730
18346,731
18347,732
18348,732
18349,733
18350,734
18351,734
18352,735
18353,735
18354,736
18355,736
18356,737
18357,737
18358,738
18359,738
18360,738
18361,739
18362,739
18363,739
18364,739
18365,739
18366,739
18367,739
18368,740
18369,739
18370,740
18371,740
18372,740
18373,740
18374,740
18375,740
18376,740
18377,740
18378,740
18379,740
18380,740
18381,740
18382,740
18383,740
18384,740
18385,740
18386,741
18387,741
18388,740
18389,741
18390,740
18391,740
18392,741
18393,740
18394,741
18395,741
18396,741
18397,741
18398,741
18399,741
18400,741
18401,741
18402,741
18403,741
18404,741
18405,741
18406,741
18407,741
18408,741
18409,741
18410,741
18411,741
18412,741
18413,742
18414,742
18415,742
18416,742
18417,743
18418,743
18419,744
18420,744
18421,744
18422,744
18423,745
18424,745
18425,745
18426,745
18427,746
18428,746
18429,746
18430,746
18431,746
18432,747
18433,747
18434,747
18435,747
18436,747
18437,748
18438,748
18439,748
18440,748
18441,749
18442,748
18443,749
18444,749
18445,749
18446,749
18447,749
18448,749
18449,750
18450,750
18451,750
18452,750
18453,751
18454,751
18455,751
18456,751
18457,752
18458,752
18459,752
18460,752
18461,752
18462,752
18463,753
18464,753
18465,753
18466,753
18467,753
18468,753
18469,754
18470,754
18471,754
18472,754
18473,754
18474,754
18475,754
18476,754
18477,754
18478,753
18479,752
18480,751
18481,751
18482,749
18483,748
18484,747
18485,746
18486,745
18487,744
18488,742
18489,741
18490,740
18491,739
18492,738
18493,737
18494,737
18495,735
18496,735
18497,734
18498,733
18499,732
18500,732
18501,731
18502,730
18503,729
18504,729
18505,728
18506,728
18507,727
18508,727
18509,726
18510,726
18511,725
18512,725
18513,725
18514,724
18515,724
18516,723
18517,723
18518,723
18519,722
18520,722
18521,722
18522,722
18523,721
18524,721
18525,721
18526,720
18527,720
18528,720
18529,720
18530,720
18531,720
18532,719
18533,719
18534,719
18535,719
18536,719
18537,719
18538,719
18539,719
18540,718
18541,718
18542,718
18543,717
18544,715
18545,713
18546,711
18547,708
18548,705
18549,703
18550,700
18551,698
18552,696
18553,693
18554,691
18555,689
18556,688
18557,686
18558,684
18559,683
18560,681
18561,680
18562,679
18563,677
18564,676
18565,675
18566,675
18567,673
18568,672
18569,672
18570,671
18571,670
18572,670
18573,669
18574,668
18575,668
18576,668
18577,668
18578,668
18579,668
18580,669
18581,670
18582,671
18583,672
18584,673
18585,674
18586,675
18587,675
18588,677
18589,677
18590,678
18591,679
18592,680
18593,681
18594,682
18595,682
18596,683
18597,684
18598,684
18599,685
18600,685
18601,686
18602,686
18603,687
18604,687
18605,688
18606,688
18607,689
18608,689
18609,690
18610,691
18611,693
18612,695
18613,697
18614,700
18615,702
18616,705
18617,708
18618,710
18619,713
18620,715
18621,718
18622,720
18623,722
18624,724
18625,726
18626,729
18627,731
18628,733
18629,735
18630,738
18631,740
18632,742
18633,744
18634,745
18635,747
18636,749
18637,750
18638,752
18639,753
18640,754
18641,756
18642,757
18643,758
18644,759
18645,760
18646,761
18647,762
18648,762
18649,764
18650,764
18651,765
18652,765
18653,766
18654,767
18655,767
18656,767
18657,768
18658,769
18659,769
18660,770
18661,770
18662,770
18663,771
18664,771
18665,771
18666,772
18667,772
18668,772
18669,772
18670,773
18671,773
18672,773
18673,773
18674,773
18675,774
18676,774
18677,774
18678,774
18679,774
18680,774
18681,774
18682,775
18683,775
18684,775
18685,775
18686,775
18687,775
18688,775
18689,775
18690,775
18691,776
18692,775
18693,776
18694,776
18695,776
18696,776
18697,776
18698,776
18699,775
18700,775
18701,775
18702,775
18703,775
18704,775
18705,775
18706,775
18707,774
18708,774
18709,774
18710,774
18711,774
18712,774
18713,774
18714,773
18715,773
18716,773
18717,773
18718,773
18719,773
18720,773
18721,773
18722,772
18723,772
18724,772
18725,772
18726,772
18727,772
18728,772
18729,772
18730,772
18731,772
18732,772
18733,772
18734,771
18735,771
18736,771
18737,771
18738,771
18739,771
18740,771
18741,771
18742,771
18743,771
18744,771
18745,771
18746,771
18747,771
18748,770
18749,770
18750,770
18751,769
18752,769
18753,770
18754,769
18755,770
18756,769
18757,770
18758,769
18759,769
18760,769
18761,768
18762,768
18763,767
18764,767
18765,766
18766,765
18767,764
18768,764
18769,763
18770,762
18771,761
18772,760
18773,760
18774,759
18775,758
18776,758
18777,757
18778,756
18779,756
18780,755
18781,755
18782,754
18783,753
18784,753
18785,753
18786,752
18787,752
18788,751
18789,751
18790,750
18791,750
18792,750
18793,749
18794,749
18795,748
18796,748
18797,748
18798,747
18799,747
18800,747
18801,747
18802,746
18803,746
18804,746
18805,746
18806,746
18807,745
18808,745
18809,745
18810,743
18811,741
18812,739
18813,736
18814,734
18815,731
18816,729
18817,726
18818,723
18819,721
18820,719
18821,717
18822,714
18823,712
18824,710
18825,708
18826,707
18827,705
18828,703
18829,701
18830,700
18831,698
18832,697
18833,695
18834,694
18835,692
18836,691
18837,690
18838,689
18839,688
18840,687
18841,686
18842,685
18843,684
18844,684
18845,683
18846,682
18847,681
18848,681
18849,680
18850,680
18851,679
18852,679
18853,678
18854,678
18855,677
18856,677
18857,677
18858,676
18859,676
18860,676
18861,675
18862,675
18863,674
18864,675
18865,674
18866,674
18867,674
18868,673
18869,673
18870,673
18871,673
18872,672
18873,672
18874,672
18875,672
18876,672
18877,671
18878,671
18879,671
18880,671
18881,671
18882,671
18883,671
18884,671
18885,670
18886,671
18887,670
18888,670
18889,670
18890,670
18891,670
18892,670
18893,670
18894,671
18895,672
18896,674
18897,676
18898,677
18899,680
18900,681
18901,683
18902,685
18903,687
18904,689
18905,691
18906,693
18907,695
18908,696
18909,698
18910,699
18911,702
18912,704
18913,706
18914,708
18915,710
18916,712
18917,714
18918,716
18919,718
18920,720
18921,721
18922,723
18923,725
18924,726
18925,727
18926,729
18927,730
18928,731
18929,733
18930,734
18931,735
18932,736
18933,737
18934,738
18935,739
18936,740
18937,741
18938,742
18939,742
18940,743
18941,744
18942,744
18943,745
18944,745
18945,745
18946,745
18947,745
18948,745
18949,745
18950,744
18951,744
18952,744
18953,743
18954,743
18955,743
18956,743
18957,742
18958,742
18959,742
18960,741
18961,741
18962,741
18963,741
18964,740
18965,740
18966,740
18967,740
18968,739
18969,739
18970,739
18971,739
18972,739
18973,738
18974,738
18975,738
18976,737
18977,737
18978,736
18979,735
18980,733
18981,732
18982,731
18983,729
18984,728
18985,727
18986,726
18987,725
18988,723
18989,722
18990,721
18991,720
18992,719
18993,718
18994,717
18995,716
18996,715
18997,715
18998,714
18999,713
19000,712
19001,712
19002,711
19003,710
19004,710
19005,709
19006,709
19007,708
19008,708
19009,708
19010,707
19011,707
19012,708
19013,708
19014,708
19015,708
19016,709
19017,709
19018,709
19019,710
19020,710
19021,710
19022,711
19023,711
19024,712
19025,712
19026,712
19027,712
19028,713
19029,713
19030,713
19031,713
19032,714
19033,714
19034,714
19035,714
19036,714
19037,715
19038,715
19039,715
19040,715
19041,715
19042,715
19043,715
19044,717
19045,717
19046,718
19047,719
19048,719
19049,720
19050,721
19051,721
19052,722
19053,723
19054,724
19055,724
19056,725
19057,726
19058,726
19059,727
19060,728
19061,728
19062,729
19063,729
19064,730
19065,730
19066,731
19067,731
19068,732
19069,732
19070,732
19071,733
19072,733
19073,733
19074,734
19075,734
19076,734
19077,734
19078,734
19079,734
19080,734
19081,734
19082,733
19083,733
19084,733
19085,733
19086,733
19087,732
19088,732
19089,732
19090,731
19091,731
19092,731
19093,731
19094,731
19095,730
19096,730
19097,730
19098,730
19099,730
19100,729
19101,729
19102,729
19103,729
19104,729
19105,729
19106,728
19107,728
19108,728
19109,728
19110,728
19111,728
19112,728
19113,728
19114,728
19115,728
19116,728
19117,728
19118,727
19119,728
19120,727
19121,728
19122,727
19123,727
19124,727
19125,728
19126,727
19127,727
19128,727
19129,726
19130,726
19131,726
19132,726
19133,725
19134,725
19135,725
19136,724
19137,724
19138,723
19139,723
19140,723
19141,723
19142,723
19143,722
19144,722
19145,722
19146,722
19147,722
19148,722
19149,721
19150,721
19151,721
19152,721
19153,721
19154,720
19155,720
19156,721
19157,720
19158,720
19159,720
19160,720
19161,720
19162,720
19163,720
19164,719
19165,719
19166,719
19167,719
19168,719
19169,719
19170,719
19171,719
19172,719
19173,719
19174,718
19175,718
19176,719
19177,719
19178,720
19179,721
19180,722
19181,723
19182,724
19183,725
19184,726
19185,727
19186,728
19187,729
19188,731
19189,732
19190,732
19191,733
19192,734
19193,735
19194,736
19195,738
19196,740
19197,741
19198,742
19199,743
19200,745
19201,746
19202,747
19203,748
19204,750
19205,751
19206,752
19207,753
19208,754
19209,755
19210,755
19211,756
19212,757
19213,758
19214,759
19215,759
19216,760
19217,760
19218,761
19219,761
19220,762
19221,763
19222,763
19223,764
19224,764
19225,765
19226,765
19227,765
19228,766
19229,766
19230,766
19231,766
19232,767
19233,766
19234,767
19235,766
19236,767
19237,767
19238,767
19239,767
19240,767
19241,767
19242,767
19243,767
19244,767
19245,767
19246,767
19247,767
19248,767
19249,767
19250,767
19251,767
19252,768
19253,768
19254,768
19255,768
19256,767
19257,767
19258,767
19259,768
19260,767
19261,767
19262,767
19263,766
19264,765
19265,765
19266,764
19267,764
19268,763
19269,762
19270,762
19271,761
19272,760
19273,759
19274,759
19275,758
19276,757
19277,757
19278,756
19279,756
19280,755
19281,755
19282,754
19283,753
19284,753
19285,753
19286,752
19287,752
19288,751
19289,751
19290,750
19291,750
19292,750
19293,749
19294,749
19295,749
19296,748
19297,748
19298,748
19299,748
19300,748
19301,747
19302,747
19303,747
19304,746
19305,746
19306,746
19307,746
19308,745
19309,746
19310,745
19311,746
19312,746
19313,746
19314,746
19315,746
19316,747
19317,747
19318,748
19319,748
19320,748
19321,749
19322,749
19323,749
19324,749
19325,749
19326,750
19327,750
19328,751
19329,751
19330,751
19331,751
19332,751
19333,751
19334,752
19335,752
19336,752
19337,752
19338,752
19339,753
19340,753
19341,753
19342,753
19343,754
19344,754
19345,755
19346,755
19347,756
19348,757
19349,758
19350,759
19351,759
19352,760
19353,761
19354,762
19355,763
19356,763
19357,764
19358,764
19359,765
19360,766
19361,766
19362,767
19363,767
19364,768
19365,768
19366,768
19367,769
19368,769
19369,770
19370,770
19371,770
19372,771
19373,771
19374,771
19375,771
19376,772
19377,772
19378,772
19379,773
19380,773
19381,773
19382,772
19383,772
19384,773
19385,772
19386,772
19387,772
19388,773
19389,772
19390,772
19391,772
19392,772
19393,772
19394,772
19395,772
19396,772
19397,772
19398,772
19399,772
19400,772
19401,772
19402,772
19403,772
19404,772
19405,772
19406,772
19407,772
19408,772
19409,772
19410,772
19411,771
19412,770
19413,769
19414,768
19415,766
19416,765
19417,764
19418,763
19419,761
19420,760
19421,759
19422,757
19423,756
19424,755
19425,753
19426,751
19427,751
19428,750
19429,749
19430,748
19431,747
19432,746
19433,745
19434,744
19435,743
19436,742
19437,741
19438,740
19439,740
19440,739
19441,738
19442,737
19443,737
19444,736
19445,734
19446,733
19447,732
19448,730
19449,729
19450,727
19451,726
19452,725
19453,724
19454,722
19455,721
19456,720
19457,719
19458,718
19459,717
19460,716
19461,715
19462,714
19463,714
19464,713
19465,712
19466,711
19467,711
19468,710
19469,710
19470,709
19471,708
19472,708
19473,707
19474,707
19475,707
19476,706
19477,706
19478,706
19479,706
19480,706
19481,707
19482,707
19483,707
19484,708
19485,708
19486,708
19487,708
19488,709
19489,709
19490,709
19491,709
19492,710
19493,710
19494,710
19495,710
19496,711
19497,711
19498,711
19499,711
19500,711
19501,711
19502,711
19503,711
19504,712
19505,712
19506,712
19507,712
19508,712
19509,712
19510,712
19511,712
19512,712
19513,711
19514,711
19515,711
19516,711
19517,710
19518,710
19519,710
19520,709
19521,709
19522,709
19523,709
19524,709
19525,708
19526,708
19527,707
19528,706
19529,705
19530,704
19531,703
19532,702
19533,701
19534,700
19535,699
19536,697
19537,697
19538,696
19539,695
19540,694
19541,693
19542,693
19543,692
19544,691
19545,690
19546,690
19547,689
19548,689
19549,688
19550,688
19551,687
19552,687
19553,686
19554,686
19555,685
19556,685
19557,685
19558,684
19559,684
19560,684
19561,685
19562,686
19563,687
19564,687
19565,688
19566,689
19567,690
19568,691
19569,692
19570,693
19571,694
19572,695
19573,696
19574,697
19575,697
19576,698
19577,699
19578,700
19579,700
19580,701
19581,701
19582,702
19583,703
19584,703
19585,703
19586,704
19587,704
19588,705
19589,705
19590,705
19591,706
19592,706
19593,707
19594,707
19595,707
19596,708
19597,708
19598,708
19599,708
19600,708
19601,709
19602,709
19603,709
19604,709
19605,710
19606,709
19607,710
19608,710
19609,710
19610,711
19611,713
19612,715
19613,716
19614,718
19615,720
19616,722
19617,723
19618,725
19619,727
19620,728
19621,730
19622,731
19623,733
19624,735
19625,736
19626,737
19627,739
19628,740
19629,741
19630,743
19631,744
19632,745
19633,746
19634,747
19635,748
19636,750
19637,750
19638,751
19639,752
19640,753
19641,754
19642,755
19643,755
19644,756
19645,757
19646,757
19647,758
19648,759
19649,759
19650,760
19651,760
19652,761
19653,761
19654,762
19655,762
19656,762
19657,763
19658,763
19659,763
19660,763
19661,763
19662,763
19663,762
19664,762
19665,761
19666,761
19667,760
19668,760
19669,759
19670,758
19671,758
19672,757
19673,756
19674,756
19675,755
19676,754
19677,754
19678,753
19679,752
19680,752
19681,751
19682,751
19683,750
19684,750
19685,749
19686,748
19687,748
19688,748
19689,747
19690,747
19691,746
19692,746
19693,745
19694,743
19695,742
19696,740
19697,738
19698,736
19699,735
19700,733
19701,731
19702,730
19703,729
19704,727
19705,725
19706,724
19707,722
19708,721
19709,720
19710,719
19711,717
19712,716
19713,715
19714,714
19715,713
19716,712
19717,711
19718,710
19719,710
19720,709
19721,708
19722,707
19723,707
19724,706
19725,705
19726,705
19727,704
19728,704
19729,703
19730,703
19731,703
19732,702
19733,702
19734,701
19735,701
19736,701
19737,700
19738,700
19739,700
19740,700
19741,699
19742,699
19743,699
19744,700
19745,700
19746,700
19747,701
19748,702
19749,702
19750,703
19751,704
19752,704
19753,705
19754,706
19755,706
19756,707
19757,707
19758,708
19759,708
19760,709
19761,709
19762,710
19763,710
19764,711
19765,711
19766,711
19767,712
19768,712
19769,713
19770,713
19771,713
19772,713
19773,714
19774,714
19775,714
19776,715
19777,716
19778,716
19779,717
19780,718
19781,719
19782,720
19783,721
19784,722
19785,723
19786,724
19787,725
19788,726
19789,727
19790,728
19791,728
19792,729
19793,730
19794,731
19795,731
19796,732
19797,732
19798,734
19799,734
19800,734
19801,735
19802,735
19803,736
19804,736
19805,737
19806,737
19807,738
19808,738
19809,739
19810,739
19811,740
19812,740
19813,740
19814,740
19815,741
19816,742
19817,742
19818,742
19819,742
19820,743
19821,743
19822,743
19823,744
19824,744
19825,744
19826,745
19827,745
19828,745
19829,745
19830,745
19831,746
19832,746
19833,746
19834,746
19835,747
19836,747
19837,747
19838,747
19839,747
19840,748
19841,748
19842,748
19843,749
19844,749
19845,749
19846,749
19847,749
19848,749
19849,749
19850,749
19851,750
19852,750
19853,750
19854,750
19855,750
19856,750
19857,751
19858,751
19859,751
19860,752
19861,752
19862,753
19863,753
19864,753
19865,754
19866,754
19867,755
19868,755
19869,756
19870,756
19871,756
19872,756
19873,757
19874,758
19875,759
19876,760
19877,760
19878,761
19879,762
19880,763
19881,763
19882,764
19883,765
19884,765
19885,766
19886,766
19887,767
19888,767
19889,768
19890,768
19891,769
19892,769
19893,769
19894,770
19895,771
19896,771
19897,771
19898,771
19899,772
19900,772
19901,773
19902,773
19903,773
19904,773
19905,773
19906,774
19907,774
19908,774
19909,774
19910,775
19911,775
19912,775
19913,775
19914,775
19915,776
19916,776
19917,776
19918,776
19919,776
19920,776
19921,777
19922,777
19923,777
19924,777
19925,777
19926,777
19927,778
19928,778
19929,777
19930,778
19931,778
19932,778
19933,778
19934,778
19935,778
19936,778
19937,778
19938,778
19939,779
19940,778
19941,778
19942,778
19943,778
19944,777
19945,777
19946,776
19947,776
19948,775
19949,774
19950,774
19951,773
19952,772
19953,771
19954,771
19955,770
19956,769
19957,768
19958,768
19959,767
19960,766
19961,766
19962,765
19963,764
19964,764
19965,763
19966,763
19967,762
19968,761
19969,761
19970,760
19971,760
19972,759
19973,756
19974,753
19975,749
19976,744
19977,739
19978,735
19979,730
19980,726
19981,721
19982,717
19983,713
19984,710
19985,707
19986,704
19987,701
19988,698
19989,695
19990,693
19991,691
19992,689
19993,687
19994,685
19995,683
19996,682
19997,680
19998,678
19999,677
20000,676
20001,675
20002,674
20003,673
20004,672
20005,671
20006,670
20007,669
20008,669
20009,668
20010,667
20011,667
20012,666
20013,666
20014,665
20015,665
20016,664
20017,664
20018,664
20019,663
20020,663
20021,662
20022,662
20023,662
20024,661
20025,661
20026,661
20027,661
20028,661
20029,660
20030,660
20031,660
20032,660
20033,659
20034,659
20035,659
20036,658
20037,658
20038,659
20039,658
20040,659
20041,659
20042,660
20043,662
20044,663
20045,664
20046,666
20047,667
20048,669
20049,670
20050,672
20051,673
20052,675
20053,676
20054,677
20055,679
20056,680
20057,681
20058,682
20059,683
20060,684
20061,686
20062,686
20063,687
20064,688
20065,689
20066,689
20067,690
20068,691
20069,692
20070,693
20071,693
20072,693
20073,694
20074,694
20075,695
20076,695
20077,696
20078,696
20079,697
20080,697
20081,697
20082,698
20083,698
20084,698
20085,699
20086,699
20087,699
20088,699
20089,700
20090,700
20091,700
20092,700
20093,700
20094,701
20095,701
20096,701
20097,702
20098,703
20099,703
20100,704
20101,705
20102,706
20103,706
20104,707
20105,708
20106,708
20107,709
20108,709
20109,710
20110,710
20111,711
20112,712
20113,712
20114,713
20115,713
20116,713
20117,714
20118,715
20119,715
20120,715
20121,716
20122,716
20123,716
20124,717
20125,717
20126,717
20127,718
20128,718
20129,718
20130,719
20131,719
20132,719
20133,719
20134,720
20135,720
20136,721
20137,721
20138,721
20139,721
20140,721
20141,722
20142,722
20143,722
20144,723
20145,723
20146,724
20147,724
20148,725
20149,726
20150,727
20151,728
20152,729
20153,730
20154,731
20155,732
20156,733
20157,734
20158,735
20159,736
20160,737
20161,738
20162,739
20163,739
20164,740
20165,741
20166,741
20167,742
20168,743
20169,743
20170,744
20171,744
20172,745
20173,745
20174,746
20175,747
20176,747
20177,748
20178,748
20179,748
20180,749
20181,749
20182,749
20183,750
20184,750
20185,751
20186,751
20187,751
20188,751
20189,751
20190,752
20191,752
20192,752
20193,753
20194,753
20195,753
20196,753
20197,754
20198,754
20199,755
20200,756
20201,756
20202,757
20203,757
20204,758
20205,759
20206,759
20207,760
20208,760
20209,761
20210,761
20211,762
20212,762
20213,763
20214,763
20215,763
20216,764
20217,764
20218,765
20219,765
20220,765
20221,766
20222,766
20223,766
20224,766
20225,767
20226,767
20227,767
20228,767
20229,767
20230,767
20231,767
20232,767
20233,766
20234,766
20235,766
20236,765
20237,764
20238,764
20239,763
20240,762
20241,762
20242,762
20243,761
20244,761
20245,760
20246,760
20247,759
20248,759
20249,758
20250,758
20251,758
20252,757
20253,757
20254,756
20255,756
20256,755
20257,755
20258,754
20259,754
20260,754
20261,753
20262,752
20263,751
20264,749
20265,746
20266,744
20267,742
20268,739
20269,736
20270,734
20271,732
20272,729
20273,727
20274,725
20275,723
20276,721
20277,719
20278,717
20279,716
20280,714
20281,713
20282,712
20283,712
20284,711
20285,710
20286,709
20287,709
20288,708
20289,707
20290,707
20291,707
20292,706
20293,706
20294,705
20295,705
20296,704
20297,704
20298,704
20299,704
20300,703
20301,703
20302,703
20303,703
20304,702
20305,702
20306,702
20307,702
20308,701
20309,701
20310,701
20311,701
20312,701
20313,702
20314,703
20315,705
20316,707
20317,708
20318,710
20319,712
20320,714
20321,716
20322,717
20323,719
20324,721
20325,722
20326,724
20327,725
20328,727
20329,728
20330,730
20331,731
20332,732
20333,733
20334,734
20335,735
20336,736
20337,737
20338,738
20339,739
20340,740
20341,741
20342,742
20343,742
20344,743
20345,744
20346,745
20347,746
20348,747
20349,748
20350,749
20351,750
20352,751
20353,752
20354,752
20355,753
20356,754
20357,755
20358,756
20359,756
20360,757
20361,758
20362,759
20363,759
20364,760
20365,760
20366,761
20367,761
20368,762
20369,762
20370,763
20371,763
20372,763
20373,764
20374,764
20375,764
20376,764
20377,765
20378,766
20379,766
20380,766
20381,766
20382,766
20383,766
20384,766
20385,766
20386,766
20387,766
20388,766
20389,766
20390,766
20391,766
20392,766
20393,766
20394,767
20395,766
20396,766
20397,766
20398,766
20399,766
20400,766
20401,766
20402,766
20403,766
20404,766
20405,766
20406,766
20407,766
20408,766
20409,766
20410,766
20411,766
20412,766
20413,766
20414,766
20415,766
20416,766
20417,766
20418,766
20419,766
20420,766
20421,765
20422,766
20423,765
20424,765
20425,765
20426,765
20427,765
20428,765
20429,765
20430,765
20431,765
20432,765
20433,765
20434,765
20435,765
20436,765
20437,765
20438,764
20439,764
20440,764
20441,764
20442,764
20443,765
20444,764
20445,764
20446,764
20447,764
20448,764
20449,764
20450,764
20451,764
20452,764
20453,764
20454,764
20455,764
20456,764
20457,764
20458,764
20459,764
20460,764
20461,764
20462,764
20463,764
20464,764
20465,764
20466,764
20467,765
20468,765
20469,765
20470,765
20471,765
20472,765
20473,766
20474,766
20475,766
20476,766
20477,767
20478,767
20479,767
20480,767
20481,767
20482,767
20483,767
20484,768
20485,768
20486,768
20487,768
20488,768
20489,768
20490,769
20491,769
20492,769
20493,769
20494,769
20495,769
20496,769
20497,769
20498,769
20499,768
20500,768
20501,769
20502,768
20503,768
20504,768
20505,768
20506,768
20507,767
20508,767
20509,767
20510,767
20511,767
20512,767
20513,766
20514,766
20515,766
20516,766
20517,766
20518,766
20519,766
20520,765
20521,766
20522,765
20523,765
20524,765
20525,765
20526,765
20527,765
20528,765
20529,764
20530,763
20531,762
20532,761
20533,759
20534,757
20535,756
20536,754
20537,753
20538,751
20539,749
20540,748
20541,746
20542,745
20543,743
20544,742
20545,740
20546,739
20547,738
20548,736
20549,735
20550,734
20551,733
20552,732
20553,731
20554,730
20555,729
20556,728
20557,727
20558,726
20559,725
20560,725
20561,724
20562,723
20563,722
20564,722
20565,721
20566,720
20567,720
20568,720
20569,719
20570,719
20571,719
20572,718
20573,718
20574,717
20575,717
20576,717
20577,716
20578,716
20579,715
20580,714
20581,713
20582,712
20583,711
20584,710
20585,709
20586,708
20587,707
20588,706
20589,705
20590,704
20591,703
20592,702
20593,702
20594,701
20595,700
20596,699
20597,699
20598,698
20599,697
20600,697
20601,696
20602,696
20603,695
20604,695
20605,694
20606,694
20607,694
20608,693
20609,693
20610,692
20611,692
20612,693
20613,693
20614,693
20615,694
20616,695
20617,697
20618,698
20619,699
20620,700
20621,701
20622,702
20623,703
20624,704
20625,705
20626,707
20627,708
20628,708
20629,709
20630,711
20631,712
20632,713
20633,714
20634,716
20635,717
20636,718
20637,719
20638,720
20639,721
20640,722
20641,723
20642,724
20643,725
20644,726
20645,727
20646,728
20647,728
20648,729
20649,730
20650,730
20651,731
20652,732
20653,732
20654,733
20655,733
20656,734
20657,734
20658,735
20659,735
20660,736
20661,736
20662,736
20663,736
20664,735
20665,735
20666,734
20667,733
20668,732
20669,731
20670,730
20671,730
20672,729
20673,728
20674,727
20675,726
20676,725
20677,725
20678,724
20679,723
20680,721
20681,720
20682,718
20683,716
20684,715
20685,713
20686,711
20687,710
20688,708
20689,707
20690,706
20691,704
20692,703
20693,702
20694,701
20695,700
20696,699
20697,698
20698,697
20699,696
20700,696
20701,695
20702,694
20703,694
20704,693
20705,692
20706,691
20707,691
20708,691
20709,690
20710,690
20711,690
20712,690
20713,690
20714,691
20715,691
20716,692
20717,694
20718,695
20719,696
20720,697
20721,698
20722,700
20723,701
20724,702
20725,703
20726,704
20727,705
20728,706
20729,707
20730,707
20731,708
20732,709
20733,710
20734,711
20735,712
20736,712
20737,713
20738,713
20739,714
20740,715
20741,716
20742,716
20743,717
20744,717
20745,718
20746,719
20747,720
20748,722
20749,723
20750,724
20751,726
20752,727
20753,729
20754,730
20755,731
20756,733
20757,734
20758,735
20759,736
20760,737
20761,739
20762,740
20763,741
20764,742
20765,743
20766,744
20767,745
20768,746
20769,747
20770,747
20771,748
20772,749
20773,749
20774,750
20775,751
20776,752
20777,752
20778,753
20779,753
20780,754
20781,754
20782,754
20783,755
20784,755
20785,755
20786,756
20787,756
20788,756
20789,757
20790,757
20791,757
20792,757
20793,757
20794,758
20795,758
20796,758
20797,758
20798,758
20799,759
20800,759
20801,759
20802,759
20803,759
20804,759
20805,759
20806,760
20807,760
20808,760
20809,760
20810,760
20811,760
20812,760
20813,760
20814,761
20815,760
20816,761
20817,761
20818,761
20819,761
20820,761
20821,761
20822,761
20823,761
20824,761
20825,761
20826,761
20827,761
20828,762
20829,761
20830,761
20831,761
20832,760
20833,760
20834,760
20835,760
20836,759
20837,759
20838,759
20839,758
20840,758
20841,757
20842,757
20843,757
20844,756
20845,756
20846,756
20847,755
20848,755
20849,755
20850,754
20851,754
20852,754
20853,754
20854,753
20855,753
20856,753
20857,753
20858,752
20859,752
20860,751
20861,752
20862,752
20863,752
20864,752
20865,752
20866,753
20867,753
20868,754
20869,754
20870,754
20871,755
20872,755
20873,756
20874,756
20875,756
20876,757
20877,758
20878,758
20879,758
20880,758
20881,759
20882,759
20883,760
20884,760
20885,760
20886,761
20887,761
20888,761
20889,761
20890,762
20891,762
20892,762
20893,763
20894,763
20895,763
20896,763
20897,764
20898,765
20899,765
20900,765
20901,766
20902,767
20903,767
20904,767
20905,768
20906,768
20907,768
20908,769
20909,770
20910,770
20911,770
20912,771
20913,771
20914,771
20915,772
20916,772
20917,773
20918,773
20919,773
20920,773
20921,773
20922,774
20923,774
20924,775
20925,775
20926,775
20927,775
20928,775
20929,776
20930,776
20931,776
20932,776
20933,776
20934,777
20935,777
20936,777
20937,777
20938,777
20939,776
20940,776
20941,776
20942,775
20943,775
20944,774
20945,774
20946,774
20947,773
20948,773
20949,772
20950,771
20951,771
20952,771
20953,771
20954,769
20955,769
20956,769
20957,769
20958,768
20959,767
20960,767
20961,767
20962,766
20963,766
20964,766
20965,765
20966,765
20967,765
20968,765
20969,764
20970,764
20971,763
20972,762
20973,761
20974,760
20975,758
20976,757
20977,756
20978,755
20979,753
20980,752
20981,751
20982,750
20983,749
20984,748
20985,747
20986,745
20987,744
20988,744
20989,745
20990,745
20991,745
20992,745
20993,745
20994,746
20995,746
20996,746
20997,746
20998,747
20999,747
21000,748
21001,748
21002,748
21003,749
21004,749
21005,749
21006,750
21007,750
21008,750
21009,751
21010,751
21011,751
21012,752
21013,752
21014,752
21015,752
21016,753
21017,753
21018,753
21019,754
21020,754
21021,754
21022,755
21023,756
21024,758
21025,759
21026,760
21027,762
21028,763
21029,764
21030,765
21031,766
21032,768
21033,769
21034,770
21035,771
21036,772
21037,773
21038,774
21039,774
21040,775
21041,776
21042,777
21043,778
21044,778
21045,779
21046,779
21047,780
21048,780
21049,781
21050,782
21051,782
21052,782
21053,783
21054,783
21055,784
21056,784
21057,784
21058,785
21059,785
21060,785
21061,786
21062,786
21063,786
21064,786
21065,786
21066,787
21067,787
21068,787
21069,787
21070,788
21071,787
21072,788
21073,788
21074,788
21075,788
21076,788
21077,788
21078,789
21079,789
21080,789
21081,789
21082,789
21083,789
21084,789
21085,789
21086,789
21087,789
21088,789
21089,789
21090,788
21091,788
21092,788
21093,787
21094,786
21095,786
21096,785
21097,784
21098,784
21099,783
21100,782
21101,782
21102,781
21103,780
21104,779
21105,779
21106,778
21107,778
21108,777
21109,776
21110,776
21111,775
21112,774
21113,774
21114,773
21115,773
21116,772
21117,772
21118,772
21119,771
21120,770
21121,770
21122,769
21123,768
21124,767
21125,765
21126,764
21127,762
21128,761
21129,759
21130,758
21131,757
21132,755
21133,754
21134,753
21135,752
21136,750
21137,749
21138,748
21139,747
21140,746
21141,745
21142,745
21143,743
21144,742
21145,742
21146,741
21147,740
21148,739
21149,739
21150,738
21151,737
21152,737
21153,736
21154,736
21155,735
21156,734
21157,734
21158,733
21159,732
21160,732
21161,731
21162,731
21163,730
21164,730
21165,729
21166,728
21167,728
21168,728
21169,727
21170,727
21171,726
21172,726
21173,725
21174,725
21175,725
21176,724
21177,724
21178,724
21179,723
21180,723
21181,723
21182,723
21183,723
21184,722
21185,722
21186,722
21187,722
21188,721
21189,720
21190,719
21191,718
21192,716
21193,715
21194,713
21195,712
21196,711
21197,709
21198,708
21199,707
21200,706
21201,705
21202,704
21203,703
21204,702
21205,701
21206,701
21207,700
21208,699
21209,699
21210,698
21211,697
21212,696
21213,696
21214,696
21215,695
21216,695
21217,694
21218,694
21219,693
21220,693
21221,692
21222,691
21223,690
21224,689
21225,687
21226,686
21227,684
21228,683
21229,682
21230,680
21231,679
21232,678
21233,677
21234,676
21235,675
21236,674
21237,673
21238,672
21239,672
21240,671
21241,670
21242,670
21243,669
21244,669
21245,668
21246,668
21247,667
21248,667
21249,667
21250,666
21251,666
21252,666
21253,665
21254,665
21255,665
21256,664
21257,664
21258,664
21259,664
21260,664
21261,664
21262,663
21263,663
21264,663
21265,663
21266,663
21267,663
21268,662
21269,662
21270,662
21271,662
21272,662
21273,662
21274,661
21275,662
21276,662
21277,661
21278,661
21279,661
21280,661
21281,661
21282,661
21283,661
21284,661
21285,661
21286,661
21287,661
21288,661
21289,660
21290,660
21291,660
21292,660
21293,660
21294,660
21295,660
21296,660
21297,660
21298,660
21299,660
21300,660
21301,660
21302,660
21303,660
21304,660
21305,660
21306,660
21307,661
21308,662
21309,664
21310,665
21311,667
21312,668
21313,669
21314,671
21315,672
21316,673
21317,675
21318,676
21319,678
21320,679
21321,681
21322,683
21323,686
21324,689
21325,692
21326,695
21327,699
21328,702
21329,706
21330,709
21331,712
21332,716
21333,718
21334,721
21335,724
21336,727
21337,729
21338,732
21339,734
21340,737
21341,738
21342,741
21343,743
21344,745
21345,747
21346,748
21347,750
21348,752
21349,753
21350,755
21351,756
21352,757
21353,758
21354,760
21355,762
21356,763
21357,764
21358,765
21359,767
21360,768
21361,769
21362,771
21363,772
21364,773
21365,774
21366,775
21367,776
21368,777
21369,778
21370,779
21371,780
21372,780
21373,781
21374,781
21375,781
21376,782
21377,782
21378,782
21379,782
21380,782
21381,782
21382,783
21383,783
21384,783
21385,783
21386,783
21387,783
21388,783
21389,783
21390,783
21391,783
21392,783
21393,783
21394,783
21395,783
21396,783
21397,783
21398,783
21399,783
21400,783
21401,783
21402,783
21403,783
21404,783
21405,782
21406,783
21407,783
21408,783
21409,783
21410,783
21411,783
21412,783
21413,783
21414,783
21415,783
21416,783
21417,783
21418,783
21419,782
21420,783
21421,782
21422,782
21423,781
21424,779
21425,779
21426,778
21427,776
21428,775
21429,774
21430,773
21431,772
21432,771
21433,770
21434,769
21435,768
21436,767
21437,766
21438,765
21439,764
21440,764
21441,764
21442,763
21443,762
21444,762
21445,761
21446,760
21447,760
21448,759
21449,759
21450,759
21451,758
21452,758
21453,757
21454,757
21455,757
21456,757
21457,756
21458,756
21459,755
21460,755
21461,755
21462,755
21463,754
21464,754
21465,754
21466,753
21467,753
21468,753
21469,753
21470,753
21471,753
21472,753
21473,752
21474,752
21475,752
21476,752
21477,752
21478,752
21479,752
21480,752
21481,751
21482,751
21483,751
21484,751
21485,751
21486,751
21487,751
21488,751
21489,752
21490,752
21491,751
21492,752
21493,753
21494,753
21495,753
21496,754
21497,754
21498,754
21499,754
21500,755
21501,755
21502,755
21503,756
21504,756
21505,756
21506,757
21507,757
21508,757
21509,757
21510,757
21511,758
21512,758
21513,758
21514,758
21515,758
21516,759
21517,759
21518,759
21519,759
21520,759
21521,759
21522,759
21523,759
21524,758
21525,759
21526,758
21527,758
21528,758
21529,758
21530,757
21531,757
21532,757
21533,757
21534,756
21535,757
21536,756
21537,756
21538,756
21539,756
21540,756
21541,756
21542,756
21543,755
21544,755
21545,755
21546,755
21547,755
21548,755
21549,755
21550,755
21551,755
21552,755
21553,755
21554,755
21555,755
21556,755
21557,756
21558,756
21559,757
21560,757
21561,758
21562,758
21563,759
21564,759
21565,760
21566,760
21567,761
21568,761
21569,761
21570,762
21571,762
21572,763
21573,763
21574,764
21575,764
21576,765
21577,765
21578,765
21579,765
21580,766
21581,766
21582,766
21583,767
21584,767
21585,767
21586,767
21587,768
21588,769
21589,770
21590,771
21591,773
21592,774
21593,776
21594,777
21595,778
21596,780
21597,781
21598,782
21599,784
21600,785
21601,785
21602,786
21603,787
21604,788
21605,789
21606,790
21607,791
21608,792
21609,792
21610,793
21611,794
21612,794
21613,794
21614,795
21615,796
21616,797
21617,797
21618,798
21619,798
21620,798
21621,799
21622,799
21623,800
21624,800
21625,800
21626,801
21627,801
21628,801
21629,802
21630,802
21631,803
21632,803
21633,803
21634,804
21635,804
21636,804
21637,804
21638,805
21639,805
21640,805
21641,806
21642,806
21643,806
21644,806
21645,807
21646,807
21647,807
21648,807
21649,807
21650,808
21651,808
21652,808
21653,808
21654,808
21655,808
21656,808
21657,808
21658,808
21659,808
21660,808
21661,808
21662,808
21663,807
21664,807
21665,807
21666,806
21667,806
21668,806
21669,806
21670,805
21671,805
21672,804
21673,804
21674,804
21675,804
21676,803
21677,803
21678,802
21679,802
21680,802
21681,802
21682,801
21683,801
21684,801
21685,801
21686,800
21687,800
21688,800
21689,800
21690,799
21691,799
21692,799
21693,799
21694,798
21695,798
21696,798
21697,798
21698,798
21699,798
21700,798
21701,798
21702,797
21703,797
21704,796
21705,795
21706,793
21707,790
21708,787
21709,785
21710,781
21711,779
21712,776
21713,773
21714,770
21715,767
21716,764
21717,762
21718,759
21719,757
21720,754
21721,752
21722,750
21723,748
21724,745
21725,743
21726,741
21727,740
21728,738
21729,736
21730,735
21731,733
21732,732
21733,731
21734,729
21735,728
21736,727
21737,726
21738,724
21739,723
21740,722
21741,720
21742,719
21743,717
21744,716
21745,715
21746,713
21747,712
21748,711
21749,710
21750,709
21751,708
21752,707
21753,706
21754,705
21755,704
21756,704
21757,703
21758,702
21759,702
21760,701
21761,700
21762,700
21763,699
21764,699
21765,698
21766,698
21767,697
21768,697
21769,697
21770,696
21771,696
21772,697
21773,697
21774,697
21775,698
21776,699
21777,700
21778,701
21779,701
21780,702
21781,703
21782,703
21783,704
21784,705
21785,705
21786,706
21787,707
21788,707
21789,707
21790,708
21791,709
21792,709
21793,709
21794,710
21795,710
21796,711
21797,711
21798,711
21799,712
21800,712
21801,712
21802,712
21803,713
21804,713
21805,713
21806,713
21807,713
21808,713
21809,714
21810,714
21811,714
21812,714
21813,714
21814,714
21815,714
21816,714
21817,715
21818,715
21819,715
21820,715
21821,715
21822,715
21823,715
21824,715
21825,715
21826,715
21827,715
21828,715
21829,715
21830,715
21831,715
21832,715
21833,715
21834,715
21835,715
21836,715
21837,715
21838,715
21839,715
21840,715
21841,715
21842,715
21843,714
21844,714
21845,714
21846,714
21847,714
21848,713
21849,713
21850,713
21851,713
21852,713
21853,712
21854,712
21855,712
21856,712
21857,712
21858,712
21859,712
21860,712
21861,711
21862,711
21863,711
21864,711
21865,711
21866,711
21867,711
21868,711
21869,710
21870,711
21871,710
21872,710
21873,710
21874,710
21875,710
21876,710
21877,709
21878,709
21879,709
21880,709
21881,709
21882,709
21883,709
21884,709
21885,709
21886,709
21887,709
21888,710
21889,711
21890,712
21891,713
21892,714
21893,716
21894,717
21895,718
21896,719
21897,720
21898,721
21899,723
21900,724
21901,725
21902,726
21903,727
21904,728
21905,729
21906,730
21907,731
21908,732
21909,733
21910,733
21911,734
21912,735
21913,736
21914,737
21915,738
21916,738
21917,739
21918,740
21919,741
21920,741
21921,742
21922,743
21923,744
21924,744
21925,745
21926,745
21927,745
21928,745
21929,745
21930,745
21931,745
21932,745
21933,745
21934,745
21935,744
21936,744
21937,744
21938,745
21939,745
21940,746
21941,746
21942,747
21943,748
21944,748
21945,749
21946,750
21947,751
21948,751
21949,752
21950,753
21951,754
21952,754
21953,755
21954,756
21955,756
21956,757
21957,757
21958,758
21959,758
21960,759
21961,759
21962,759
21963,759
21964,760
21965,760
21966,761
21967,761
21968,761
21969,762
21970,762
21971,763
21972,763
21973,763
21974,764
21975,764
21976,765
21977,765
21978,765
21979,766
21980,766
21981,767
21982,767
21983,767
21984,767
21985,767
21986,768
21987,767
21988,767
21989,767
21990,767
21991,767
21992,766
21993,766
21994,765
21995,765
21996,765
21997,764
21998,764
21999,764
22000,763
22001,763
22002,763
22003,762
22004,761
22005,760
22006,759
22007,757
22008,756
22009,754
22010,753
22011,751
22012,750
22013,749
22014,747
22015,746
22016,744
22017,743
22018,742
22019,740
22020,739
22021,738
22022,737
22023,736
22024,735
22025,734
22026,733
22027,733
22028,732
22029,731
22030,730
22031,730
22032,729
22033,729
22034,728
22035,728
22036,727
22037,727
22038,727
22039,727
22040,727
22041,727
22042,727
22043,726
22044,726
22045,726
22046,726
22047,726
22048,726
22049,726
22050,725
22051,726
22052,725
22053,725
22054,725
22055,725
22056,724
22057,724
22058,724
22059,723
22060,723
22061,723
22062,723
22063,722
22064,722
22065,721
22066,721
22067,721
22068,721
22069,721
22070,721
22071,722
22072,722
22073,723
22074,724
22075,725
22076,726
22077,727
22078,728
22079,729
22080,730
22081,730
22082,731
22083,732
22084,733
22085,734
22086,734
22087,735
22088,736
22089,736
22090,737
22091,738
22092,738
22093,739
22094,739
22095,740
22096,741
22097,741
22098,742
22099,743
22100,743
22101,744
22102,744
22103,745
22104,745
22105,746
22106,746
22107,747
22108,747
22109,748
22110,748
22111,748
22112,749
22113,749
22114,749
22115,750
22116,750
22117,750
22118,750
22119,750
22120,750
22121,751
22122,751
22123,751
22124,751
22125,751
22126,751
22127,752
22128,751
22129,752
22130,752
22131,752
22132,752
22133,752
22134,752
22135,752
22136,752
22137,752
22138,752
22139,752
22140,752
22141,752
22142,753
22143,752
22144,752
22145,752
22146,752
22147,753
22148,752
22149,752
22150,752
22151,752
22152,752
22153,752
22154,752
22155,751
22156,751
22157,750
22158,750
22159,750
22160,749
22161,748
22162,748
22163,747
22164,747
22165,746
22166,745
22167,745
22168,744
22169,743
22170,742
22171,742
22172,741
22173,740
22174,740
22175,739
22176,738
22177,737
22178,736
22179,736
22180,735
22181,735
22182,734
22183,733
22184,733
22185,732
22186,731
22187,731
22188,730
22189,729
22190,728
22191,728
22192,727
22193,726
22194,725
22195,725
22196,724
22197,723
22198,723
22199,723
22200,722
22201,722
22202,722
22203,721
22204,721
22205,720
22206,720
22207,719
22208,719
22209,718
22210,718
22211,718
22212,717
22213,717
22214,717
22215,717
22216,716
22217,716
22218,716
22219,715
22220,715
22221,715
22222,715
22223,714
22224,714
22225,714
22226,714
22227,714
22228,714
22229,714
22230,714
22231,714
22232,714
22233,714
22234,713
22235,714
22236,714
22237,714
22238,714
22239,715
22240,715
22241,715
22242,716
22243,716
22244,716
22245,717
22246,717
22247,718
22248,718
22249,718
22250,718
22251,719
22252,719
22253,719
22254,720
22255,720
22256,720
22257,720
22258,721
22259,721
22260,721
22261,721
22262,722
22263,722
22264,722
22265,723
22266,723
22267,723
22268,723
22269,723
22270,723
22271,723
22272,724
22273,723
22274,724
22275,724
22276,724
22277,724
22278,724
22279,724
22280,724
22281,724
22282,724
22283,724
22284,724
22285,724
22286,724
22287,724
22288,724
22289,725
22290,725
22291,725
22292,725
22293,725
22294,725
22295,725
22296,725
22297,725
22298,725
22299,725
22300,725
22301,725
22302,725
22303,725
22304,725
22305,725
22306,725
22307,725
22308,725
22309,725
22310,725
22311,725
22312,725
22313,725
22314,725
22315,725
22316,725
22317,725
22318,724
22319,724
22320,723
22321,723
22322,723
22323,722
22324,721
22325,720
22326,720
22327,719
22328,718
22329,717
22330,717
22331,716
22332,715
22333,715
22334,714
22335,713
22336,712
22337,712
22338,711
22339,711
22340,710
22341,710
22342,709
22343,709
22344,708
22345,707
22346,707
22347,706
22348,706
22349,706
22350,705
22351,705
22352,704
22353,704
22354,704
22355,704
22356,703
22357,703
22358,703
22359,703
22360,702
22361,702
22362,701
22363,702
22364,701
22365,701
22366,701
22367,700
22368,700
22369,700
22370,700
22371,699
22372,698
22373,698
22374,697
22375,697
22376,696
22377,696
22378,695
22379,695
22380,694
22381,694
22382,693
22383,693
22384,692
22385,692
22386,692
22387,691
22388,691
22389,691
22390,690
22391,690
22392,690
22393,689
22394,689
22395,689
22396,689
22397,689
22398,688
22399,688
22400,688
22401,688
22402,688
22403,687
22404,687
22405,687
22406,687
22407,687
22408,687
22409,687
22410,686
22411,686
22412,686
22413,686
22414,686
22415,686
22416,686
22417,686
22418,687
22419,687
22420,687
22421,688
22422,688
22423,689
22424,690
22425,690
22426,691
22427,691
22428,692
22429,692
22430,693
22431,694
22432,694
22433,695
22434,695
22435,695
22436,696
22437,696
22438,697
22439,697
22440,697
22441,698
22442,698
22443,698
22444,699
22445,699
22446,699
22447,699
22448,700
22449,700
22450,701
22451,700
22452,701
22453,701
22454,701
22455,701
22456,702
22457,702
22458,702
22459,702
22460,702
22461,702
22462,702
22463,702
22464,702
22465,703
22466,703
22467,703
22468,703
22469,703
22470,703
22471,703
22472,703
22473,703
22474,703
22475,703
22476,703
22477,703
22478,703
22479,703
22480,703
22481,703
22482,704
22483,704
22484,703
22485,704
22486,704
22487,704
22488,704
22489,704
22490,704
22491,704
22492,704
22493,704
22494,704
22495,704
22496,704
22497,704
22498,704
22499,704
22500,704
22501,704
22502,704
22503,704
22504,704
22505,704
22506,704
22507,704
22508,704
22509,704
22510,704
22511,704
22512,703
22513,704
22514,704
22515,704
22516,704
22517,703
22518,703
22519,704
22520,703
22521,704
22522,704
22523,704
22524,704
22525,704
22526,704
22527,703
22528,703
22529,704
22530,704
22531,703
22532,703
22533,703
22534,702
22535,700
22536,699
22537,697
22538,696
22539,694
22540,692
22541,690
22542,689
22543,687
22544,685
22545,684
22546,682
22547,681
22548,680
22549,679
22550,677
22551,676
22552,675
22553,674
22554,673
22555,672
22556,671
22557,670
22558,669
22559,668
22560,668
22561,667
22562,667
22563,666
22564,665
22565,664
22566,664
22567,662
22568,661
22569,659
22570,657
22571,655
22572,654
22573,652
22574,650
22575,649
22576,648
22577,646
22578,645
22579,644
22580,643
22581,642
22582,641
22583,640
22584,639
22585,639
22586,638
22587,637
22588,636
22589,636
22590,635
22591,635
22592,634
22593,634
22594,633
22595,633
22596,632
22597,632
22598,632
22599,631
22600,631
22601,631
22602,630
22603,630
22604,630
22605,630
22606,630
22607,629
22608,629
22609,629
22610,629
22611,628
22612,628
22613,628
22614,628
22615,628
22616,628
22617,628
22618,628
22619,627
22620,627
22621,627
22622,627
22623,627
22624,627
22625,627
22626,626
22627,626
22628,626
22629,626
22630,626
22631,626
22632,626
22633,626
22634,626
22635,626
22636,626
22637,625
22638,625
22639,625
22640,625
22641,625
22642,625
22643,625
22644,625
22645,625
22646,625
22647,625
22648,625
22649,625
22650,625
22651,626
22652,626
22653,627
22654,628
22655,629
22656,630
22657,632
22658,633
22659,634
22660,635
22661,637
22662,638
22663,639
22664,640
22665,641
22666,643
22667,644
22668,646
22669,648
22670,650
22671,652
22672,654
22673,656
22674,658
22675,660
22676,662
22677,664
22678,666
22679,668
22680,669
22681,671
22682,673
22683,674
22684,676
22685,677
22686,679
22687,680
22688,682
22689,683
22690,684
22691,685
22692,687
22693,688
22694,689
22695,690
22696,691
22697,692
22698,693
22699,694
22700,694
22701,695
22702,696
22703,697
22704,697
22705,698
22706,699
22707,699
22708,699
22709,700
22710,701
22711,701
22712,702
22713,702
22714,703
22715,703
22716,703
22717,704
22718,704
22719,704
22720,705
22721,705
22722,705
22723,705
22724,705
22725,706
22726,706
22727,706
22728,706
22729,707
22730,707
22731,707
22732,707
22733,707
22734,708
22735,708
22736,708
22737,708
22738,708
22739,708
22740,708
22741,709
22742,709
22743,709
22744,709
22745,709
22746,709
22747,709
22748,709
22749,709
22750,710
22751,710
22752,710
22753,710
22754,711
22755,711
22756,711
22757,712
22758,712
22759,713
22760,712
22761,713
22762,713
22763,713
22764,714
22765,714
22766,714
22767,714
22768,715
22769,715
22770,715
22771,715
22772,715
22773,716
22774,716
22775,716
22776,716
22777,716
22778,717
22779,717
22780,717
22781,717
22782,717
22783,717
22784,718
22785,717
22786,718
22787,718
22788,718
22789,718
22790,718
22791,718
22792,718
22793,718
22794,719
22795,719
22796,719
22797,719
22798,719
22799,719
22800,719
22801,719
22802,719
22803,719
22804,720
22805,720
22806,720
22807,720
22808,720
22809,720
22810,720
22811,720
22812,720
22813,720
22814,720
22815,720
22816,720
22817,720
22818,720
22819,719
22820,719
22821,719
22822,718
22823,717
22824,717
22825,716
22826,715
22827,715
22828,714
22829,714
22830,713
22831,712
22832,712
22833,711
22834,711
22835,710
22836,709
22837,709
22838,709
22839,708
22840,707
22841,707
22842,706
22843,706
22844,705
22845,705
22846,705
22847,704
22848,704
22849,703
22850,702
22851,701
22852,699
22853,698
22854,696
22855,694
22856,692
22857,690
22858,688
22859,687
22860,685
22861,683
22862,682
22863,680
22864,679
22865,677
22866,676
22867,675
22868,674
22869,672
22870,672
22871,671
22872,670
22873,669
22874,668
22875,667
22876,666
22877,666
22878,665
22879,664
22880,664
22881,663
22882,662
22883,662
22884,661
22885,661
22886,660
22887,660
22888,659
22889,659
22890,659
22891,658
22892,658
22893,658
22894,657
22895,657
22896,657
22897,657
22898,657
22899,656
22900,656
22901,657
22902,657
22903,658
22904,659
22905,659
22906,660
22907,661
22908,662
22909,662
22910,663
22911,664
22912,665
22913,665
22914,666
22915,667
22916,667
22917,668
22918,668
22919,669
22920,669
22921,670
22922,670
22923,671
22924,671
22925,671
22926,672
22927,672
22928,672
22929,673
22930,673
22931,673
22932,673
22933,674
22934,674
22935,674
22936,674
22937,675
22938,675
22939,675
22940,675
22941,676
22942,676
22943,676
22944,676
22945,676
22946,676
22947,676
22948,676
22949,677
22950,678
22951,679
22952,680
22953,681
22954,683
22955,684
22956,686
22957,687
22958,688
22959,690
22960,691
22961,692
22962,694
22963,695
22964,696
22965,697
22966,698
22967,699
22968,700
22969,701
22970,702
22971,703
22972,704
22973,705
22974,706
22975,706
22976,707
22977,708
22978,708
22979,709
22980,710
22981,711
22982,711
22983,711
22984,711
22985,712
22986,712
22987,712
22988,712
22989,712
22990,712
22991,712
22992,712
22993,712
22994,712
22995,712
22996,712
22997,712
22998,712
22999,712
23000,712
23001,712
23002,712
23003,712
23004,711
23005,712
23006,712
23007,711
23008,711
23009,711
23010,711
23011,711
23012,711
23013,711
23014,711
23015,711
23016,711
23017,711
23018,711
23019,711
23020,711
23021,710
23022,710
23023,711
23024,710
23025,710
23026,710
23027,710
23028,710
23029,710
23030,710
23031,710
23032,710
23033,710
23034,709
23035,709
23036,709
23037,708
23038,708
23039,707
23040,707
23041,706
23042,706
23043,705
23044,705
23045,705
23046,704
23047,704
23048,703
23049,703
23050,703
23051,702
23052,702
23053,702
23054,701
23055,701
23056,701
23057,700
23058,700
23059,699
23060,699
23061,699
23062,699
23063,699
23064,699
23065,698
23066,698
23067,698
23068,697
23069,697
23070,696
23071,696
23072,696
23073,695
23074,695
23075,694
23076,694
23077,694
23078,693
23079,693
23080,692
23081,692
23082,691
23083,690
23084,689
23085,687
23086,686
23087,684
23088,682
23089,681
23090,679
23091,677
23092,676
23093,674
23094,672
23095,671
23096,670
23097,668
23098,667
23099,666
23100,665
23101,663
23102,663
23103,662
23104,661
23105,660
23106,659
23107,658
23108,658
23109,657
23110,656
23111,656
23112,655
23113,655
23114,654
23115,654
23116,653
23117,653
23118,652
23119,652
23120,652
23121,652
23122,651
23123,651
23124,651
23125,650
23126,650
23127,650
23128,649
23129,649
23130,649
23131,649
23132,648
23133,648
23134,647
23135,646
23136,644
23137,643
23138,642
23139,641
23140,640
23141,639
23142,637
23143,637
23144,636
23145,635
23146,634
23147,633
23148,633
23149,632
23150,631
23151,631
23152,631
23153,631
23154,630
23155,630
23156,630
23157,630
23158,630
23159,630
23160,630
23161,630
23162,630
23163,630
23164,630
23165,630
23166,630
23167,630
23168,630
23169,630
23170,630
23171,630
23172,630
23173,630
23174,630
23175,630
23176,630
23177,630
23178,630
23179,630
23180,630
23181,630
23182,630
23183,631
23184,632
23185,633
23186,634
23187,637
23188,639
23189,641
23190,643
23191,645
23192,648
23193,650
23194,652
23195,654
23196,656
23197,658
23198,660
23199,662
23200,664
23201,666
23202,667
23203,669
23204,671
23205,672
23206,673
23207,674
23208,676
23209,677
23210,678
23211,679
23212,680
23213,681
23214,682
23215,683
23216,684
23217,685
23218,687
23219,688
23220,689
23221,691
23222,692
23223,693
23224,694
23225,695
23226,696
23227,698
23228,699
23229,700
23230,701
23231,701
23232,702
23233,703
23234,704
23235,704
23236,705
23237,706
23238,706
23239,707
23240,707
23241,708
23242,708
23243,708
23244,709
23245,709
23246,710
23247,710
23248,711
23249,711
23250,711
23251,711
23252,711
23253,712
23254,712
23255,713
23256,713
23257,713
23258,713
23259,713
23260,714
23261,714
23262,714
23263,714
23264,715
23265,715
23266,715
23267,715
23268,715
23269,715
23270,715
23271,715
23272,715
23273,715
23274,715
23275,715
23276,715
23277,715
23278,715
23279,715
23280,715
23281,715
23282,715
23283,714
23284,714
23285,714
23286,714
23287,714
23288,714
23289,715
23290,714
23291,714
23292,714
23293,714
23294,714
23295,714
23296,714
23297,714
23298,714
23299,714
23300,714
23301,714
23302,714
23303,714
23304,714
23305,714
23306,714
23307,714
23308,714
23309,714
23310,714
23311,714
23312,714
23313,714
23314,714
23315,714
23316,714
23317,713
23318,713
23319,713
23320,713
23321,712
23322,712
23323,711
23324,711
23325,711
23326,710
23327,710
23328,710
23329,709
23330,709
23331,709
23332,708
23333,708
23334,707
23335,707
23336,707
23337,707
23338,706
23339,706
23340,706
23341,705
23342,705
23343,705
23344,704
23345,704
23346,704
23347,704
23348,704
23349,704
23350,703
23351,703
23352,703
23353,703
23354,703
23355,703
23356,703
23357,703
23358,703
23359,703
23360,703
23361,703
23362,703
23363,703
23364,703
23365,703
23366,703
23367,703
23368,703
23369,703
23370,703
23371,703
23372,703
23373,703
23374,703
23375,703
23376,703
23377,703
23378,703
23379,703
23380,703
23381,703
23382,702
23383,703
23384,703
23385,703
23386,703
23387,703
