1,43
2,43
3,43
4,44
5,43
6,44
7,44
8,44
9,44
10,45
11,45
12,45
13,45
14,45
15,45
16,45
17,45
18,45
19,45
20,45
21,45
22,44
23,43
24,43
25,43
26,42
27,42
28,41
29,40
30,40
31,40
32,39
33,39
34,39
35,38
36,38
37,38
38,37
39,37
40,37
41,37
42,36
43,36
44,36
45,36
46,35
47,35
48,35
49,35
50,35
51,35
52,35
53,35
54,35
55,34
56,34
57,34
58,34
59,34
60,34
61,34
62,34
63,34
64,34
65,34
66,34
67,33
68,33
69,33
70,32
71,31
72,31
73,30
74,30
75,29
76,28
77,28
78,27
79,27
80,26
81,26
82,25
83,24
84,24
85,24
86,23
87,23
88,23
89,22
90,22
91,22
92,21
93,21
94,20
95,20
96,20
97,20
98,20
99,19
100,19
101,19
102,19
103,19
104,18
105,18
106,18
107,18
108,18
109,18
110,17
111,17
112,17
113,17
114,17
115,17
116,17
117,17
118,17
119,16
120,16
121,16
122,16
123,16
124,16
125,16
126,16
127,16
128,16
129,16
130,15
131,16
132,16
133,15
134,15
135,15
136,15
137,15
138,15
139,15
140,14
141,14
142,15
143,15
144,15
145,14
146,14
147,14
148,14
149,14
150,14
151,14
152,14
153,14
154,13
155,13
156,13
157,13
158,13
159,13
160,13
161,13
162,13
163,13
164,13
165,13
166,13
167,13
168,13
169,13
170,12
171,12
172,12
173,13
174,13
175,13
176,13
177,13
178,13
179,13
180,12
181,13
182,13
183,13
184,12
185,12
186,12
187,12
188,12
189,12
190,12
191,12
192,11
193,11
194,11
195,11
196,11
197,11
198,11
199,11
200,11
201,10
202,11
203,10
204,11
205,11
206,10
207,10
208,10
209,10
210,10
211,10
212,10
213,10
214,10
215,10
216,10
217,9
218,9
219,10
220,10
221,9
222,9
223,9
224,9
225,9
226,9
227,9
228,9
229,9
230,9
231,9
232,9
233,9
234,9
235,9
236,9
237,9
238,9
239,9
240,9
241,8
242,9
243,9
244,9
245,8
246,8
247,8
248,8
249,8
250,9
251,8
252,8
253,8
254,8
255,8
256,8
257,8
258,8
259,8
260,8
261,8
262,8
263,8
264,8
265,8
266,8
267,8
268,8
269,8
270,8
271,8
272,7
273,8
274,8
275,8
276,8
277,7
278,7
279,7
280,7
281,8
282,8
283,8
284,8
285,8
286,8
287,8
288,8
289,9
290,9
291,9
292,9
293,10
294,10
295,10
296,10
297,11
298,11
299,11
300,12
301,12
302,13
303,14
304,14
305,15
306,16
307,17
308,18
309,19
310,19
311,20
312,21
313,22
314,22
315,23
316,24
317,24
318,25
319,25
320,26
321,27
322,27
323,27
324,28
325,29
326,29
327,30
328,30
329,30
330,30
331,30
332,31
333,31
334,31
335,31
336,30
337,30
338,30
339,30
340,30
341,30
342,30
343,29
344,29
345,29
346,29
347,28
348,28
349,28
350,27
351,28
352,27
353,26
354,25
355,24
356,23
357,23
358,23
359,22
360,21
361,20
362,20
363,19
364,19
365,18
366,18
367,18
368,17
369,17
370,16
371,16
372,16
373,15
374,15
375,15
376,14
377,14
378,14
379,14
380,13
381,13
382,13
383,13
384,13
385,12
386,12
387,12
388,12
389,12
390,11
391,12
392,11
393,11
394,11
395,11
396,10
397,11
398,11
399,11
400,11
401,10
402,10
403,10
404,10
405,10
406,10
407,10
408,9
409,10
410,9
411,10
412,9
413,9
414,9
415,9
416,8
417,8
418,9
419,8
420,9
421,8
422,8
423,9
424,8
425,8
426,8
427,8
428,8
429,8
430,8
431,8
432,8
433,8
434,8
435,8
436,8
437,8
438,8
439,8
440,8
441,8
442,8
443,8
444,8
445,9
446,8
447,9
448,9
449,9
450,9
451,9
452,9
453,9
454,9
455,9
456,10
457,10
458,10
459,10
460,10
461,10
462,10
463,10
464,10
465,10
466,10
467,10
468,10
469,11
470,10
471,10
472,10
473,10
474,11
475,11
476,11
477,11
478,10
479,11
480,11
481,11
482,11
483,11
484,11
485,11
486,12
487,11
488,12
489,12
490,12
491,12
492,12
493,13
494,13
495,13
496,14
497,13
498,13
499,14
500,14
501,14
502,15
503,15
504,15
505,15
506,16
507,16
508,16
509,16
510,17
511,17
512,17
513,17
514,17
515,18
516,18
517,18
518,18
519,18
520,19
521,18
522,19
523,19
524,19
525,19
526,20
527,20
528,20
529,20
530,20
531,20
532,20
533,21
534,21
535,22
536,23
537,23
538,24
539,24
540,25
541,26
542,27
543,28
544,28
545,28
546,29
547,29
548,30
549,30
550,31
551,31
552,32
553,32
554,32
555,33
556,33
557,33
558,33
559,34
560,34
561,34
562,34
563,35
564,35
565,35
566,35
567,36
568,37
569,37
570,38
571,38
572,39
573,40
574,40
575,40
576,41
577,41
578,42
579,42
580,43
581,43
582,44
583,44
584,44
585,44
586,44
587,45
588,45
589,45
590,45
591,45
592,45
593,45
594,46
595,45
596,46
597,46
598,46
599,46
600,46
601,46
602,46
603,46
604,46
605,45
606,46
607,46
608,46
609,46
610,45
611,46
612,46
613,45
614,45
615,45
616,45
617,45
618,45
619,45
620,45
621,45
622,45
623,45
624,45
625,45
626,45
627,45
628,45
629,45
630,45
631,45
632,45
633,45
634,44
635,43
636,43
637,42
638,41
639,40
640,39
641,38
642,37
643,36
644,35
645,34
646,33
647,32
648,32
649,31
650,31
651,29
652,29
653,28
654,27
655,27
656,27
657,26
658,25
659,25
660,24
661,24
662,24
663,23
664,23
665,23
666,22
667,21
668,21
669,20
670,20
671,19
672,19
673,18
674,18
675,18
676,17
677,16
678,16
679,15
680,15
681,15
682,15
683,14
684,14
685,13
686,13
687,13
688,13
689,12
690,12
691,12
692,12
693,12
694,12
695,11
696,12
697,11
698,11
699,11
700,11
701,10
702,10
703,10
704,10
705,10
706,11
707,10
708,10
709,10
710,10
711,11
712,10
713,10
714,10
715,10
716,10
717,10
718,10
719,10
720,10
721,10
722,10
723,10
724,10
725,10
726,10
727,10
728,10
729,10
730,10
731,10
732,10
733,10
734,10
735,10
736,11
737,10
738,10
739,11
740,11
741,11
742,11
743,12
744,11
745,12
746,12
747,12
748,12
749,12
750,13
751,13
752,13
753,13
754,13
755,13
756,14
757,14
758,14
759,13
760,13
761,14
762,14
763,14
764,14
765,14
766,14
767,14
768,15
769,14
770,14
771,15
772,15
773,15
774,15
775,15
776,15
777,15
778,15
779,15
780,15
781,15
782,16
783,15
784,15
785,15
786,15
787,15
788,15
789,15
790,15
791,15
792,15
793,15
794,15
795,15
796,15
797,15
798,15
799,15
800,15
801,15
802,15
803,15
804,15
805,15
806,15
807,15
808,15
809,15
810,15
811,15
812,15
813,15
814,15
815,14
816,15
817,15
818,15
819,15
820,15
821,15
822,15
823,15
824,15
825,15
826,15
827,15
828,15
829,15
830,15
831,15
832,15
833,15
834,15
835,15
836,15
837,16
838,16
839,16
840,16
841,17
842,17
843,17
844,18
845,18
846,18
847,18
848,18
849,19
850,19
851,19
852,19
853,20
854,19
855,20
856,20
857,20
858,20
859,21
860,20
861,20
862,21
863,21
864,21
865,21
866,21
867,21
868,21
869,22
870,22
871,22
872,22
873,22
874,22
875,22
876,22
877,22
878,22
879,22
880,22
881,22
882,22
883,22
884,23
885,22
886,22
887,22
888,22
889,22
890,23
891,23
892,22
893,23
894,23
895,23
896,23
897,23
898,23
899,23
900,23
901,23
902,22
903,23
904,23
905,23
906,23
907,22
908,22
909,23
910,22
911,23
912,23
913,23
914,23
915,23
916,23
917,23
918,24
919,23
920,23
921,23
922,23
923,23
924,23
925,23
926,23
927,23
928,23
929,23
930,23
931,24
932,23
933,23
934,22
935,22
936,21
937,21
938,20
939,20
940,20
941,20
942,19
943,18
944,18
945,18
946,17
947,17
948,17
949,16
950,16
951,16
952,15
953,15
954,15
955,15
956,15
957,15
958,14
959,14
960,14
961,14
962,13
963,13
964,13
965,13
966,13
967,13
968,12
969,12
970,12
971,12
972,12
973,11
974,11
975,11
976,11
977,11
978,10
979,11
980,10
981,10
982,10
983,10
984,10
985,9
986,9
987,9
988,9
989,9
990,9
991,9
992,9
993,9
994,9
995,8
996,8
997,8
998,8
999,7
1000,9
1001,8
1002,9
1003,9
1004,8
1005,8
1006,9
1007,9
1008,9
1009,9
1010,9
1011,9
1012,9
1013,9
1014,9
1015,9
1016,10
1017,10
1018,10
1019,9
1020,9
1021,10
1022,10
1023,10
1024,10
1025,10
1026,10
1027,10
1028,10
1029,10
1030,10
1031,10
1032,11
1033,11
1034,12
1035,12
1036,12
1037,13
1038,13
1039,14
1040,15
1041,15
1042,15
1043,16
1044,16
1045,17
1046,17
1047,18
1048,19
1049,19
1050,20
1051,20
1052,21
1053,21
1054,21
1055,22
1056,22
1057,22
1058,23
1059,23
1060,23
1061,24
1062,24
1063,25
1064,25
1065,25
1066,25
1067,25
1068,26
1069,26
1070,26
1071,26
1072,26
1073,26
1074,27
1075,26
1076,26
1077,27
1078,27
1079,27
1080,27
1081,28
1082,28
1083,28
1084,27
1085,28
1086,27
1087,27
1088,27
1089,26
1090,26
1091,26
1092,26
1093,26
1094,26
1095,26
1096,25
1097,25
1098,25
1099,25
1100,25
1101,25
1102,25
1103,25
1104,25
1105,25
1106,25
1107,24
1108,25
1109,25
1110,24
1111,24
1112,24
1113,24
1114,24
1115,24
1116,24
1117,24
1118,24
1119,24
1120,25
1121,25
1122,25
1123,25
1124,26
1125,26
1126,26
1127,26
1128,26
1129,26
1130,26
1131,26
1132,27
1133,27
1134,27
1135,27
1136,27
1137,27
1138,27
1139,27
1140,28
1141,28
1142,27
1143,28
1144,28
1145,28
1146,28
1147,28
1148,28
1149,29
1150,29
1151,29
1152,30
1153,30
1154,30
1155,31
1156,31
1157,32
1158,32
1159,32
1160,33
1161,33
1162,33
1163,33
1164,34
1165,34
1166,34
1167,35
1168,35
1169,35
1170,35
1171,35
1172,36
1173,36
1174,36
1175,36
1176,36
1177,36
1178,36
1179,36
1180,37
1181,37
1182,37
1183,37
1184,37
1185,37
1186,37
1187,37
1188,37
1189,37
1190,37
1191,38
1192,38
1193,37
1194,38
1195,37
1196,37
1197,38
1198,38
1199,38
1200,37
1201,37
1202,37
1203,37
1204,36
1205,36
1206,35
1207,35
1208,35
1209,35
1210,34
1211,34
1212,34
1213,34
1214,33
1215,33
1216,33
1217,33
1218,32
1219,32
1220,32
1221,32
1222,31
1223,31
1224,31
1225,31
1226,31
1227,31
1228,31
1229,31
1230,31
1231,31
1232,31
1233,31
1234,31
1235,30
1236,30
1237,30
1238,30
1239,30
1240,30
1241,30
1242,30
1243,30
1244,30
1245,30
1246,30
1247,30
1248,30
1249,29
1250,29
1251,28
1252,28
1253,28
1254,27
1255,27
1256,26
1257,26
1258,26
1259,25
1260,24
1261,24
1262,24
1263,23
1264,23
1265,23
1266,23
1267,22
1268,22
1269,22
1270,21
1271,21
1272,21
1273,21
1274,21
1275,20
1276,20
1277,20
1278,20
1279,20
1280,19
1281,19
1282,19
1283,19
1284,19
1285,19
1286,19
1287,18
1288,18
1289,18
1290,18
1291,18
1292,18
1293,18
1294,18
1295,18
1296,17
1297,18
1298,18
1299,18
1300,18
1301,18
1302,18
1303,18
1304,18
1305,18
1306,18
1307,18
1308,18
1309,18
1310,17
1311,17
1312,17
1313,17
1314,18
1315,17
1316,17
1317,18
1318,17
1319,18
1320,18
1321,18
1322,18
1323,19
1324,20
1325,20
1326,20
1327,20
1328,20
1329,20
1330,20
1331,21
1332,21
1333,21
1334,21
1335,20
1336,20
1337,20
1338,20
1339,20
1340,20
1341,20
1342,20
1343,20
1344,20
1345,19
1346,19
1347,19
1348,19
1349,19
1350,19
1351,19
1352,19
1353,18
1354,19
1355,19
1356,19
1357,18
1358,18
1359,18
1360,18
1361,18
1362,18
1363,18
1364,18
1365,18
1366,18
1367,17
1368,17
1369,16
1370,16
1371,15
1372,15
1373,15
1374,15
1375,14
1376,14
1377,14
1378,13
1379,13
1380,13
1381,12
1382,12
1383,12
1384,12
1385,12
1386,12
1387,11
1388,11
1389,11
1390,11
1391,11
1392,10
1393,10
1394,10
1395,10
1396,10
1397,10
1398,9
1399,10
1400,9
1401,10
1402,9
1403,9
1404,9
1405,9
1406,9
1407,9
1408,9
1409,8
1410,9
1411,9
1412,8
1413,8
1414,8
1415,8
1416,9
1417,8
1418,8
1419,8
1420,8
1421,8
1422,8
1423,8
1424,8
1425,8
1426,8
1427,8
1428,7
1429,8
1430,8
1431,8
1432,8
1433,8
1434,8
1435,7
1436,7
1437,7
1438,8
1439,8
1440,7
1441,7
1442,7
1443,7
1444,7
1445,8
1446,7
1447,8
1448,8
1449,7
1450,7
1451,8
1452,8
1453,8
1454,8
1455,8
1456,8
1457,8
1458,9
1459,8
1460,9
1461,9
1462,10
1463,10
1464,10
1465,10
1466,10
1467,11
1468,11
1469,11
1470,12
1471,12
1472,13
1473,13
1474,13
1475,14
1476,14
1477,15
1478,15
1479,15
1480,15
1481,16
1482,16
1483,16
1484,17
1485,17
1486,17
1487,17
1488,18
1489,18
1490,18
1491,18
1492,19
1493,19
1494,19
1495,19
1496,19
1497,20
1498,20
1499,20
1500,20
1501,20
1502,20
1503,20
1504,20
1505,20
1506,20
1507,19
1508,20
1509,19
1510,20
1511,19
1512,19
1513,19
1514,19
1515,19
1516,19
1517,19
1518,19
1519,19
1520,18
1521,18
1522,19
1523,18
1524,19
1525,18
1526,18
1527,18
1528,19
1529,18
1530,18
1531,18
1532,18
1533,18
1534,18
1535,18
1536,18
1537,18
1538,18
1539,18
1540,18
1541,18
1542,18
1543,18
1544,18
1545,18
1546,18
1547,17
1548,18
1549,18
1550,18
1551,18
1552,17
1553,18
1554,18
1555,18
1556,18
1557,17
1558,17
1559,17
1560,17
1561,17
1562,17
1563,17
1564,17
1565,17
1566,17
1567,17
1568,17
1569,18
1570,18
1571,18
1572,18
1573,18
1574,18
1575,19
1576,19
1577,19
1578,19
1579,19
1580,19
1581,19
1582,19
1583,20
1584,20
1585,20
1586,20
1587,20
1588,20
1589,21
1590,20
1591,21
1592,21
1593,21
1594,21
1595,21
1596,21
1597,21
1598,21
1599,21
1600,21
1601,21
1602,21
1603,21
1604,21
1605,21
1606,22
1607,22
1608,22
1609,22
1610,22
1611,22
1612,22
1613,22
1614,22
1615,22
1616,22
1617,22
1618,22
1619,22
1620,22
1621,22
1622,22
1623,22
1624,22
1625,22
1626,22
1627,22
1628,22
1629,22
1630,22
1631,23
1632,22
1633,22
1634,22
1635,22
1636,22
1637,22
1638,23
1639,22
1640,23
1641,22
1642,22
1643,22
1644,22
1645,23
1646,22
1647,22
1648,23
1649,22
1650,22
1651,22
1652,22
1653,22
1654,22
1655,22
1656,22
1657,22
1658,22
1659,22
1660,22
1661,22
1662,22
1663,22
1664,21
1665,21
1666,21
1667,21
1668,20
1669,20
1670,20
1671,20
1672,19
1673,19
1674,19
1675,18
1676,18
1677,18
1678,17
1679,17
1680,17
1681,17
1682,16
1683,16
1684,16
1685,16
1686,15
1687,15
1688,15
1689,15
1690,15
1691,14
1692,15
1693,14
1694,14
1695,14
1696,14
1697,14
1698,14
1699,13
1700,13
1701,13
1702,13
1703,13
1704,13
1705,13
1706,13
1707,13
1708,13
1709,13
1710,13
1711,13
1712,13
1713,13
1714,13
1715,13
1716,13
1717,13
1718,13
1719,12
1720,12
1721,12
1722,13
1723,13
1724,13
1725,12
1726,12
1727,13
1728,12
1729,12
1730,12
1731,13
1732,13
1733,13
1734,14
1735,14
1736,15
1737,16
1738,17
1739,17
1740,17
1741,18
1742,19
1743,19
1744,20
1745,21
1746,21
1747,22
1748,23
1749,24
1750,26
1751,27
1752,29
1753,30
1754,31
1755,32
1756,33
1757,34
1758,35
1759,36
1760,37
1761,37
1762,38
1763,39
1764,39
1765,40
1766,40
1767,41
1768,41
1769,42
1770,42
1771,43
1772,43
1773,43
1774,43
1775,44
1776,43
1777,44
1778,44
1779,44
1780,45
1781,45
1782,45
1783,45
1784,45
1785,45
1786,45
1787,44
1788,45
1789,44
1790,44
1791,44
1792,44
1793,44
1794,44
1795,44
1796,44
1797,44
1798,44
1799,44
1800,44
1801,44
1802,43
1803,43
1804,43
1805,43
1806,43
1807,43
1808,43
1809,44
1810,43
1811,43
1812,43
1813,43
1814,43
1815,43
1816,42
1817,42
1818,41
1819,40
1820,39
1821,38
1822,38
1823,38
1824,37
1825,36
1826,35
1827,35
1828,34
1829,34
1830,33
1831,33
1832,32
1833,32
1834,31
1835,31
1836,30
1837,30
1838,30
1839,29
1840,29
1841,29
1842,28
1843,28
1844,28
1845,27
1846,27
1847,27
1848,27
1849,26
1850,26
1851,26
1852,25
1853,25
1854,24
1855,24
1856,24
1857,23
1858,23
1859,23
1860,23
1861,22
1862,22
1863,21
1864,21
1865,21
1866,21
1867,20
1868,20
1869,20
1870,20
1871,20
1872,20
1873,19
1874,19
1875,19
1876,19
1877,19
1878,19
1879,18
1880,18
1881,18
1882,18
1883,18
1884,17
1885,17
1886,17
1887,17
1888,17
1889,16
1890,16
1891,16
1892,16
1893,15
1894,15
1895,15
1896,15
1897,15
1898,15
1899,15
1900,15
1901,15
1902,14
1903,14
1904,14
1905,14
1906,14
1907,14
1908,14
1909,14
1910,14
1911,14
1912,14
1913,13
1914,13
1915,13
1916,13
1917,13
1918,12
1919,12
1920,12
1921,12
1922,12
1923,12
1924,11
1925,11
1926,11
1927,11
1928,10
1929,10
1930,10
1931,10
1932,10
1933,10
1934,10
1935,10
1936,9
1937,10
1938,9
1939,9
1940,9
1941,9
1942,9
1943,9
1944,9
1945,9
1946,9
1947,9
1948,8
1949,8
1950,8
1951,8
1952,8
1953,8
1954,8
1955,8
1956,8
1957,8
1958,8
1959,8
1960,7
1961,7
1962,8
1963,7
1964,7
1965,8
1966,7
1967,7
1968,8
1969,8
1970,7
1971,7
1972,7
1973,7
1974,7
1975,7
1976,7
1977,7
1978,7
1979,7
1980,7
1981,7
1982,7
1983,7
1984,7
1985,7
1986,7
1987,7
1988,7
1989,7
1990,7
1991,7
1992,7
1993,7
1994,7
1995,6
1996,6
1997,7
1998,6
1999,7
2000,7
2001,7
2002,7
2003,7
2004,7
2005,7
2006,7
2007,7
2008,8
2009,8
2010,8
2011,8
2012,8
2013,8
2014,9
2015,9
2016,9
2017,10
2018,11
2019,12
2020,13
2021,14
2022,15
2023,16
2024,17
2025,17
2026,18
2027,19
2028,20
2029,21
2030,22
2031,23
2032,23
2033,24
2034,25
2035,26
2036,26
2037,26
2038,27
2039,27
2040,28
2041,28
2042,29
2043,29
2044,29
2045,30
2046,31
2047,31
2048,31
2049,31
2050,31
2051,32
2052,32
2053,32
2054,32
2055,33
2056,33
2057,33
2058,33
2059,33
2060,34
2061,34
2062,34
2063,34
2064,34
2065,34
2066,34
2067,34
2068,34
2069,34
2070,34
2071,34
2072,33
2073,34
2074,34
2075,33
2076,33
2077,33
2078,33
2079,33
2080,33
2081,32
2082,32
2083,32
2084,30
2085,30
2086,29
2087,28
2088,28
2089,27
2090,27
2091,26
2092,26
2093,25
2094,25
2095,24
2096,24
2097,23
2098,23
2099,22
2100,22
2101,22
2102,21
2103,21
2104,20
2105,21
2106,21
2107,20
2108,20
2109,19
2110,19
2111,19
2112,19
2113,19
2114,18
2115,18
2116,18
2117,18
2118,17
2119,17
2120,17
2121,17
2122,17
2123,17
2124,17
2125,17
2126,17
2127,16
2128,17
2129,16
2130,16
2131,16
2132,15
2133,16
2134,15
2135,15
2136,15
2137,15
2138,15
2139,14
2140,15
2141,14
2142,14
2143,14
2144,13
2145,13
2146,13
2147,13
2148,13
2149,13
2150,12
2151,12
2152,13
2153,13
2154,12
2155,12
2156,12
2157,12
2158,12
2159,11
2160,12
2161,12
2162,12
2163,12
2164,11
2165,11
2166,12
2167,12
2168,12
2169,12
2170,12
2171,12
2172,12
2173,12
2174,12
2175,12
2176,12
2177,12
2178,12
2179,12
2180,12
2181,12
2182,13
2183,13
2184,13
2185,13
2186,13
2187,13
2188,13
2189,13
2190,13
2191,13
2192,13
2193,13
2194,13
2195,13
2196,13
2197,13
2198,13
2199,13
2200,13
2201,13
2202,14
2203,13
2204,14
2205,14
2206,14
2207,14
2208,14
2209,14
2210,14
2211,14
2212,14
2213,14
2214,14
2215,14
2216,14
2217,14
2218,14
2219,14
2220,14
2221,14
2222,14
2223,15
2224,15
2225,14
2226,15
2227,14
2228,15
2229,15
2230,15
2231,15
2232,15
2233,15
2234,14
2235,14
2236,15
2237,14
2238,15
2239,15
2240,15
2241,15
2242,15
2243,15
2244,15
2245,15
2246,15
2247,15
2248,16
2249,16
2250,17
2251,17
2252,17
2253,18
2254,18
2255,19
2256,19
2257,20
2258,20
2259,20
2260,21
2261,21
2262,21
2263,22
2264,22
2265,22
2266,23
2267,23
2268,23
2269,23
2270,24
2271,24
2272,24
2273,24
2274,25
2275,25
2276,25
2277,25
2278,26
2279,26
2280,26
2281,26
2282,26
2283,26
2284,27
2285,26
2286,26
2287,27
2288,27
2289,27
2290,27
2291,27
2292,27
2293,27
2294,27
2295,28
2296,28
2297,29
2298,30
2299,31
2300,32
2301,34
2302,34
2303,35
2304,36
2305,37
2306,38
2307,39
2308,39
2309,40
2310,40
2311,41
2312,41
2313,42
2314,42
2315,42
2316,43
2317,43
2318,43
2319,44
2320,44
2321,44
2322,45
2323,45
2324,45
2325,45
2326,45
2327,45
2328,46
2329,46
2330,46
2331,46
2332,47
2333,46
2334,46
2335,46
2336,46
2337,47
2338,46
2339,47
2340,46
2341,46
2342,46
2343,46
2344,46
2345,46
2346,47
2347,46
2348,46
2349,46
2350,45
2351,44
2352,43
2353,42
2354,42
2355,41
2356,40
2357,39
2358,38
2359,38
2360,37
2361,36
2362,35
2363,35
2364,34
2365,34
2366,33
2367,33
2368,32
2369,32
2370,31
2371,30
2372,30
2373,29
2374,29
2375,29
2376,28
2377,29
2378,28
2379,28
2380,28
2381,27
2382,27
2383,26
2384,26
2385,26
2386,26
2387,26
2388,25
2389,25
2390,25
2391,25
2392,25
2393,24
2394,24
2395,24
2396,24
2397,24
2398,23
2399,23
2400,22
2401,22
2402,21
2403,21
2404,21
2405,20
2406,20
2407,20
2408,19
2409,19
2410,18
2411,18
2412,18
2413,18
2414,17
2415,17
2416,17
2417,16
2418,16
2419,16
2420,16
2421,16
2422,16
2423,16
2424,15
2425,15
2426,15
2427,15
2428,15
2429,15
2430,15
2431,15
2432,15
2433,15
2434,15
2435,15
2436,14
2437,14
2438,14
2439,14
2440,14
2441,14
2442,14
2443,14
2444,14
2445,14
2446,14
2447,14
2448,14
2449,14
2450,14
2451,13
2452,14
2453,14
2454,14
2455,14
2456,13
2457,14
2458,14
2459,14
2460,14
2461,13
2462,13
2463,14
2464,14
2465,14
2466,14
2467,14
2468,14
2469,14
2470,14
2471,14
2472,14
2473,14
2474,14
2475,14
2476,14
2477,14
2478,14
2479,14
2480,14
2481,14
2482,14
2483,14
2484,14
2485,14
2486,14
2487,14
2488,13
2489,14
2490,13
2491,13
2492,13
2493,13
2494,13
2495,13
2496,12
2497,12
2498,12
2499,12
2500,12
2501,12
2502,12
2503,12
2504,12
2505,12
2506,12
2507,12
2508,11
2509,12
2510,11
2511,11
2512,11
2513,11
2514,11
2515,12
2516,11
2517,11
2518,10
2519,11
2520,11
2521,11
2522,11
2523,11
2524,11
2525,11
2526,11
2527,10
2528,10
2529,11
2530,11
2531,10
2532,10
2533,10
2534,10
2535,11
2536,10
2537,10
2538,10
2539,10
2540,10
2541,10
2542,10
2543,10
2544,10
2545,10
2546,10
2547,10
2548,10
2549,10
2550,10
2551,10
2552,9
2553,10
2554,9
2555,10
2556,10
2557,9
2558,10
2559,9
2560,10
2561,10
2562,9
2563,9
2564,9
2565,9
2566,10
2567,10
2568,10
2569,10
2570,10
2571,11
2572,11
2573,11
2574,11
2575,11
2576,12
2577,12
2578,12
2579,12
2580,12
2581,12
2582,12
2583,12
2584,13
2585,13
2586,13
2587,13
2588,13
2589,13
2590,13
2591,14
2592,14
2593,14
2594,14
2595,14
2596,15
2597,15
2598,15
2599,15
2600,15
2601,15
2602,15
2603,16
2604,16
2605,16
2606,16
2607,16
2608,16
2609,17
2610,17
2611,17
2612,18
2613,18
2614,17
2615,18
2616,17
2617,17
2618,17
2619,17
2620,17
2621,17
2622,17
2623,16
2624,16
2625,16
2626,16
2627,16
2628,16
2629,15
2630,15
2631,15
2632,15
2633,15
2634,15
2635,15
2636,15
2637,15
2638,15
2639,15
2640,14
2641,14
2642,14
2643,14
2644,14
2645,14
2646,14
2647,14
2648,14
2649,14
2650,14
2651,13
2652,13
2653,13
2654,13
2655,12
2656,13
2657,13
2658,13
2659,12
2660,12
2661,12
2662,12
2663,12
2664,12
2665,11
2666,11
2667,11
2668,11
2669,11
2670,11
2671,11
2672,11
2673,11
2674,11
2675,11
2676,10
2677,11
2678,10
2679,11
2680,10
2681,10
2682,10
2683,10
2684,10
2685,10
2686,10
2687,10
2688,10
2689,10
2690,10
2691,10
2692,10
2693,10
2694,10
2695,10
2696,10
2697,10
2698,10
2699,10
2700,10
2701,11
2702,10
2703,11
2704,11
2705,12
2706,11
2707,11
2708,12
2709,12
2710,12
2711,12
2712,13
2713,13
2714,13
2715,13
2716,13
2717,13
2718,14
2719,14
2720,14
2721,14
2722,14
2723,15
2724,15
2725,15
2726,15
2727,15
2728,15
2729,15
2730,16
2731,16
2732,16
2733,17
2734,18
2735,19
2736,19
2737,20
2738,20
2739,21
2740,22
2741,22
2742,22
2743,23
2744,24
2745,24
2746,24
2747,24
2748,25
2749,25
2750,26
2751,26
2752,26
2753,27
2754,27
2755,28
2756,28
2757,28
2758,28
2759,28
2760,29
2761,29
2762,29
2763,29
2764,29
2765,29
2766,29
2767,29
2768,29
2769,29
2770,29
2771,29
2772,28
2773,28
2774,28
2775,28
2776,28
2777,28
2778,28
2779,27
2780,28
2781,27
2782,28
2783,27
2784,27
2785,27
2786,27
2787,27
2788,27
2789,26
2790,27
2791,27
2792,26
2793,27
2794,26
2795,26
2796,27
2797,26
2798,26
2799,26
2800,26
2801,26
2802,26
2803,26
2804,26
2805,26
2806,27
2807,26
2808,26
2809,26
2810,26
2811,27
2812,27
2813,26
2814,25
2815,26
2816,25
2817,25
2818,24
2819,24
2820,24
2821,23
2822,23
2823,23
2824,22
2825,22
2826,22
2827,22
2828,21
2829,21
2830,21
2831,20
2832,20
2833,20
2834,20
2835,20
2836,20
2837,20
2838,20
2839,19
2840,19
2841,19
2842,19
2843,19
2844,18
2845,18
2846,18
2847,18
2848,18
2849,19
2850,18
2851,18
2852,19
2853,18
2854,18
2855,18
2856,19
2857,19
2858,19
2859,19
2860,19
2861,19
2862,19
2863,19
2864,20
2865,20
2866,21
2867,21
2868,22
2869,22
2870,23
2871,23
2872,24
2873,24
2874,25
2875,25
2876,25
2877,26
2878,26
2879,27
2880,27
2881,27
2882,27
2883,28
2884,28
2885,28
2886,28
2887,29
2888,29
2889,29
2890,29
2891,29
2892,30
2893,30
2894,30
2895,30
2896,30
2897,31
2898,31
2899,31
2900,31
2901,31
2902,31
2903,32
2904,32
2905,31
2906,31
2907,32
2908,32
2909,32
2910,32
2911,32
2912,32
2913,32
2914,32
2915,32
2916,32
2917,31
2918,32
2919,32
2920,32
2921,31
2922,32
2923,32
2924,31
2925,31
2926,32
2927,31
2928,31
2929,32
2930,31
2931,31
2932,31
2933,31
2934,31
2935,31
2936,31
2937,31
2938,31
2939,31
2940,31
2941,31
2942,31
2943,31
2944,31
2945,31
2946,31
2947,30
2948,30
2949,30
2950,30
2951,30
2952,29
2953,29
2954,29
2955,28
2956,28
2957,28
2958,28
2959,27
2960,27
2961,27
2962,27
2963,27
2964,27
2965,27
2966,27
2967,26
2968,27
2969,26
2970,26
2971,26
2972,26
2973,26
2974,26
2975,26
2976,26
2977,26
2978,26
2979,26
2980,26
2981,26
2982,26
2983,26
2984,26
2985,26
2986,26
2987,26
2988,26
2989,26
2990,26
2991,26
2992,26
2993,26
2994,26
2995,26
2996,26
2997,27
2998,26
2999,27
3000,27
3001,27
3002,27
3003,28
3004,28
3005,28
3006,29
3007,28
3008,29
3009,28
3010,29
3011,30
3012,29
3013,29
3014,29
3015,29
3016,29
3017,30
3018,30
3019,30
3020,30
3021,30
3022,30
3023,30
3024,31
3025,30
3026,31
3027,31
3028,30
3029,30
3030,30
3031,30
3032,29
3033,29
3034,28
3035,28
3036,27
3037,27
3038,26
3039,26
3040,26
3041,25
3042,25
3043,25
3044,24
3045,24
3046,24
3047,23
3048,23
3049,23
3050,23
3051,22
3052,22
3053,22
3054,22
3055,22
3056,22
3057,21
3058,21
3059,21
3060,20
3061,21
3062,20
3063,20
3064,19
3065,19
3066,18
3067,17
3068,17
3069,16
3070,16
3071,15
3072,15
3073,15
3074,14
3075,14
3076,13
3077,13
3078,13
3079,13
3080,12
3081,12
3082,12
3083,11
3084,11
3085,11
3086,11
3087,11
3088,10
3089,10
3090,10
3091,10
3092,10
3093,10
3094,10
3095,9
3096,9
3097,9
3098,9
3099,9
3100,9
3101,9
3102,9
3103,9
3104,9
3105,9
3106,8
3107,8
3108,9
3109,8
3110,8
3111,8
3112,8
3113,8
3114,8
3115,8
3116,8
3117,8
3118,8
3119,8
3120,8
3121,8
3122,8
3123,8
3124,8
3125,7
3126,7
3127,8
3128,7
3129,7
3130,7
3131,7
3132,7
3133,8
3134,7
3135,7
3136,7
3137,7
3138,7
3139,7
3140,7
3141,7
3142,7
3143,7
3144,7
3145,7
3146,7
3147,7
3148,7
3149,7
3150,7
3151,7
3152,7
3153,7
3154,7
3155,7
3156,7
3157,7
3158,6
3159,6
3160,7
3161,6
3162,6
3163,7
3164,7
3165,7
3166,7
3167,7
3168,7
3169,7
3170,7
3171,7
3172,7
3173,7
3174,7
3175,7
3176,7
3177,7
3178,8
3179,8
3180,8
3181,8
3182,9
3183,9
3184,9
3185,10
3186,10
3187,10
3188,10
3189,11
3190,11
3191,11
3192,12
3193,12
3194,13
3195,14
3196,13
3197,13
3198,14
3199,14
3200,15
3201,15
3202,15
3203,15
3204,16
3205,16
3206,16
3207,16
3208,17
3209,17
3210,17
3211,17
3212,18
3213,17
3214,18
3215,18
3216,18
3217,18
3218,18
3219,19
3220,19
3221,19
3222,19
3223,19
3224,19
3225,20
3226,20
3227,20
3228,20
3229,20
3230,20
3231,20
3232,20
3233,20
3234,20
3235,20
3236,20
3237,20
3238,20
3239,20
3240,21
3241,21
3242,21
3243,21
3244,21
3245,21
3246,21
3247,21
3248,21
3249,21
3250,21
3251,22
3252,22
3253,22
3254,22
3255,22
3256,22
3257,22
3258,22
3259,22
3260,22
3261,22
3262,22
3263,23
3264,22
3265,23
3266,23
3267,23
3268,23
3269,23
3270,23
3271,23
3272,23
3273,23
3274,23
3275,23
3276,23
3277,23
3278,23
3279,24
3280,24
3281,24
3282,25
3283,24
3284,25
3285,25
3286,26
3287,26
3288,26
3289,26
3290,27
3291,27
3292,27
3293,27
3294,28
3295,28
3296,29
3297,28
3298,28
3299,28
3300,28
3301,29
3302,29
3303,29
3304,29
3305,29
3306,30
3307,30
3308,30
3309,30
3310,30
3311,30
3312,30
3313,30
3314,30
3315,30
3316,29
3317,30
3318,29
3319,29
3320,29
3321,29
3322,29
3323,28
3324,28
3325,28
3326,28
3327,28
3328,28
3329,27
3330,27
3331,27
3332,27
3333,27
3334,27
3335,27
3336,27
3337,27
3338,27
3339,26
3340,26
3341,26
3342,26
3343,26
3344,26
3345,26
3346,26
3347,25
3348,25
3349,24
3350,23
3351,23
3352,22
3353,22
3354,21
3355,21
3356,20
3357,20
3358,19
3359,19
3360,18
3361,18
3362,18
3363,17
3364,17
3365,16
3366,16
3367,16
3368,16
3369,15
3370,15
3371,15
3372,14
3373,14
3374,14
3375,14
3376,13
3377,14
3378,13
3379,13
3380,13
3381,12
3382,12
3383,12
3384,12
3385,12
3386,11
3387,11
3388,11
3389,11
3390,11
3391,11
3392,11
3393,11
3394,11
3395,11
3396,11
3397,11
3398,11
3399,11
3400,12
3401,12
3402,12
3403,12
3404,13
3405,13
3406,14
3407,14
3408,14
3409,15
3410,15
3411,15
3412,15
3413,16
3414,16
3415,16
3416,17
3417,17
3418,17
3419,18
3420,18
3421,18
3422,18
3423,19
3424,19
3425,19
3426,19
3427,19
3428,20
3429,21
3430,22
3431,23
3432,24
3433,26
3434,27
3435,29
3436,30
3437,31
3438,31
3439,32
3440,33
3441,34
3442,35
3443,36
3444,36
3445,37
3446,38
3447,38
3448,39
3449,39
3450,40
3451,41
3452,41
3453,41
3454,41
3455,42
3456,42
3457,42
3458,42
3459,43
3460,43
3461,43
3462,43
3463,43
3464,44
3465,43
3466,44
3467,44
3468,44
3469,44
3470,44
3471,44
3472,43
3473,43
3474,43
3475,44
3476,43
3477,43
3478,44
3479,43
3480,44
3481,44
3482,43
3483,43
3484,43
3485,44
3486,44
3487,43
3488,44
3489,44
3490,43
3491,44
3492,43
3493,43
3494,44
3495,44
3496,43
3497,43
3498,42
3499,42
3500,41
3501,41
3502,41
3503,40
3504,39
3505,39
3506,38
3507,38
3508,38
3509,37
3510,37
3511,37
3512,36
3513,36
3514,35
3515,35
3516,35
3517,35
3518,34
3519,34
3520,34
3521,34
3522,33
3523,33
3524,33
3525,33
3526,33
3527,33
3528,32
3529,32
3530,32
3531,32
3532,32
3533,31
3534,32
3535,32
3536,31
3537,32
3538,31
3539,31
3540,31
3541,31
3542,31
3543,31
3544,31
3545,31
3546,31
3547,30
3548,30
3549,30
3550,29
3551,29
3552,29
3553,29
3554,29
3555,28
3556,28
3557,28
3558,28
3559,28
3560,28
3561,28
3562,27
3563,28
3564,27
3565,27
3566,27
3567,27
3568,26
3569,26
3570,26
3571,26
3572,26
3573,26
3574,26
3575,26
3576,26
3577,25
3578,25
3579,25
3580,25
3581,24
3582,24
3583,24
3584,24
3585,23
3586,23
3587,23
3588,23
3589,22
3590,22
3591,22
3592,22
3593,22
3594,21
3595,21
3596,21
3597,21
3598,21
3599,21
3600,20
3601,20
3602,20
3603,20
3604,20
3605,19
3606,19
3607,19
3608,20
3609,19
3610,19
3611,19
3612,18
3613,18
3614,18
3615,17
3616,17
3617,16
3618,16
3619,16
3620,15
3621,15
3622,15
3623,14
3624,14
3625,13
3626,13
3627,13
3628,13
3629,13
3630,12
3631,12
3632,12
3633,12
3634,12
3635,11
3636,11
3637,11
3638,11
3639,11
3640,10
3641,10
3642,10
3643,10
3644,10
3645,10
3646,10
3647,9
3648,9
3649,9
3650,9
3651,9
3652,9
3653,9
3654,9
3655,9
3656,9
3657,8
3658,9
3659,8
3660,8
3661,8
3662,8
3663,8
3664,8
3665,8
3666,8
3667,8
3668,8
3669,8
3670,8
3671,8
3672,7
3673,7
3674,8
3675,7
3676,8
3677,8
3678,7
3679,7
3680,7
3681,7
3682,7
3683,7
3684,7
3685,7
3686,7
3687,7
3688,8
3689,7
3690,8
3691,7
3692,7
3693,7
3694,8
3695,8
3696,8
3697,8
3698,8
3699,9
3700,10
3701,10
3702,10
3703,11
3704,11
3705,12
3706,12
3707,13
3708,14
3709,14
3710,14
3711,15
3712,15
3713,16
3714,16
3715,17
3716,17
3717,18
3718,18
3719,19
3720,19
3721,19
3722,20
3723,20
3724,20
3725,21
3726,21
3727,21
3728,22
3729,22
3730,22
3731,22
3732,23
3733,23
3734,23
3735,24
3736,24
3737,24
3738,24
3739,25
3740,25
3741,25
3742,25
3743,26
3744,26
3745,25
3746,26
3747,26
3748,26
3749,26
3750,26
3751,26
3752,27
3753,27
3754,26
3755,27
3756,27
3757,27
3758,27
3759,27
3760,27
3761,27
3762,28
3763,27
3764,27
3765,26
3766,26
3767,26
3768,25
3769,25
3770,25
3771,24
3772,24
3773,23
3774,23
3775,23
3776,23
3777,22
3778,22
3779,22
3780,22
3781,22
3782,22
3783,21
3784,21
3785,20
3786,21
3787,20
3788,20
3789,20
3790,20
3791,19
3792,20
3793,19
3794,20
3795,19
3796,19
3797,19
3798,19
3799,19
3800,19
3801,19
3802,19
3803,19
3804,18
3805,18
3806,18
3807,18
3808,19
3809,18
3810,18
3811,18
3812,18
3813,18
3814,18
3815,18
3816,17
3817,17
3818,17
3819,17
3820,17
3821,17
3822,17
3823,17
3824,17
3825,17
3826,17
3827,17
3828,16
3829,17
3830,16
3831,16
3832,16
3833,16
3834,16
3835,16
3836,16
3837,16
3838,16
3839,16
3840,16
3841,15
3842,16
3843,16
3844,16
3845,16
3846,16
3847,16
3848,16
3849,16
3850,16
3851,17
3852,17
3853,17
3854,17
3855,17
3856,17
3857,17
3858,18
3859,18
3860,18
3861,18
3862,18
3863,19
3864,19
3865,18
3866,19
3867,18
3868,19
3869,19
3870,19
3871,19
3872,19
3873,19
3874,19
3875,19
3876,20
3877,20
3878,20
3879,20
3880,20
3881,20
3882,20
3883,20
3884,20
3885,20
3886,20
3887,20
3888,20
3889,20
3890,20
3891,20
3892,20
3893,20
3894,20
3895,20
3896,21
3897,20
3898,20
3899,21
3900,20
3901,20
3902,20
3903,20
3904,20
3905,20
3906,20
3907,20
3908,20
3909,20
3910,20
3911,20
3912,20
3913,20
3914,20
3915,20
3916,20
3917,20
3918,20
3919,20
3920,20
3921,20
3922,19
3923,20
3924,20
3925,20
3926,19
3927,19
3928,19
3929,20
3930,19
3931,19
3932,19
3933,19
3934,18
3935,18
3936,18
3937,18
3938,18
3939,17
3940,18
3941,18
3942,17
3943,17
3944,17
3945,17
3946,17
3947,16
3948,16
3949,16
3950,16
3951,16
3952,16
3953,16
3954,16
3955,16
3956,16
3957,16
3958,16
3959,16
3960,16
3961,16
3962,16
3963,16
3964,16
3965,16
3966,16
3967,16
3968,16
3969,16
3970,17
3971,17
3972,17
3973,17
3974,17
3975,18
3976,18
3977,18
3978,18
3979,18
3980,18
3981,18
3982,18
3983,18
3984,18
3985,19
3986,19
3987,19
3988,19
3989,19
3990,19
3991,19
3992,19
3993,19
3994,20
3995,20
3996,21
3997,22
3998,23
3999,24
4000,25
4001,26
4002,26
4003,27
4004,28
4005,29
4006,29
4007,30
4008,31
4009,31
4010,31
4011,32
4012,33
4013,33
4014,34
4015,34
4016,34
4017,35
4018,35
4019,35
4020,35
4021,36
4022,36
4023,36
4024,37
4025,37
4026,37
4027,37
4028,38
4029,38
4030,38
4031,38
4032,38
4033,39
4034,38
4035,38
4036,39
4037,39
4038,39
4039,39
4040,39
4041,39
4042,39
4043,40
4044,39
4045,40
4046,39
4047,40
4048,40
4049,40
4050,40
4051,40
4052,40
4053,40
4054,40
4055,40
4056,40
4057,40
4058,41
4059,41
4060,40
4061,40
4062,40
4063,39
4064,39
4065,38
4066,37
4067,37
4068,36
4069,35
4070,35
4071,34
4072,34
4073,33
4074,33
4075,32
4076,31
4077,31
4078,31
4079,30
4080,29
4081,28
4082,28
4083,27
4084,27
4085,26
4086,25
4087,25
4088,25
4089,24
4090,24
4091,24
4092,23
4093,23
4094,23
4095,22
4096,22
4097,21
4098,21
4099,21
4100,21
4101,20
4102,20
4103,20
4104,20
4105,19
4106,19
4107,19
4108,19
4109,19
4110,18
4111,19
4112,18
4113,18
4114,19
4115,19
4116,19
4117,19
4118,19
4119,19
4120,19
4121,19
4122,19
4123,19
4124,19
4125,19
4126,19
4127,20
4128,20
4129,20
4130,20
4131,20
4132,20
4133,20
4134,20
4135,20
4136,20
4137,20
4138,20
4139,20
4140,20
4141,20
4142,20
4143,20
4144,20
4145,21
4146,21
4147,21
4148,21
4149,21
4150,21
4151,21
4152,21
4153,21
4154,21
4155,22
4156,21
4157,22
4158,21
4159,22
4160,22
4161,21
4162,22
4163,22
4164,22
4165,22
4166,22
4167,22
4168,22
4169,22
4170,22
4171,22
4172,22
4173,22
4174,22
4175,23
4176,22
4177,22
4178,22
4179,21
4180,22
4181,21
4182,21
4183,21
4184,20
4185,20
4186,19
4187,19
4188,18
4189,18
4190,18
4191,18
4192,18
4193,18
4194,17
4195,17
4196,17
4197,17
4198,16
4199,16
4200,16
4201,16
4202,16
4203,16
4204,16
4205,15
4206,15
4207,15
4208,15
4209,15
4210,15
4211,14
4212,14
4213,14
4214,14
4215,14
4216,14
4217,13
4218,13
4219,12
4220,13
4221,12
4222,12
4223,12
4224,11
4225,11
4226,11
4227,11
4228,11
4229,11
4230,11
4231,11
4232,11
4233,11
4234,11
4235,10
4236,11
4237,11
4238,10
4239,10
4240,10
4241,10
4242,10
4243,10
4244,10
4245,10
4246,10
4247,10
4248,10
4249,10
4250,10
4251,10
4252,10
4253,10
4254,10
4255,10
4256,10
4257,10
4258,10
4259,10
4260,10
4261,10
4262,10
4263,10
4264,10
4265,10
4266,10
4267,10
4268,11
4269,10
4270,10
4271,10
4272,10
4273,10
4274,10
4275,10
4276,10
4277,10
4278,10
4279,11
4280,10
4281,10
4282,11
4283,11
4284,11
4285,11
4286,11
4287,10
4288,11
4289,10
4290,11
4291,11
4292,10
4293,11
4294,10
4295,11
4296,11
4297,10
4298,10
4299,11
4300,11
4301,11
4302,11
4303,11
4304,11
4305,11
4306,10
4307,10
4308,11
4309,11
4310,11
4311,11
4312,11
4313,11
4314,11
4315,11
4316,11
4317,11
4318,11
4319,11
4320,12
4321,11
4322,12
4323,12
4324,12
4325,12
4326,12
4327,12
4328,12
4329,12
4330,12
4331,12
4332,12
4333,12
4334,12
4335,12
4336,12
4337,12
4338,12
4339,11
4340,12
4341,12
4342,12
4343,12
4344,11
4345,11
4346,11
4347,11
4348,11
4349,11
4350,11
4351,11
4352,11
4353,11
4354,11
4355,11
4356,11
4357,11
4358,11
4359,11
4360,11
4361,11
4362,11
4363,11
4364,11
4365,11
4366,11
4367,11
4368,10
4369,10
4370,11
4371,11
4372,10
4373,10
4374,11
4375,11
4376,11
4377,10
4378,10
4379,10
4380,10
4381,10
4382,10
4383,10
4384,10
4385,11
4386,11
4387,10
4388,10
4389,10
4390,10
4391,11
4392,10
4393,10
4394,11
4395,11
4396,11
4397,11
4398,11
4399,12
4400,13
4401,13
4402,14
4403,14
4404,14
4405,15
4406,15
4407,15
4408,16
4409,16
4410,17
4411,17
4412,17
4413,18
4414,18
4415,18
4416,19
4417,19
4418,19
4419,19
4420,20
4421,21
4422,20
4423,21
4424,21
4425,21
4426,21
4427,22
4428,23
4429,24
4430,25
4431,26
4432,27
4433,27
4434,28
4435,30
4436,30
4437,31
4438,31
4439,32
4440,33
4441,34
4442,34
4443,34
4444,35
4445,35
4446,35
4447,35
4448,35
4449,34
4450,34
4451,35
4452,35
4453,34
4454,34
4455,34
4456,34
4457,33
4458,33
4459,33
4460,33
4461,33
4462,33
4463,33
4464,32
4465,33
4466,33
4467,33
4468,33
4469,32
4470,32
4471,32
4472,32
4473,32
4474,32
4475,32
4476,32
4477,32
4478,32
4479,32
4480,32
4481,32
4482,32
4483,32
4484,32
4485,32
4486,32
4487,32
4488,32
4489,31
4490,32
4491,32
4492,32
4493,32
4494,31
4495,31
4496,30
4497,30
4498,30
4499,29
4500,28
4501,27
4502,27
4503,27
4504,26
4505,25
4506,25
4507,25
4508,24
4509,24
4510,24
4511,23
4512,23
4513,23
4514,22
4515,21
4516,21
4517,21
4518,21
4519,21
4520,20
4521,20
4522,20
4523,20
4524,20
4525,19
4526,19
4527,19
4528,19
4529,19
4530,18
4531,18
4532,18
4533,18
4534,18
4535,18
4536,17
4537,17
4538,17
4539,17
4540,17
4541,17
4542,17
4543,17
4544,17
4545,17
4546,16
4547,16
4548,16
4549,16
4550,16
4551,16
4552,16
4553,16
4554,16
4555,16
4556,16
4557,16
4558,16
4559,16
4560,16
4561,16
4562,16
4563,16
4564,16
4565,17
4566,17
4567,17
4568,17
4569,17
4570,17
4571,17
4572,18
4573,18
4574,19
4575,19
4576,19
4577,19
4578,19
4579,19
4580,19
4581,19
4582,19
4583,20
4584,20
4585,20
4586,20
4587,20
4588,20
4589,21
4590,20
4591,21
4592,20
4593,21
4594,21
4595,21
4596,21
4597,21
4598,21
4599,22
4600,21
4601,22
4602,21
4603,22
4604,22
4605,22
4606,21
4607,22
4608,22
4609,22
4610,22
4611,22
4612,22
4613,22
4614,22
4615,22
4616,22
4617,22
4618,22
4619,22
4620,22
4621,22
4622,22
4623,22
4624,23
4625,23
4626,22
4627,22
4628,22
4629,22
4630,22
4631,22
4632,22
4633,22
4634,22
4635,22
4636,22
4637,22
4638,21
4639,22
4640,22
4641,22
4642,22
4643,22
4644,22
4645,22
4646,21
4647,21
4648,22
4649,22
4650,22
4651,22
4652,22
4653,21
4654,21
4655,21
4656,21
4657,21
4658,21
4659,21
4660,21
4661,21
4662,21
4663,21
4664,21
4665,21
4666,21
4667,21
4668,21
4669,21
4670,21
4671,21
4672,21
4673,21
4674,21
4675,21
4676,21
4677,22
4678,21
4679,21
4680,22
4681,22
4682,22
4683,23
4684,24
4685,24
4686,24
4687,24
4688,25
4689,25
4690,25
4691,26
4692,26
4693,26
4694,26
4695,26
4696,27
4697,27
4698,28
4699,27
4700,28
4701,28
4702,28
4703,28
4704,28
4705,28
4706,29
4707,29
4708,29
4709,29
4710,29
4711,30
4712,31
4713,31
4714,32
4715,32
4716,32
4717,33
4718,34
4719,34
4720,34
4721,35
4722,36
4723,36
4724,36
4725,36
4726,37
4727,37
4728,37
4729,37
4730,37
4731,38
4732,38
4733,38
4734,38
4735,39
4736,38
4737,39
4738,39
4739,39
4740,39
4741,39
4742,40
4743,40
4744,39
4745,39
4746,38
4747,38
4748,37
4749,37
4750,36
4751,36
4752,35
4753,35
4754,34
4755,33
4756,33
4757,32
4758,32
4759,32
4760,31
4761,31
4762,31
4763,30
4764,30
4765,30
4766,30
4767,29
4768,29
4769,29
4770,28
4771,28
4772,28
4773,28
4774,27
4775,27
4776,27
4777,26
4778,26
4779,25
4780,24
4781,23
4782,22
4783,22
4784,21
4785,20
4786,19
4787,18
4788,18
4789,17
4790,17
4791,16
4792,16
4793,16
4794,15
4795,14
4796,14
4797,14
4798,13
4799,13
4800,13
4801,12
4802,11
4803,12
4804,12
4805,12
4806,11
4807,11
4808,11
4809,11
4810,10
4811,10
4812,10
4813,10
4814,10
4815,9
4816,9
4817,9
4818,9
4819,9
4820,9
4821,9
4822,8
4823,8
4824,8
4825,8
4826,8
4827,8
4828,8
4829,8
4830,7
4831,7
4832,7
4833,8
4834,8
4835,7
4836,7
4837,7
4838,7
4839,7
4840,7
4841,7
4842,7
4843,7
4844,7
4845,7
4846,7
4847,7
4848,7
4849,7
4850,7
4851,7
4852,6
4853,6
4854,6
4855,6
4856,6
4857,6
4858,6
4859,6
4860,7
4861,6
4862,6
4863,6
4864,7
4865,6
4866,7
4867,6
4868,6
4869,6
4870,6
4871,6
4872,6
4873,6
4874,6
4875,6
4876,7
4877,6
4878,6
4879,7
4880,7
4881,7
4882,7
4883,7
4884,7
4885,7
4886,8
4887,8
4888,8
4889,8
4890,8
4891,8
4892,9
4893,8
4894,8
4895,9
4896,9
4897,9
4898,9
4899,9
4900,10
4901,10
4902,10
4903,10
4904,10
4905,10
4906,10
4907,10
4908,10
4909,10
4910,11
4911,11
4912,11
4913,11
4914,11
4915,11
4916,11
4917,12
4918,12
4919,12
4920,12
4921,12
4922,13
4923,13
4924,13
4925,13
4926,13
4927,14
4928,13
4929,13
4930,13
4931,14
4932,14
4933,14
4934,14
4935,14
4936,14
4937,14
4938,14
4939,14
4940,14
4941,14
4942,15
4943,15
4944,15
4945,15
4946,16
4947,16
4948,16
4949,16
4950,17
4951,17
4952,18
4953,18
4954,18
4955,18
4956,19
4957,19
4958,19
4959,20
4960,20
4961,20
4962,20
4963,20
4964,20
4965,21
4966,21
4967,21
4968,21
4969,21
4970,22
4971,22
4972,22
4973,22
4974,22
4975,22
4976,23
4977,23
4978,24
4979,25
4980,26
4981,26
4982,27
4983,28
4984,28
4985,29
4986,29
4987,30
4988,31
4989,31
4990,32
4991,32
4992,33
4993,33
4994,33
4995,33
4996,34
4997,34
4998,35
4999,35
5000,35
5001,36
5002,35
5003,35
5004,36
5005,36
5006,36
5007,37
5008,37
5009,37
5010,37
5011,37
5012,37
5013,38
5014,38
5015,38
5016,38
5017,38
5018,38
5019,38
5020,38
5021,38
5022,38
5023,38
5024,38
5025,39
5026,39
5027,38
5028,38
5029,38
5030,38
5031,38
5032,38
5033,38
5034,38
5035,37
5036,37
5037,36
5038,36
5039,36
5040,36
5041,36
5042,36
5043,35
5044,35
5045,34
5046,33
5047,32
5048,32
5049,31
5050,30
5051,29
5052,29
5053,28
5054,27
5055,27
5056,26
5057,25
5058,24
5059,24
5060,23
5061,23
5062,22
5063,22
5064,22
5065,21
5066,21
5067,20
5068,20
5069,20
5070,19
5071,19
5072,19
5073,19
5074,18
5075,18
5076,18
5077,18
5078,17
5079,17
5080,17
5081,17
5082,17
5083,16
5084,16
5085,16
5086,16
5087,16
5088,16
5089,15
5090,16
5091,15
5092,15
5093,15
5094,15
5095,15
5096,14
5097,14
5098,13
5099,13
5100,13
5101,13
5102,13
5103,12
5104,12
5105,12
5106,12
5107,12
5108,11
5109,11
5110,11
5111,11
5112,11
5113,11
5114,10
5115,10
5116,10
5117,10
5118,10
5119,10
5120,10
5121,10
5122,10
5123,9
5124,9
5125,9
5126,9
5127,9
5128,9
5129,10
5130,9
5131,10
5132,10
5133,10
5134,10
5135,10
5136,10
5137,10
5138,11
5139,10
5140,12
5141,12
5142,12
5143,12
5144,12
5145,12
5146,12
5147,12
5148,12
5149,13
5150,13
5151,13
5152,13
5153,13
5154,13
5155,13
5156,14
5157,14
5158,14
5159,14
5160,15
5161,15
5162,16
5163,17
5164,18
5165,18
5166,19
5167,20
5168,20
5169,21
5170,22
5171,22
5172,23
5173,24
5174,24
5175,25
5176,25
5177,26
5178,27
5179,27
5180,27
5181,28
5182,29
5183,29
5184,29
5185,29
5186,30
5187,30
5188,30
5189,30
5190,31
5191,31
5192,31
5193,31
5194,31
5195,31
5196,31
5197,32
5198,32
5199,32
5200,32
5201,32
5202,32
5203,32
5204,32
5205,32
5206,32
5207,32
5208,32
5209,32
5210,32
5211,32
5212,32
5213,31
5214,31
5215,31
5216,31
5217,31
5218,31
5219,30
5220,30
5221,29
5222,30
5223,29
5224,29
5225,29
5226,29
5227,29
5228,29
5229,28
5230,28
5231,28
5232,29
5233,28
5234,28
5235,28
5236,28
5237,27
5238,27
5239,27
5240,27
5241,27
5242,27
5243,27
5244,27
5245,27
5246,27
5247,27
5248,27
5249,28
5250,27
5251,27
5252,27
5253,27
5254,27
5255,27
5256,26
5257,27
5258,27
5259,27
5260,27
5261,27
5262,27
5263,27
5264,27
5265,27
5266,27
5267,27
5268,27
5269,27
5270,27
5271,27
5272,27
5273,27
5274,28
5275,27
5276,27
5277,27
5278,27
5279,27
5280,27
5281,27
5282,27
5283,27
5284,27
5285,27
5286,27
5287,27
5288,27
5289,27
5290,27
5291,27
5292,27
5293,27
5294,27
5295,27
5296,27
5297,26
5298,26
5299,26
5300,26
5301,26
5302,26
5303,26
5304,26
5305,25
5306,25
5307,25
5308,25
5309,25
5310,25
5311,25
5312,25
5313,25
5314,25
5315,25
5316,25
5317,25
5318,25
5319,25
5320,25
5321,24
5322,24
5323,24
5324,24
5325,24
5326,23
5327,23
5328,23
5329,22
5330,21
5331,21
5332,20
5333,20
5334,19
5335,19
5336,18
5337,18
5338,17
5339,17
5340,17
5341,17
5342,16
5343,16
5344,15
5345,15
5346,15
5347,15
5348,14
5349,14
5350,14
5351,14
5352,13
5353,13
5354,12
5355,13
5356,13
5357,13
5358,12
5359,12
5360,12
5361,12
5362,11
5363,11
5364,11
5365,11
5366,11
5367,10
5368,10
5369,9
5370,9
5371,9
5372,9
5373,9
5374,9
5375,9
5376,8
5377,8
5378,8
5379,8
5380,8
5381,8
5382,8
5383,8
5384,7
5385,7
5386,7
5387,7
5388,7
5389,7
5390,7
5391,7
5392,6
5393,7
5394,6
5395,7
5396,6
5397,6
5398,6
5399,6
5400,6
5401,7
5402,6
5403,6
5404,6
5405,6
5406,6
5407,6
5408,6
5409,6
5410,6
5411,6
5412,6
5413,6
5414,6
5415,6
5416,6
5417,6
5418,6
5419,5
5420,6
5421,6
5422,6
5423,6
5424,6
5425,6
5426,6
5427,6
5428,6
5429,6
5430,6
5431,7
5432,7
5433,7
5434,8
5435,8
5436,8
5437,8
5438,9
5439,9
5440,9
5441,9
5442,10
5443,10
5444,10
5445,10
5446,11
5447,11
5448,11
5449,11
5450,12
5451,12
5452,12
5453,12
5454,13
5455,13
5456,13
5457,13
5458,14
5459,13
5460,14
5461,14
5462,14
5463,14
5464,15
5465,14
5466,14
5467,15
5468,15
5469,15
5470,15
5471,15
5472,15
5473,15
5474,16
5475,16
5476,16
5477,16
5478,16
5479,16
5480,16
5481,16
5482,16
5483,16
5484,16
5485,16
5486,16
5487,16
5488,17
5489,16
5490,17
5491,16
5492,17
5493,17
5494,17
5495,17
5496,16
5497,16
5498,16
5499,16
5500,15
5501,15
5502,15
5503,15
5504,15
5505,14
5506,14
5507,14
5508,14
5509,14
5510,14
5511,13
5512,14
5513,13
5514,14
5515,14
5516,13
5517,13
5518,13
5519,13
5520,13
5521,13
5522,13
5523,13
5524,13
5525,13
5526,12
5527,12
5528,13
5529,13
5530,12
5531,13
5532,13
5533,13
5534,13
5535,13
5536,13
5537,13
5538,13
5539,13
5540,13
5541,13
5542,13
5543,13
5544,13
5545,13
5546,13
5547,13
5548,13
5549,13
5550,13
5551,13
5552,13
5553,13
5554,14
5555,13
5556,13
5557,13
5558,13
5559,13
5560,14
5561,14
5562,15
5563,15
5564,15
5565,16
5566,16
5567,16
5568,17
5569,17
5570,18
5571,18
5572,18
5573,19
5574,19
5575,20
5576,19
5577,20
5578,20
5579,21
5580,21
5581,21
5582,21
5583,22
5584,22
5585,22
5586,23
5587,23
5588,23
5589,23
5590,23
5591,23
5592,23
5593,23
5594,24
5595,24
5596,24
5597,24
5598,24
5599,25
5600,25
5601,25
5602,25
5603,25
5604,25
5605,25
5606,25
5607,26
5608,25
5609,25
5610,25
5611,25
5612,25
5613,25
5614,24
5615,24
5616,24
5617,24
5618,23
5619,23
5620,23
5621,23
5622,23
5623,22
5624,22
5625,22
5626,22
5627,22
5628,21
5629,21
5630,21
5631,21
5632,21
5633,21
5634,20
5635,20
5636,20
5637,20
5638,20
5639,20
5640,20
5641,20
5642,20
5643,20
5644,20
5645,20
5646,20
5647,20
5648,20
5649,20
5650,20
5651,20
5652,20
5653,20
5654,20
5655,20
5656,20
5657,20
5658,20
5659,20
5660,20
5661,20
5662,20
5663,20
5664,20
5665,20
5666,20
5667,20
5668,20
5669,20
5670,20
5671,20
5672,20
5673,20
5674,20
5675,20
5676,21
5677,21
5678,22
5679,22
5680,23
5681,23
5682,24
5683,24
5684,24
5685,25
5686,25
5687,26
5688,26
5689,26
5690,27
5691,27
5692,27
5693,27
5694,28
5695,28
5696,28
5697,29
5698,28
5699,29
5700,29
5701,29
5702,30
5703,30
5704,30
5705,30
5706,30
5707,30
5708,31
5709,30
5710,30
5711,30
5712,30
5713,30
5714,30
5715,30
5716,30
5717,30
5718,30
5719,30
5720,30
5721,30
5722,30
5723,30
5724,30
5725,29
5726,29
5727,29
5728,30
5729,29
5730,29
5731,29
5732,29
5733,29
5734,29
5735,29
5736,29
5737,29
5738,29
5739,29
5740,29
5741,29
5742,29
5743,29
5744,29
5745,29
5746,29
5747,29
5748,29
5749,29
5750,29
5751,29
5752,29
5753,29
5754,29
5755,29
5756,29
5757,29
5758,29
5759,29
5760,29
5761,29
5762,29
5763,29
5764,29
5765,29
5766,28
5767,28
5768,29
5769,29
5770,29
5771,29
5772,29
5773,29
5774,29
5775,29
5776,28
5777,27
5778,27
5779,27
5780,26
5781,26
5782,25
5783,25
5784,24
5785,24
5786,24
5787,23
5788,23
5789,22
5790,22
5791,21
5792,21
5793,21
5794,20
5795,20
5796,20
5797,19
5798,19
5799,19
5800,19
5801,19
5802,18
5803,18
5804,18
5805,17
5806,18
5807,17
5808,18
5809,17
5810,17
5811,17
5812,16
5813,16
5814,16
5815,16
5816,16
5817,15
5818,15
5819,15
5820,15
5821,15
5822,14
5823,14
5824,14
5825,14
5826,14
5827,14
5828,14
5829,14
5830,14
5831,14
5832,13
5833,13
5834,13
5835,13
5836,13
5837,13
5838,13
5839,13
5840,13
5841,13
5842,13
5843,13
5844,13
5845,14
5846,14
5847,15
5848,14
5849,15
5850,15
5851,15
5852,16
5853,16
5854,16
5855,16
5856,17
5857,17
5858,17
5859,18
5860,18
5861,18
5862,19
5863,19
5864,19
5865,19
5866,19
5867,19
5868,19
5869,19
5870,20
5871,20
5872,20
5873,20
5874,21
5875,21
5876,21
5877,21
5878,22
5879,22
5880,22
5881,23
5882,23
5883,23
5884,24
5885,24
5886,24
5887,24
5888,25
5889,25
5890,25
5891,26
5892,26
5893,26
5894,27
5895,27
5896,27
5897,27
5898,27
5899,27
5900,28
5901,28
5902,28
5903,27
5904,28
5905,28
5906,28
5907,28
5908,28
5909,27
5910,27
5911,27
5912,27
5913,26
5914,26
5915,26
5916,25
5917,25
5918,24
5919,24
5920,24
5921,24
5922,24
5923,23
5924,23
5925,22
5926,22
5927,22
5928,21
5929,21
5930,21
5931,21
5932,21
5933,21
5934,20
5935,20
5936,20
5937,20
5938,20
5939,20
5940,20
5941,19
5942,19
5943,19
5944,18
5945,18
5946,18
5947,17
5948,17
5949,17
5950,16
5951,16
5952,15
5953,15
5954,15
5955,15
5956,15
5957,14
5958,14
5959,14
5960,13
5961,13
5962,13
5963,13
5964,13
5965,12
5966,12
5967,12
5968,12
5969,12
5970,11
5971,11
5972,11
5973,12
5974,11
5975,11
5976,11
5977,11
5978,10
5979,11
5980,11
5981,10
5982,10
5983,11
5984,10
5985,10
5986,10
5987,10
5988,10
5989,10
5990,10
5991,10
5992,10
5993,10
5994,10
5995,10
5996,9
5997,9
5998,10
5999,10
6000,10
6001,9
6002,9
6003,9
6004,9
6005,10
6006,10
6007,9
6008,9
6009,9
6010,9
6011,9
6012,9
6013,9
6014,9
6015,9
6016,9
6017,9
6018,9
6019,9
6020,9
6021,9
6022,9
6023,9
6024,9
6025,9
6026,9
6027,8
6028,9
6029,9
6030,8
6031,9
6032,9
6033,9
6034,9
6035,9
6036,9
6037,9
6038,9
6039,9
6040,9
6041,8
6042,9
6043,8
6044,9
6045,9
6046,9
6047,9
6048,9
6049,8
6050,8
6051,9
6052,8
6053,8
6054,8
6055,9
6056,8
6057,8
6058,8
6059,8
6060,8
6061,8
6062,8
6063,8
6064,8
6065,8
6066,8
6067,7
6068,8
6069,7
6070,7
6071,7
6072,7
6073,7
6074,7
6075,7
6076,7
6077,7
6078,7
6079,7
6080,7
6081,7
6082,7
6083,6
6084,6
6085,6
6086,6
6087,6
6088,6
6089,6
6090,6
6091,6
6092,6
6093,6
6094,6
6095,6
6096,6
6097,6
6098,6
6099,6
6100,6
6101,6
6102,6
6103,6
6104,6
6105,6
6106,6
6107,6
6108,6
6109,6
6110,6
6111,7
6112,7
6113,8
6114,8
6115,9
6116,9
6117,9
6118,10
6119,10
6120,10
6121,12
6122,12
6123,12
6124,13
6125,13
6126,14
6127,14
6128,14
6129,15
6130,15
6131,15
6132,16
6133,16
6134,16
6135,17
6136,17
6137,18
6138,18
6139,18
6140,19
6141,19
6142,19
6143,19
6144,19
6145,19
6146,20
6147,20
6148,20
6149,20
6150,21
6151,21
6152,21
6153,21
6154,21
6155,21
6156,22
6157,22
6158,22
6159,22
6160,22
6161,22
6162,23
6163,22
6164,23
6165,23
6166,23
6167,23
6168,23
6169,23
6170,23
6171,23
6172,23
6173,23
6174,24
6175,25
6176,26
6177,27
6178,29
6179,30
6180,30
6181,32
6182,33
6183,33
6184,35
6185,35
6186,36
6187,37
6188,37
6189,38
6190,38
6191,39
6192,39
6193,40
6194,40
6195,40
6196,39
6197,40
6198,40
6199,41
6200,40
6201,40
6202,40
6203,40
6204,41
6205,41
6206,41
6207,40
6208,41
6209,41
6210,40
6211,41
6212,41
6213,41
6214,41
6215,41
6216,41
6217,41
6218,41
6219,41
6220,41
6221,42
6222,41
6223,41
6224,41
6225,41
6226,40
6227,39
6228,39
6229,38
6230,37
6231,37
6232,36
6233,36
6234,34
6235,34
6236,33
6237,33
6238,32
6239,32
6240,31
6241,31
6242,31
6243,29
6244,30
6245,29
6246,28
6247,28
6248,28
6249,27
6250,27
6251,27
6252,26
6253,26
6254,26
6255,26
6256,25
6257,25
6258,25
6259,25
6260,25
6261,24
6262,23
6263,23
6264,23
6265,23
6266,22
6267,22
6268,22
6269,21
6270,20
6271,20
6272,21
6273,20
6274,20
6275,20
6276,20
6277,19
6278,19
6279,19
6280,19
6281,19
6282,18
6283,18
6284,18
6285,18
6286,18
6287,18
6288,18
6289,17
6290,18
6291,18
6292,17
6293,17
6294,17
6295,17
6296,17
6297,17
6298,17
6299,17
6300,17
6301,17
6302,17
6303,17
6304,17
6305,18
6306,17
6307,17
6308,17
6309,17
6310,17
6311,17
6312,17
6313,17
6314,17
6315,17
6316,17
6317,17
6318,17
6319,17
6320,17
6321,17
6322,17
6323,17
6324,17
6325,17
6326,17
6327,17
6328,16
6329,17
6330,17
6331,17
6332,16
6333,16
6334,16
6335,16
6336,16
6337,16
6338,16
6339,16
6340,16
6341,16
6342,16
6343,15
6344,15
6345,15
6346,15
6347,15
6348,15
6349,15
6350,15
6351,15
6352,14
6353,15
6354,14
6355,14
6356,14
6357,14
6358,14
6359,14
6360,14
6361,14
6362,14
6363,14
6364,14
6365,14
6366,14
6367,14
6368,14
6369,14
6370,13
6371,14
6372,14
6373,14
6374,14
6375,14
6376,14
6377,14
6378,15
6379,15
6380,15
6381,16
6382,16
6383,17
6384,17
6385,17
6386,17
6387,18
6388,18
6389,18
6390,18
6391,19
6392,19
6393,20
6394,20
6395,20
6396,20
6397,21
6398,21
6399,21
6400,21
6401,21
6402,22
6403,22
6404,22
6405,22
6406,22
6407,23
6408,24
6409,25
6410,25
6411,27
6412,28
6413,29
6414,30
6415,30
6416,31
6417,32
6418,33
6419,34
6420,34
6421,35
6422,35
6423,36
6424,36
6425,36
6426,37
6427,38
6428,38
6429,39
6430,39
6431,39
6432,39
6433,39
6434,40
6435,40
6436,40
6437,40
6438,41
6439,41
6440,41
6441,41
6442,41
6443,41
6444,42
6445,42
6446,42
6447,42
6448,42
6449,42
6450,43
6451,42
6452,42
6453,42
6454,42
6455,43
6456,43
6457,42
6458,43
6459,42
6460,42
6461,41
6462,41
6463,40
6464,40
6465,40
6466,39
6467,39
6468,39
6469,38
6470,38
6471,38
6472,37
6473,37
6474,37
6475,37
6476,36
6477,36
6478,36
6479,36
6480,35
6481,35
6482,35
6483,35
6484,34
6485,34
6486,34
6487,34
6488,34
6489,34
6490,34
6491,33
6492,32
6493,31
6494,31
6495,30
6496,29
6497,27
6498,27
6499,26
6500,25
6501,24
6502,23
6503,23
6504,22
6505,22
6506,21
6507,20
6508,20
6509,19
6510,19
6511,18
6512,18
6513,18
6514,17
6515,17
6516,16
6517,16
6518,15
6519,15
6520,15
6521,15
6522,14
6523,14
6524,14
6525,14
6526,13
6527,13
6528,13
6529,13
6530,13
6531,12
6532,12
6533,12
6534,12
6535,12
6536,11
6537,11
6538,11
6539,11
6540,11
6541,11
6542,11
6543,10
6544,10
6545,10
6546,10
6547,10
6548,10
6549,9
6550,9
6551,9
6552,9
6553,9
6554,8
6555,8
6556,8
6557,8
6558,8
6559,8
6560,8
6561,8
6562,7
6563,7
6564,7
6565,7
6566,8
6567,7
6568,7
6569,7
6570,7
6571,7
6572,7
6573,7
6574,7
6575,6
6576,6
6577,6
6578,6
6579,6
6580,6
6581,6
6582,6
6583,6
6584,6
6585,6
6586,6
6587,6
6588,6
6589,6
6590,6
6591,6
6592,6
6593,6
6594,6
6595,6
6596,6
6597,6
6598,6
6599,6
6600,6
6601,6
6602,6
6603,6
6604,6
6605,6
6606,6
6607,6
6608,6
6609,6
6610,6
6611,6
6612,6
6613,6
6614,6
6615,6
6616,6
6617,6
6618,7
6619,6
6620,6
6621,6
6622,6
6623,6
6624,6
6625,6
6626,7
6627,7
6628,7
6629,7
6630,7
6631,7
6632,7
6633,7
6634,7
6635,7
6636,7
6637,7
6638,7
6639,7
6640,7
6641,7
6642,8
6643,7
6644,8
6645,8
6646,8
6647,8
6648,8
6649,8
6650,8
6651,8
6652,7
6653,8
6654,8
6655,8
6656,8
6657,8
6658,8
6659,8
6660,8
6661,8
6662,8
6663,8
6664,8
6665,8
6666,8
6667,8
6668,8
6669,8
6670,8
6671,9
6672,8
6673,9
6674,9
6675,9
6676,9
6677,9
6678,10
6679,10
6680,10
6681,10
6682,10
6683,10
6684,11
6685,11
6686,11
6687,12
6688,12
6689,12
6690,12
6691,12
6692,12
6693,13
6694,13
6695,13
6696,13
6697,13
6698,14
6699,14
6700,14
6701,14
6702,14
6703,14
6704,14
6705,15
6706,15
6707,15
6708,16
6709,17
6710,18
6711,19
6712,20
6713,20
6714,21
6715,22
6716,23
6717,24
6718,25
6719,26
6720,26
6721,27
6722,27
6723,28
6724,29
6725,29
6726,30
6727,30
6728,31
6729,31
6730,32
6731,32
6732,33
6733,33
6734,33
6735,34
6736,34
6737,34
6738,35
6739,35
6740,35
6741,35
6742,35
6743,36
6744,36
6745,37
6746,37
6747,37
6748,37
6749,37
6750,37
6751,37
6752,38
6753,38
6754,38
6755,38
6756,38
6757,38
6758,38
6759,37
6760,36
6761,36
6762,35
6763,34
6764,34
6765,33
6766,33
6767,32
6768,31
6769,31
6770,30
6771,30
6772,30
6773,29
6774,29
6775,28
6776,28
6777,27
6778,26
6779,26
6780,26
6781,26
6782,26
6783,25
6784,25
6785,25
6786,25
6787,24
6788,24
6789,24
6790,24
6791,23
6792,23
6793,22
6794,22
6795,22
6796,21
6797,21
6798,20
6799,20
6800,19
6801,19
6802,19
6803,18
6804,18
6805,18
6806,17
6807,17
6808,17
6809,16
6810,16
6811,16
6812,16
6813,16
6814,16
6815,15
6816,15
6817,15
6818,15
6819,15
6820,15
6821,15
6822,14
6823,14
6824,14
6825,14
6826,14
6827,14
6828,13
6829,13
6830,13
6831,13
6832,13
6833,13
6834,13
6835,13
6836,13
6837,13
6838,12
6839,13
6840,12
6841,13
6842,13
6843,13
6844,13
6845,13
6846,13
6847,13
6848,14
6849,14
6850,14
6851,14
6852,14
6853,15
6854,15
6855,15
6856,15
6857,15
6858,15
6859,16
6860,16
6861,16
6862,16
6863,17
6864,16
6865,16
6866,16
6867,16
6868,17
6869,17
6870,16
6871,17
6872,17
6873,17
6874,17
6875,17
6876,17
6877,17
6878,18
6879,18
6880,18
6881,18
6882,18
6883,18
6884,18
6885,18
6886,18
6887,18
6888,18
6889,18
6890,18
6891,18
6892,18
6893,18
6894,18
6895,18
6896,18
6897,18
6898,19
6899,18
6900,18
6901,18
6902,18
6903,19
6904,19
6905,19
6906,19
6907,19
6908,19
6909,20
6910,20
6911,20
6912,21
6913,21
6914,22
6915,22
6916,22
6917,23
6918,23
6919,24
6920,24
6921,24
6922,25
6923,25
6924,25
6925,25
6926,25
6927,25
6928,25
6929,25
6930,25
6931,25
6932,25
6933,25
6934,25
6935,25
6936,25
6937,25
6938,25
6939,25
6940,25
6941,25
6942,25
6943,25
6944,25
6945,24
6946,24
6947,25
6948,25
6949,25
6950,25
6951,24
6952,24
6953,25
6954,25
6955,25
6956,24
6957,24
6958,24
6959,24
6960,23
6961,23
6962,23
6963,23
6964,23
6965,22
6966,22
6967,22
6968,22
6969,22
6970,21
6971,21
6972,21
6973,21
6974,20
6975,20
6976,20
6977,20
6978,20
6979,20
6980,20
6981,19
6982,19
6983,19
6984,19
6985,19
6986,19
6987,19
6988,19
6989,19
6990,19
6991,19
6992,18
6993,19
6994,19
6995,19
6996,20
6997,20
6998,19
6999,19
7000,19
7001,19
7002,20
7003,20
7004,20
7005,20
7006,20
7007,20
7008,20
7009,20
7010,20
7011,20
7012,21
7013,20
7014,21
7015,21
7016,21
7017,21
7018,21
7019,21
7020,21
7021,21
7022,21
7023,21
7024,21
7025,21
7026,21
7027,21
7028,21
7029,21
7030,21
7031,21
7032,21
7033,21
7034,21
7035,22
7036,22
7037,21
7038,22
7039,22
7040,22
7041,22
7042,22
7043,22
7044,22
7045,22
7046,22
7047,22
7048,22
7049,22
7050,23
7051,23
7052,23
7053,23
7054,23
7055,23
7056,23
7057,23
7058,23
7059,23
7060,24
7061,24
7062,24
7063,24
7064,24
7065,23
7066,24
7067,24
7068,24
7069,24
7070,24
7071,24
7072,24
7073,23
7074,23
7075,23
7076,22
7077,22
7078,21
7079,21
7080,21
7081,21
7082,21
7083,20
7084,20
7085,19
7086,19
7087,19
7088,19
7089,18
7090,18
7091,18
7092,18
7093,17
7094,17
7095,17
7096,17
7097,17
7098,16
7099,16
7100,16
7101,16
7102,16
7103,16
7104,15
7105,15
7106,15
7107,15
7108,14
7109,14
7110,14
7111,14
7112,13
7113,13
7114,13
7115,12
7116,12
7117,12
7118,12
7119,11
7120,11
7121,11
7122,11
7123,11
7124,11
7125,10
7126,10
7127,11
7128,10
7129,10
7130,10
7131,10
7132,10
7133,10
7134,10
7135,10
7136,10
7137,10
7138,10
7139,10
7140,10
7141,9
7142,10
7143,10
7144,10
7145,9
7146,10
7147,10
7148,10
7149,10
7150,10
7151,9
7152,9
7153,10
7154,10
7155,10
7156,10
7157,10
7158,10
7159,10
7160,10
7161,10
7162,11
7163,11
7164,12
7165,12
7166,12
7167,12
7168,12
7169,12
7170,12
7171,13
7172,13
7173,13
7174,13
7175,13
7176,13
7177,14
7178,14
7179,14
7180,14
7181,14
7182,15
7183,15
7184,15
7185,15
7186,15
7187,15
7188,15
7189,15
7190,15
7191,15
7192,15
7193,15
7194,15
7195,15
7196,15
7197,14
7198,14
7199,15
7200,15
7201,14
7202,14
7203,14
7204,14
7205,14
7206,14
7207,14
7208,14
7209,14
7210,14
7211,14
7212,13
7213,14
7214,14
7215,14
7216,14
7217,13
7218,14
7219,14
7220,14
7221,14
7222,14
7223,14
7224,14
7225,14
7226,13
7227,13
7228,13
7229,14
7230,14
7231,13
7232,13
7233,13
7234,13
7235,14
7236,13
7237,13
7238,13
7239,13
7240,13
7241,12
7242,12
7243,12
7244,12
7245,11
7246,11
7247,11
7248,11
7249,11
7250,11
7251,10
7252,10
7253,10
7254,10
7255,10
7256,10
7257,9
7258,9
7259,9
7260,9
7261,9
7262,9
7263,9
7264,9
7265,8
7266,9
7267,8
7268,8
7269,8
7270,8
7271,9
7272,8
7273,8
7274,7
7275,8
7276,8
7277,8
7278,8
7279,7
7280,7
7281,7
7282,7
7283,7
7284,7
7285,7
7286,7
7287,7
7288,7
7289,7
7290,7
7291,7
7292,7
7293,7
7294,7
7295,7
7296,8
7297,7
7298,7
7299,7
7300,7
7301,7
7302,8
7303,8
7304,8
7305,7
7306,7
7307,8
7308,7
7309,8
7310,8
7311,8
7312,8
7313,8
7314,8
7315,8
7316,8
7317,8
7318,8
7319,8
7320,8
7321,8
7322,8
7323,8
7324,8
7325,9
7326,9
7327,10
7328,10
7329,10
7330,11
7331,11
7332,12
7333,12
7334,12
7335,13
7336,14
7337,14
7338,14
7339,15
7340,15
7341,15
7342,16
7343,16
7344,16
7345,17
7346,17
7347,18
7348,18
7349,18
7350,18
7351,19
7352,19
7353,19
7354,19
7355,19
7356,20
7357,20
7358,21
7359,21
7360,22
7361,22
7362,23
7363,23
7364,24
7365,24
7366,24
7367,25
7368,25
7369,26
7370,26
7371,26
7372,26
7373,27
7374,27
7375,27
7376,28
7377,28
7378,28
7379,28
7380,28
7381,28
7382,28
7383,29
7384,29
7385,29
7386,29
7387,30
7388,30
7389,30
7390,30
7391,30
7392,30
7393,30
7394,30
7395,29
7396,29
7397,29
7398,29
7399,29
7400,29
7401,29
7402,29
7403,29
7404,29
7405,28
7406,28
7407,28
7408,28
7409,29
7410,28
7411,28
7412,28
7413,28
7414,28
7415,28
7416,28
7417,28
7418,28
7419,28
7420,28
7421,28
7422,28
7423,28
7424,28
7425,28
7426,28
7427,28
7428,28
7429,28
7430,28
7431,28
7432,28
7433,28
7434,29
7435,29
7436,29
7437,29
7438,29
7439,29
7440,29
7441,30
7442,30
7443,30
7444,30
7445,31
7446,31
7447,32
7448,32
7449,32
7450,33
7451,33
7452,33
7453,33
7454,34
7455,34
7456,34
7457,34
7458,34
7459,34
7460,35
7461,35
7462,35
7463,35
7464,35
7465,36
7466,36
7467,36
7468,36
7469,36
7470,36
7471,37
7472,36
7473,36
7474,36
7475,37
7476,36
7477,36
7478,37
7479,37
7480,37
7481,37
7482,36
7483,36
7484,37
7485,37
7486,37
7487,37
7488,37
7489,37
7490,37
7491,36
7492,36
7493,35
7494,35
7495,35
7496,34
7497,34
7498,33
7499,33
7500,33
7501,32
7502,32
7503,32
7504,32
7505,31
7506,31
7507,31
7508,31
7509,30
7510,30
7511,30
7512,30
7513,30
7514,29
7515,29
7516,29
7517,29
7518,29
7519,28
7520,29
7521,28
7522,28
7523,27
7524,27
7525,26
7526,25
7527,24
7528,24
7529,23
7530,23
7531,22
7532,21
7533,21
7534,21
7535,20
7536,20
7537,19
7538,19
7539,18
7540,18
7541,17
7542,17
7543,16
7544,16
7545,15
7546,15
7547,15
7548,14
7549,13
7550,14
7551,13
7552,13
7553,13
7554,12
7555,13
7556,12
7557,12
7558,12
7559,11
7560,11
7561,12
7562,11
7563,11
7564,11
7565,10
7566,10
7567,10
7568,10
7569,10
7570,10
7571,10
7572,10
7573,10
7574,9
7575,9
7576,9
7577,9
7578,9
7579,9
7580,9
7581,9
7582,9
7583,9
7584,8
7585,8
7586,8
7587,8
7588,9
7589,8
7590,8
7591,8
7592,9
7593,9
7594,9
7595,9
7596,9
7597,10
7598,10
7599,10
7600,10
7601,10
7602,11
7603,11
7604,12
7605,11
7606,12
7607,12
7608,12
7609,13
7610,13
7611,13
7612,13
7613,14
7614,14
7615,14
7616,14
7617,14
7618,14
7619,14
7620,14
7621,15
7622,15
7623,16
7624,16
7625,16
7626,17
7627,18
7628,18
7629,19
7630,19
7631,20
7632,21
7633,21
7634,21
7635,22
7636,23
7637,23
7638,23
7639,24
7640,24
7641,24
7642,25
7643,25
7644,25
7645,26
7646,26
7647,26
7648,27
7649,27
7650,27
7651,27
7652,28
7653,28
7654,28
7655,29
7656,28
7657,28
7658,29
7659,29
7660,29
7661,29
7662,29
7663,30
7664,29
7665,30
7666,30
7667,30
7668,30
7669,30
7670,30
7671,30
7672,29
7673,30
7674,30
7675,30
7676,29
7677,29
7678,29
7679,28
7680,29
7681,28
7682,28
7683,28
7684,28
7685,27
7686,27
7687,27
7688,27
7689,27
7690,26
7691,26
7692,26
7693,26
7694,26
7695,26
7696,26
7697,25
7698,25
7699,25
7700,26
7701,25
7702,25
7703,25
7704,25
7705,24
7706,24
7707,24
7708,24
7709,24
7710,23
7711,23
7712,22
7713,22
7714,22
7715,22
7716,21
7717,21
7718,20
7719,20
7720,20
7721,20
7722,19
7723,19
7724,19
7725,19
7726,19
7727,18
7728,18
7729,18
7730,18
7731,18
7732,17
7733,17
7734,18
7735,17
7736,17
7737,17
7738,17
7739,17
7740,17
7741,16
7742,16
7743,16
7744,16
7745,16
7746,16
7747,16
7748,15
7749,16
7750,15
7751,15
7752,15
7753,15
7754,15
7755,15
7756,15
7757,15
7758,14
7759,15
7760,14
7761,15
7762,15
7763,15
7764,14
7765,14
7766,14
7767,14
7768,14
7769,14
7770,14
7771,14
7772,14
7773,14
7774,14
7775,14
7776,14
7777,14
7778,13
7779,13
7780,13
7781,13
7782,13
7783,12
7784,12
7785,12
7786,12
7787,12
7788,12
7789,12
7790,11
7791,11
7792,11
7793,11
7794,10
7795,10
7796,9
7797,10
7798,9
7799,9
7800,9
7801,9
7802,9
7803,9
7804,9
7805,8
7806,8
7807,8
7808,8
7809,8
7810,8
7811,8
7812,7
7813,7
7814,7
7815,7
7816,7
7817,7
7818,7
7819,7
7820,7
7821,6
7822,7
7823,7
7824,7
7825,6
7826,6
7827,6
7828,6
7829,6
7830,6
7831,6
7832,6
7833,6
7834,6
7835,6
7836,5
7837,6
7838,6
7839,6
7840,6
7841,6
7842,5
7843,6
7844,5
7845,6
7846,5
7847,5
7848,5
7849,5
7850,5
7851,5
7852,5
7853,5
7854,5
7855,5
7856,5
7857,5
7858,6
7859,6
7860,6
7861,6
7862,6
7863,6
7864,6
7865,6
7866,7
7867,7
7868,8
7869,8
7870,8
7871,8
7872,8
7873,9
7874,9
7875,9
7876,10
7877,10
7878,10
7879,10
7880,10
7881,11
7882,11
7883,11
7884,12
7885,12
7886,12
7887,12
7888,12
7889,12
7890,13
7891,13
7892,13
7893,13
7894,13
7895,14
7896,14
7897,14
7898,14
7899,14
7900,14
7901,14
7902,14
7903,14
7904,15
7905,16
7906,17
7907,18
7908,20
7909,21
7910,22
7911,24
7912,25
7913,27
7914,28
7915,29
7916,30
7917,31
7918,32
7919,33
7920,34
7921,34
7922,35
7923,36
7924,36
7925,37
7926,38
7927,38
7928,39
7929,39
7930,39
7931,40
7932,40
7933,40
7934,40
7935,41
7936,41
7937,41
7938,42
7939,42
7940,42
7941,42
7942,42
7943,43
7944,43
7945,43
7946,43
7947,44
7948,43
7949,43
7950,43
7951,44
7952,43
7953,44
7954,44
7955,44
7956,44
7957,44
7958,44
7959,44
7960,45
7961,45
7962,45
7963,45
7964,45
7965,45
7966,45
7967,44
7968,45
7969,45
7970,45
7971,45
7972,44
7973,44
7974,44
7975,44
7976,43
7977,42
7978,41
7979,41
7980,41
7981,40
7982,40
7983,39
7984,38
7985,38
7986,38
7987,37
7988,37
7989,36
7990,36
7991,36
7992,36
7993,35
7994,35
7995,35
7996,34
7997,34
7998,34
7999,34
8000,34
8001,33
8002,33
8003,33
8004,33
8005,33
8006,33
8007,32
8008,32
8009,32
8010,32
8011,32
8012,31
8013,31
8014,32
8015,32
8016,31
8017,31
8018,31
8019,31
8020,31
8021,31
8022,31
8023,31
8024,31
8025,31
8026,31
8027,31
8028,30
8029,31
8030,31
8031,31
8032,30
8033,30
8034,30
8035,30
8036,30
8037,30
8038,30
8039,30
8040,30
8041,30
8042,30
8043,29
8044,29
8045,29
8046,28
8047,29
8048,29
8049,28
8050,27
8051,27
8052,28
8053,27
8054,27
8055,27
8056,27
8057,26
8058,26
8059,26
8060,26
8061,26
8062,26
8063,26
8064,26
8065,26
8066,25
8067,26
8068,26
8069,25
8070,25
8071,25
8072,25
8073,25
8074,25
8075,25
8076,25
8077,25
8078,25
8079,24
8080,24
8081,24
8082,24
8083,24
8084,24
8085,24
8086,24
8087,24
8088,24
8089,23
8090,23
8091,23
8092,23
8093,23
8094,24
8095,23
8096,23
8097,23
8098,23
8099,23
8100,23
8101,23
8102,23
8103,23
8104,23
8105,22
8106,22
8107,22
8108,22
8109,21
8110,21
8111,21
8112,21
8113,20
8114,20
8115,20
8116,19
8117,19
8118,19
8119,19
8120,18
8121,18
8122,18
8123,18
8124,17
8125,17
8126,17
8127,17
8128,17
8129,17
8130,17
8131,16
8132,17
8133,16
8134,16
8135,16
8136,16
8137,16
8138,16
8139,15
8140,15
8141,14
8142,14
8143,14
8144,15
8145,14
8146,13
8147,14
8148,13
8149,13
8150,13
8151,13
8152,12
8153,12
8154,12
8155,12
8156,12
8157,12
8158,12
8159,12
8160,12
8161,11
8162,11
8163,11
8164,11
8165,11
8166,11
8167,10
8168,10
8169,11
8170,10
8171,10
8172,11
8173,10
8174,10
8175,11
8176,11
8177,11
8178,11
8179,11
8180,11
8181,12
8182,11
8183,12
8184,12
8185,12
8186,12
8187,12
8188,13
8189,13
8190,13
8191,13
8192,13
8193,13
8194,13
8195,14
8196,13
8197,14
8198,14
8199,14
8200,14
8201,14
8202,14
8203,14
8204,15
8205,15
8206,16
8207,17
8208,17
8209,18
8210,19
8211,20
8212,21
8213,21
8214,22
8215,23
8216,24
8217,24
8218,25
8219,26
8220,26
8221,27
8222,27
8223,28
8224,28
8225,29
8226,30
8227,30
8228,30
8229,30
8230,31
8231,31
8232,32
8233,31
8234,32
8235,32
8236,33
8237,33
8238,33
8239,33
8240,33
8241,33
8242,34
8243,34
8244,34
8245,34
8246,34
8247,34
8248,35
8249,34
8250,35
8251,35
8252,35
8253,35
8254,35
8255,35
8256,35
8257,35
8258,35
8259,35
8260,34
8261,34
8262,34
8263,34
8264,34
8265,34
8266,34
8267,34
8268,33
8269,33
8270,33
8271,33
8272,33
8273,33
8274,33
8275,33
8276,33
8277,33
8278,33
8279,32
8280,33
8281,33
8282,33
8283,33
8284,33
8285,33
8286,32
8287,33
8288,32
8289,31
8290,30
8291,30
8292,29
8293,29
8294,28
8295,28
8296,27
8297,26
8298,25
8299,25
8300,24
8301,24
8302,23
8303,23
8304,22
8305,22
8306,21
8307,21
8308,20
8309,20
8310,19
8311,19
8312,19
8313,19
8314,18
8315,18
8316,18
8317,17
8318,17
8319,17
8320,17
8321,17
8322,16
8323,16
8324,15
8325,15
8326,15
8327,15
8328,14
8329,14
8330,13
8331,13
8332,13
8333,13
8334,12
8335,12
8336,12
8337,12
8338,11
8339,11
8340,11
8341,11
8342,11
8343,11
8344,10
8345,10
8346,10
8347,10
8348,10
8349,10
8350,10
8351,9
8352,9
8353,10
8354,9
8355,9
8356,9
8357,9
8358,9
8359,9
8360,9
8361,9
8362,9
8363,9
8364,9
8365,9
8366,9
8367,9
8368,9
8369,9
8370,9
8371,9
8372,9
8373,9
8374,9
8375,9
8376,9
8377,9
8378,9
8379,9
8380,9
8381,9
8382,9
8383,9
8384,9
8385,9
8386,9
8387,9
8388,9
8389,9
8390,9
8391,9
8392,9
8393,9
8394,9
8395,9
8396,9
8397,9
8398,9
8399,9
8400,9
8401,9
8402,9
8403,9
8404,9
8405,9
8406,9
8407,9
8408,9
8409,10
8410,10
8411,9
8412,10
8413,9
8414,10
8415,10
8416,10
8417,10
8418,10
8419,10
8420,10
8421,10
8422,10
8423,9
8424,9
8425,9
8426,9
8427,9
8428,9
8429,9
8430,9
8431,9
8432,9
8433,9
8434,9
8435,9
8436,9
8437,9
8438,9
8439,9
8440,9
8441,9
8442,8
8443,8
8444,8
8445,8
8446,8
8447,8
8448,8
8449,8
8450,8
8451,8
8452,8
8453,8
8454,8
8455,8
8456,8
8457,8
8458,8
8459,8
8460,8
8461,8
8462,9
8463,9
8464,8
8465,9
8466,9
8467,9
8468,9
8469,9
8470,9
8471,9
8472,9
8473,9
8474,9
8475,9
8476,9
8477,10
8478,10
8479,10
8480,10
8481,10
8482,10
8483,10
8484,10
8485,10
8486,10
8487,10
8488,10
8489,11
8490,11
8491,12
8492,12
8493,13
8494,13
8495,14
8496,14
8497,15
8498,15
8499,16
8500,17
8501,17
8502,17
8503,18
8504,18
8505,19
8506,19
8507,20
8508,20
8509,20
8510,21
8511,21
8512,21
8513,22
8514,22
8515,22
8516,23
8517,23
8518,23
8519,24
8520,24
8521,24
8522,25
8523,25
8524,26
8525,26
8526,27
8527,27
8528,28
8529,28
8530,28
8531,28
8532,29
8533,29
8534,29
8535,30
8536,30
8537,31
8538,31
8539,31
8540,32
8541,32
8542,32
8543,32
8544,32
8545,32
8546,33
8547,33
8548,33
8549,33
8550,33
8551,33
8552,33
8553,33
8554,33
8555,33
8556,33
8557,33
8558,33
8559,32
8560,32
8561,31
8562,31
8563,30
8564,30
8565,29
8566,29
8567,29
8568,29
8569,28
8570,28
8571,28
8572,27
8573,27
8574,26
8575,26
8576,26
8577,25
8578,25
8579,25
8580,24
8581,24
8582,24
8583,23
8584,24
8585,23
8586,23
8587,22
8588,22
8589,22
8590,22
8591,21
8592,21
8593,21
8594,21
8595,21
8596,21
8597,20
8598,20
8599,20
8600,20
8601,20
8602,20
8603,20
8604,20
8605,21
8606,20
8607,21
8608,21
8609,21
8610,22
8611,22
8612,22
8613,23
8614,23
8615,23
8616,23
8617,24
8618,24
8619,25
8620,25
8621,25
8622,25
8623,25
8624,26
8625,25
8626,26
8627,26
8628,26
8629,27
8630,26
8631,27
8632,26
8633,27
8634,27
8635,27
8636,28
8637,27
8638,28
8639,27
8640,27
8641,27
8642,28
8643,28
8644,28
8645,28
8646,28
8647,28
8648,28
8649,29
8650,28
8651,29
8652,29
8653,28
8654,29
8655,29
8656,30
8657,30
8658,30
8659,31
8660,31
8661,31
8662,31
8663,32
8664,32
8665,33
8666,33
8667,33
8668,34
8669,34
8670,34
8671,34
8672,34
8673,35
8674,35
8675,35
8676,35
8677,35
8678,36
8679,36
8680,36
8681,36
8682,36
8683,36
8684,36
8685,36
8686,36
8687,36
8688,36
8689,35
8690,35
8691,35
8692,35
8693,33
8694,33
8695,33
8696,33
8697,32
8698,32
8699,31
8700,31
8701,31
8702,31
8703,30
8704,30
8705,30
8706,29
8707,29
8708,29
8709,28
8710,28
8711,29
8712,28
8713,27
8714,27
8715,27
8716,28
8717,27
8718,27
8719,27
8720,26
8721,26
8722,26
8723,25
8724,25
8725,24
8726,24
8727,23
8728,23
8729,22
8730,22
8731,22
8732,21
8733,21
8734,21
8735,20
8736,20
8737,20
8738,19
8739,19
8740,19
8741,18
8742,18
8743,18
8744,17
8745,17
8746,17
8747,17
8748,17
8749,17
8750,16
8751,16
8752,16
8753,16
8754,15
8755,15
8756,15
8757,16
8758,15
8759,15
8760,15
8761,15
8762,15
8763,15
8764,15
8765,15
8766,15
8767,15
8768,15
8769,15
8770,15
8771,15
8772,15
8773,15
8774,15
8775,15
8776,15
8777,15
8778,15
8779,14
8780,15
8781,14
8782,15
8783,15
8784,15
8785,15
8786,15
8787,14
8788,15
8789,15
8790,15
8791,15
8792,15
8793,15
8794,15
8795,15
8796,15
8797,15
8798,16
8799,16
8800,16
8801,16
8802,16
8803,16
8804,16
8805,16
8806,16
8807,16
8808,16
8809,17
8810,16
8811,17
8812,17
8813,17
8814,17
8815,17
8816,17
8817,17
8818,17
8819,17
8820,17
8821,17
8822,17
8823,17
8824,17
8825,17
8826,16
8827,16
8828,16
8829,16
8830,16
8831,16
8832,15
8833,16
8834,16
8835,15
8836,15
8837,15
8838,14
8839,15
8840,14
8841,15
8842,14
8843,14
8844,15
8845,14
8846,14
8847,14
8848,14
8849,14
8850,14
8851,14
8852,13
8853,14
8854,14
8855,13
8856,13
8857,13
8858,13
8859,13
8860,13
8861,12
8862,12
8863,12
8864,12
8865,12
8866,12
8867,11
8868,12
8869,12
8870,11
8871,11
8872,11
8873,11
8874,11
8875,11
8876,11
8877,10
8878,10
8879,11
8880,10
8881,10
8882,10
8883,10
8884,10
8885,10
8886,10
8887,10
8888,10
8889,10
8890,10
8891,10
8892,11
8893,11
8894,11
8895,11
8896,11
8897,11
8898,11
8899,11
8900,12
8901,12
8902,12
8903,12
8904,12
8905,13
8906,13
8907,13
8908,13
8909,13
8910,13
8911,13
8912,13
8913,13
8914,13
8915,14
8916,14
8917,14
8918,14
8919,14
8920,14
8921,14
8922,15
8923,15
8924,16
8925,16
8926,17
8927,17
8928,17
8929,17
8930,18
8931,18
8932,19
8933,19
8934,19
8935,19
8936,19
8937,20
8938,19
8939,20
8940,20
8941,20
8942,20
8943,19
8944,19
8945,19
8946,19
8947,19
8948,19
8949,18
8950,18
8951,18
8952,18
8953,18
8954,19
8955,18
8956,18
8957,18
8958,18
8959,17
8960,17
8961,17
8962,17
8963,17
8964,17
8965,17
8966,17
8967,17
8968,17
8969,17
8970,16
8971,16
8972,16
8973,16
8974,15
8975,14
8976,14
8977,14
8978,14
8979,13
8980,13
8981,13
8982,12
8983,12
8984,12
8985,11
8986,11
8987,11
8988,11
8989,10
8990,10
8991,10
8992,10
8993,10
8994,10
8995,9
8996,9
8997,9
8998,9
8999,8
9000,9
9001,9
9002,8
9003,9
9004,8
9005,8
9006,8
9007,8
9008,8
9009,8
9010,8
9011,8
9012,7
9013,7
9014,7
9015,7
9016,8
9017,8
9018,7
9019,7
9020,7
9021,7
9022,7
9023,7
9024,7
9025,7
9026,7
9027,7
9028,7
9029,7
9030,7
9031,7
9032,7
9033,7
9034,7
9035,7
9036,7
9037,7
9038,7
9039,7
9040,8
9041,7
9042,8
9043,8
9044,7
9045,8
9046,8
9047,8
9048,9
9049,9
9050,9
9051,9
9052,10
9053,10
9054,10
9055,10
9056,10
9057,11
9058,11
9059,11
9060,11
9061,11
9062,12
9063,12
9064,12
9065,12
9066,12
9067,13
9068,13
9069,13
9070,13
9071,13
9072,14
9073,14
9074,15
9075,15
9076,16
9077,16
9078,17
9079,18
9080,17
9081,18
9082,18
9083,19
9084,19
9085,20
9086,20
9087,20
9088,21
9089,21
9090,21
9091,21
9092,22
9093,22
9094,23
9095,22
9096,23
9097,23
9098,23
9099,23
9100,24
9101,24
9102,24
9103,24
9104,24
9105,24
9106,25
9107,25
9108,25
9109,25
9110,25
9111,25
9112,25
9113,26
9114,26
9115,26
9116,26
9117,26
9118,26
9119,26
9120,26
9121,27
9122,26
9123,27
9124,27
9125,27
9126,27
9127,27
9128,27
9129,27
9130,27
9131,27
9132,27
9133,27
9134,27
9135,27
9136,27
9137,27
9138,27
9139,27
9140,28
9141,28
9142,28
9143,28
9144,28
9145,28
9146,28
9147,28
9148,28
9149,28
9150,28
9151,29
9152,29
9153,29
9154,29
9155,30
9156,30
9157,31
9158,31
9159,31
9160,32
9161,32
9162,33
9163,33
9164,33
9165,34
9166,34
9167,35
9168,35
9169,35
9170,35
9171,36
9172,36
9173,36
9174,36
9175,37
9176,37
9177,37
9178,37
9179,37
9180,37
9181,37
9182,38
9183,38
9184,38
9185,38
9186,38
9187,39
9188,39
9189,40
9190,40
9191,41
9192,41
9193,42
9194,42
9195,42
9196,43
9197,43
9198,43
9199,44
9200,44
9201,44
9202,44
9203,45
9204,45
9205,45
9206,45
9207,45
9208,46
9209,46
9210,46
9211,46
9212,46
9213,46
9214,46
9215,47
9216,47
9217,47
9218,47
9219,47
9220,46
9221,46
9222,46
9223,46
9224,45
9225,45
9226,44
9227,44
9228,43
9229,42
9230,42
9231,42
9232,42
9233,41
9234,41
9235,40
9236,40
9237,39
9238,39
9239,39
9240,39
9241,39
9242,38
9243,38
9244,38
9245,38
9246,38
9247,37
9248,37
9249,37
9250,37
9251,36
9252,36
9253,36
9254,35
9255,34
9256,33
9257,32
9258,31
9259,30
9260,30
9261,28
9262,28
9263,27
9264,26
9265,25
9266,24
9267,24
9268,23
9269,22
9270,22
9271,21
9272,21
9273,20
9274,20
9275,19
9276,19
9277,19
9278,18
9279,18
9280,17
9281,17
9282,17
9283,16
9284,16
9285,15
9286,15
9287,15
9288,15
9289,14
9290,14
9291,14
9292,14
9293,14
9294,14
9295,13
9296,13
9297,13
9298,13
9299,13
9300,13
9301,12
9302,12
9303,12
9304,12
9305,11
9306,11
9307,11
9308,11
9309,11
9310,11
9311,10
9312,11
9313,10
9314,10
9315,10
9316,10
9317,9
9318,9
9319,9
9320,9
9321,9
9322,9
9323,9
9324,9
9325,9
9326,9
9327,9
9328,9
9329,9
9330,9
9331,9
9332,9
9333,9
9334,10
9335,10
9336,10
9337,10
9338,10
9339,10
9340,10
9341,10
9342,10
9343,10
9344,10
9345,10
9346,10
9347,10
9348,10
9349,10
9350,10
9351,10
9352,10
9353,11
9354,11
9355,11
9356,12
9357,12
9358,12
9359,13
9360,13
9361,13
9362,14
9363,14
9364,15
9365,15
9366,15
9367,15
9368,16
9369,16
9370,16
9371,17
9372,17
9373,17
9374,17
9375,18
9376,18
9377,18
9378,19
9379,19
9380,19
9381,19
9382,20
9383,20
9384,20
9385,20
9386,21
9387,20
9388,20
9389,20
9390,21
9391,21
9392,21
9393,21
9394,21
9395,21
9396,21
9397,21
9398,21
9399,21
9400,21
9401,21
9402,21
9403,21
9404,21
9405,21
9406,22
9407,21
9408,21
9409,21
9410,21
9411,21
9412,21
9413,21
9414,21
9415,22
9416,22
9417,22
9418,21
9419,21
9420,22
9421,21
9422,21
9423,21
9424,21
9425,21
9426,21
9427,21
9428,20
9429,20
9430,20
9431,21
9432,20
9433,20
9434,20
9435,20
9436,20
9437,20
9438,20
9439,20
9440,20
9441,20
9442,20
9443,20
9444,19
9445,19
9446,19
9447,19
9448,19
9449,19
9450,19
9451,19
9452,19
9453,19
9454,19
9455,19
9456,19
9457,20
9458,19
9459,19
9460,19
9461,20
9462,20
9463,20
9464,20
9465,20
9466,20
9467,20
9468,20
9469,20
9470,20
9471,20
9472,20
9473,20
9474,20
9475,20
9476,21
9477,21
9478,21
9479,20
9480,20
9481,20
9482,21
9483,21
9484,21
9485,21
9486,21
9487,21
9488,20
9489,21
9490,21
9491,21
9492,21
9493,21
9494,21
9495,21
9496,21
9497,21
9498,21
9499,21
9500,21
9501,21
9502,21
9503,21
9504,20
9505,20
9506,20
9507,20
9508,20
9509,20
9510,20
9511,19
9512,19
9513,19
9514,19
9515,19
9516,19
9517,19
9518,18
9519,18
9520,18
9521,18
9522,18
9523,18
9524,18
9525,17
9526,18
9527,17
9528,17
9529,17
9530,17
9531,17
9532,17
9533,17
9534,17
9535,17
9536,16
9537,16
9538,16
9539,15
9540,15
9541,14
9542,14
9543,14
9544,14
9545,13
9546,13
9547,13
9548,12
9549,12
9550,12
9551,11
9552,11
9553,11
9554,11
9555,10
9556,10
9557,10
9558,10
9559,10
9560,9
9561,9
9562,9
9563,9
9564,9
9565,9
9566,9
9567,9
9568,9
9569,8
9570,8
9571,8
9572,8
9573,8
9574,8
9575,7
9576,8
9577,7
9578,7
9579,7
9580,7
9581,7
9582,7
9583,7
9584,7
9585,7
9586,7
9587,7
9588,6
9589,6
9590,6
9591,6
9592,6
9593,6
9594,7
9595,6
9596,6
9597,6
9598,6
9599,6
9600,6
9601,6
9602,6
9603,6
9604,6
9605,6
9606,6
9607,6
9608,6
9609,6
9610,6
9611,6
9612,6
9613,6
9614,7
9615,7
9616,7
9617,7
9618,7
9619,7
9620,7
9621,7
9622,8
9623,8
9624,8
9625,8
9626,7
9627,8
9628,8
9629,8
9630,9
9631,9
9632,8
9633,8
9634,9
9635,9
9636,9
9637,10
9638,11
9639,11
9640,13
9641,13
9642,14
9643,15
9644,16
9645,17
9646,17
9647,18
9648,19
9649,20
9650,21
9651,21
9652,22
9653,22
9654,23
9655,24
9656,25
9657,25
9658,26
9659,26
9660,27
9661,27
9662,28
9663,28
9664,28
9665,29
9666,29
9667,30
9668,30
9669,30
9670,31
9671,31
9672,32
9673,32
9674,32
9675,33
9676,33
9677,34
9678,34
9679,34
9680,35
9681,35
9682,35
9683,35
9684,36
9685,36
9686,36
9687,36
9688,36
9689,37
9690,37
9691,38
9692,37
9693,38
9694,37
9695,38
9696,38
9697,38
9698,38
9699,38
9700,39
9701,38
9702,39
9703,38
9704,38
9705,39
9706,39
9707,39
9708,39
9709,39
9710,39
9711,39
9712,40
9713,39
9714,39
9715,39
9716,39
9717,40
9718,40
9719,39
9720,39
9721,39
9722,38
9723,38
9724,38
9725,37
9726,37
9727,37
9728,37
9729,36
9730,36
9731,36
9732,35
9733,35
9734,35
9735,35
9736,35
9737,35
9738,34
9739,34
9740,33
9741,34
9742,33
9743,34
9744,33
9745,33
9746,33
9747,33
9748,33
9749,33
9750,33
9751,33
9752,33
9753,33
9754,33
9755,32
9756,32
9757,32
9758,32
9759,32
9760,32
9761,32
9762,32
9763,32
9764,32
9765,32
9766,32
9767,32
9768,32
9769,32
9770,32
9771,32
9772,32
9773,32
9774,32
9775,32
9776,32
9777,32
9778,32
9779,32
9780,32
9781,32
9782,32
9783,32
9784,32
9785,32
9786,32
9787,32
9788,32
9789,32
9790,32
9791,32
9792,32
9793,32
9794,32
9795,32
9796,32
9797,32
9798,32
9799,32
9800,33
9801,32
9802,33
9803,32
9804,32
9805,32
9806,33
9807,32
9808,32
9809,32
9810,32
9811,32
9812,32
9813,32
9814,33
9815,32
9816,32
9817,32
9818,32
9819,32
9820,31
9821,31
9822,31
9823,30
9824,30
9825,30
9826,29
9827,28
9828,28
9829,28
9830,27
9831,27
9832,27
9833,26
9834,26
9835,26
9836,25
9837,25
9838,25
9839,25
9840,25
9841,24
9842,24
9843,24
9844,24
9845,23
9846,23
9847,23
9848,23
9849,23
9850,22
9851,22
9852,22
9853,22
9854,22
9855,22
9856,22
9857,21
9858,22
9859,21
9860,21
9861,21
9862,21
9863,21
9864,21
9865,21
9866,21
9867,20
9868,20
9869,20
9870,20
9871,20
9872,19
9873,19
9874,18
9875,18
9876,18
9877,17
9878,17
9879,17
9880,16
9881,16
9882,15
9883,16
9884,15
9885,15
9886,15
9887,14
9888,14
9889,14
9890,14
9891,14
9892,13
9893,13
9894,13
9895,13
9896,13
9897,13
9898,13
9899,12
9900,12
9901,12
9902,12
9903,12
9904,12
9905,12
9906,13
9907,12
9908,12
9909,12
9910,12
9911,12
9912,12
9913,12
9914,12
9915,12
9916,12
9917,12
9918,12
9919,12
9920,12
9921,12
9922,12
9923,12
9924,12
9925,12
9926,12
9927,12
9928,12
9929,12
9930,13
9931,13
9932,13
9933,12
9934,12
9935,13
9936,13
9937,14
9938,13
9939,14
9940,14
9941,15
9942,15
9943,15
9944,16
9945,16
9946,17
9947,17
9948,18
9949,18
9950,18
9951,19
9952,19
9953,19
9954,19
9955,20
9956,20
9957,21
9958,21
9959,21
9960,21
9961,22
9962,22
9963,22
9964,22
9965,22
9966,23
9967,23
9968,23
9969,23
9970,23
9971,23
9972,24
9973,23
9974,23
9975,23
9976,23
9977,23
9978,23
9979,23
9980,23
9981,23
9982,24
9983,23
9984,24
9985,24
9986,23
9987,23
9988,23
9989,23
9990,23
9991,23
9992,23
9993,23
9994,23
9995,23
9996,23
9997,23
9998,24
9999,23
10000,23
10001,23
10002,23
10003,22
10004,22
10005,21
10006,21
10007,21
10008,20
10009,20
10010,19
10011,19
10012,19
10013,19
10014,18
10015,17
10016,17
10017,17
10018,16
10019,16
10020,16
10021,15
10022,15
10023,15
10024,15
10025,14
10026,14
10027,14
10028,14
10029,14
10030,13
10031,13
10032,13
10033,12
10034,12
10035,12
10036,12
10037,12
10038,12
10039,12
10040,11
10041,11
10042,11
10043,11
10044,11
10045,11
10046,11
10047,10
10048,10
10049,10
10050,10
10051,10
10052,10
10053,10
10054,10
10055,10
10056,10
10057,11
10058,11
10059,11
10060,11
10061,11
10062,11
10063,11
10064,11
10065,11
10066,11
10067,11
10068,11
10069,12
10070,12
10071,12
10072,12
10073,12
10074,12
10075,13
10076,12
10077,12
10078,12
10079,13
10080,13
10081,13
10082,13
10083,13
10084,13
10085,13
10086,13
10087,13
10088,13
10089,14
10090,14
10091,14
10092,14
10093,14
10094,14
10095,14
10096,14
10097,14
10098,14
10099,14
10100,15
10101,14
10102,15
10103,15
10104,15
10105,15
10106,15
10107,15
10108,15
10109,15
10110,15
10111,15
10112,15
10113,15
10114,16
10115,15
10116,16
10117,15
10118,16
10119,16
10120,16
10121,15
10122,14
10123,15
10124,15
10125,15
10126,14
10127,14
10128,14
10129,14
10130,14
10131,14
10132,13
10133,13
10134,13
10135,13
10136,13
10137,13
10138,13
10139,13
10140,12
10141,12
10142,12
10143,12
10144,12
10145,12
10146,12
10147,12
10148,12
10149,12
10150,12
10151,12
10152,11
10153,11
10154,11
10155,11
10156,11
10157,11
10158,11
10159,11
10160,11
10161,11
10162,11
10163,12
10164,11
10165,11
10166,11
10167,10
10168,11
10169,11
10170,11
10171,11
10172,11
10173,11
10174,10
10175,11
10176,10
10177,10
10178,10
10179,10
10180,11
10181,11
10182,11
10183,10
10184,10
10185,10
10186,10
10187,10
10188,10
10189,10
10190,10
10191,10
10192,10
10193,10
10194,10
10195,10
10196,10
10197,11
10198,10
10199,10
10200,10
10201,10
10202,11
10203,11
10204,11
10205,11
10206,11
10207,12
10208,12
10209,12
10210,12
10211,13
10212,13
10213,13
10214,13
10215,14
10216,14
10217,14
10218,14
10219,15
10220,15
10221,15
10222,15
10223,15
10224,16
10225,16
10226,16
10227,17
10228,17
10229,17
10230,17
10231,17
10232,17
10233,17
10234,17
10235,18
10236,18
10237,18
10238,18
10239,18
10240,18
10241,18
10242,19
10243,19
10244,18
10245,19
10246,19
10247,19
10248,19
10249,19
10250,19
10251,19
10252,19
10253,19
10254,20
10255,20
10256,20
10257,21
10258,21
10259,21
10260,21
10261,21
10262,21
10263,22
10264,22
10265,22
10266,22
10267,22
10268,23
10269,22
10270,23
10271,23
10272,23
10273,23
10274,23
10275,23
10276,23
10277,24
10278,24
10279,24
10280,24
10281,24
10282,24
10283,24
10284,24
10285,24
10286,23
10287,23
10288,23
10289,23
10290,23
10291,22
10292,22
10293,22
10294,22
10295,22
10296,21
10297,21
10298,21
10299,21
10300,21
10301,20
10302,20
10303,20
10304,20
10305,20
10306,20
10307,19
10308,19
10309,19
10310,19
10311,19
10312,19
10313,19
10314,19
10315,18
10316,18
10317,18
10318,18
10319,18
10320,18
10321,18
10322,18
10323,18
10324,18
10325,18
10326,17
10327,18
10328,18
10329,18
10330,18
10331,17
10332,18
10333,17
10334,18
10335,18
10336,19
10337,20
10338,20
10339,21
10340,21
10341,22
10342,22
10343,24
10344,24
10345,25
10346,25
10347,27
10348,26
10349,27
10350,28
10351,28
10352,28
10353,29
10354,29
10355,30
10356,30
10357,30
10358,31
10359,31
10360,31
10361,32
10362,32
10363,32
10364,32
10365,32
10366,33
10367,33
10368,34
10369,34
10370,35
10371,36
10372,37
10373,37
10374,38
10375,39
10376,40
10377,40
10378,40
10379,41
10380,41
10381,42
10382,42
10383,42
10384,43
10385,43
10386,43
10387,43
10388,44
10389,44
10390,44
10391,44
10392,45
10393,45
10394,45
10395,45
10396,45
10397,46
10398,46
10399,46
10400,46
10401,46
10402,45
10403,45
10404,45
10405,44
10406,44
10407,43
10408,43
10409,42
10410,42
10411,42
10412,41
10413,40
10414,40
10415,40
10416,39
10417,39
10418,38
10419,38
10420,38
10421,38
10422,37
10423,37
10424,37
10425,37
10426,36
10427,36
10428,36
10429,36
10430,36
10431,36
10432,36
10433,35
10434,35
10435,34
10436,34
10437,34
10438,32
10439,31
10440,31
10441,30
10442,30
10443,29
10444,28
10445,28
10446,27
10447,26
10448,26
10449,25
10450,25
10451,24
10452,24
10453,23
10454,23
10455,22
10456,22
10457,23
10458,22
10459,21
10460,21
10461,21
10462,20
10463,20
10464,20
10465,20
10466,19
10467,19
10468,19
10469,18
10470,18
10471,18
10472,18
10473,18
10474,18
10475,17
10476,17
10477,17
10478,17
10479,17
10480,17
10481,17
10482,17
10483,17
10484,16
10485,16
10486,16
10487,16
10488,16
10489,15
10490,15
10491,15
10492,15
10493,15
10494,15
10495,15
10496,15
10497,15
10498,14
10499,14
10500,14
10501,14
10502,14
10503,14
10504,14
10505,13
10506,13
10507,13
10508,13
10509,13
10510,13
10511,13
10512,13
10513,13
10514,13
10515,13
10516,13
10517,13
10518,13
10519,13
10520,13
10521,12
10522,12
10523,12
10524,12
10525,12
10526,12
10527,12
10528,12
10529,12
10530,12
10531,13
10532,12
10533,13
10534,12
10535,12
10536,12
10537,12
10538,12
10539,12
10540,12
10541,12
10542,12
10543,12
10544,12
10545,12
10546,12
10547,12
10548,12
10549,12
10550,12
10551,12
10552,12
10553,12
10554,12
10555,12
10556,12
10557,12
10558,12
10559,12
10560,12
10561,11
10562,12
10563,12
10564,12
10565,12
10566,12
10567,11
10568,11
10569,11
10570,11
10571,11
10572,11
10573,11
10574,11
10575,11
10576,11
10577,10
10578,10
10579,11
10580,10
10581,10
10582,10
10583,10
10584,10
10585,10
10586,10
10587,10
10588,10
10589,10
10590,9
10591,9
10592,9
10593,9
10594,9
10595,9
10596,9
10597,9
10598,9
10599,9
10600,9
10601,8
10602,9
10603,9
10604,9
10605,8
10606,8
10607,8
10608,8
10609,8
10610,9
10611,9
10612,8
10613,8
10614,8
10615,8
10616,8
10617,8
10618,8
10619,8
10620,8
10621,8
10622,7
10623,8
10624,9
10625,8
10626,8
10627,8
10628,8
10629,8
10630,8
10631,8
10632,8
10633,8
10634,7
10635,7
10636,7
10637,7
10638,8
10639,8
10640,8
10641,8
10642,7
10643,7
10644,7
10645,7
10646,8
10647,8
10648,7
10649,7
10650,7
10651,7
10652,7
10653,7
10654,8
10655,8
10656,8
10657,9
10658,9
10659,9
10660,9
10661,9
10662,10
10663,10
10664,10
10665,10
10666,11
10667,11
10668,11
10669,11
10670,12
10671,12
10672,12
10673,12
10674,12
10675,13
10676,13
10677,13
10678,13
10679,14
10680,14
10681,14
10682,15
10683,14
10684,14
10685,15
10686,16
10687,17
10688,18
10689,18
10690,19
10691,20
10692,21
10693,21
10694,22
10695,23
10696,24
10697,24
10698,25
10699,25
10700,26
10701,26
10702,27
10703,27
10704,28
10705,28
10706,29
10707,29
10708,29
10709,30
10710,30
10711,30
10712,30
10713,31
10714,31
10715,31
10716,32
10717,32
10718,32
10719,31
10720,31
10721,31
10722,31
10723,30
10724,30
10725,30
10726,30
10727,30
10728,29
10729,29
10730,29
10731,29
10732,28
10733,28
10734,28
10735,28
10736,28
10737,27
10738,27
10739,27
10740,27
10741,27
10742,27
10743,27
10744,26
10745,26
10746,26
10747,27
10748,26
10749,26
10750,26
10751,25
10752,25
10753,24
10754,24
10755,23
10756,22
10757,22
10758,21
10759,20
10760,20
10761,19
10762,19
10763,19
10764,18
10765,17
10766,17
10767,16
10768,16
10769,16
10770,15
10771,14
10772,14
10773,14
10774,14
10775,13
10776,13
10777,13
10778,13
10779,12
10780,12
10781,12
10782,11
10783,11
10784,11
10785,11
10786,10
10787,10
10788,10
10789,10
10790,10
10791,9
10792,9
10793,9
10794,9
10795,9
10796,9
10797,9
10798,9
10799,9
10800,9
10801,8
10802,9
10803,8
10804,9
10805,9
10806,8
10807,8
10808,9
10809,9
10810,9
10811,9
10812,9
10813,9
10814,9
10815,9
10816,9
10817,9
10818,10
10819,10
10820,10
10821,9
10822,9
10823,10
10824,10
10825,10
10826,10
10827,9
10828,10
10829,10
10830,10
10831,10
10832,10
10833,10
10834,10
10835,11
10836,11
10837,10
10838,11
10839,11
10840,12
10841,12
10842,12
10843,12
10844,12
10845,12
10846,13
10847,12
10848,13
10849,13
10850,13
10851,14
10852,14
10853,14
10854,14
10855,14
10856,15
10857,14
10858,15
10859,15
10860,15
10861,15
10862,15
10863,15
10864,15
10865,15
10866,15
10867,16
10868,16
10869,16
10870,16
10871,16
10872,16
10873,16
10874,16
10875,16
10876,16
10877,16
10878,16
10879,17
10880,17
10881,17
10882,17
10883,17
10884,17
10885,17
10886,18
10887,17
10888,17
10889,17
10890,18
10891,18
10892,18
10893,18
10894,18
10895,19
10896,19
10897,19
10898,19
10899,19
10900,19
10901,20
10902,20
10903,19
10904,20
10905,20
10906,20
10907,20
10908,20
10909,20
10910,20
10911,21
10912,21
10913,21
10914,21
10915,21
10916,21
10917,21
10918,22
10919,22
10920,24
10921,24
10922,25
10923,25
10924,26
10925,27
10926,27
10927,28
10928,29
10929,29
10930,30
10931,30
10932,30
10933,31
10934,31
10935,32
10936,32
10937,32
10938,32
10939,33
10940,33
10941,33
10942,34
10943,34
10944,34
10945,34
10946,35
10947,35
10948,35
10949,35
10950,35
10951,35
10952,36
10953,36
10954,36
10955,36
10956,36
10957,37
10958,36
10959,36
10960,36
10961,37
10962,37
10963,37
10964,37
10965,37
10966,37
10967,37
10968,37
10969,37
10970,37
10971,38
10972,38
10973,38
10974,38
10975,37
10976,37
10977,38
10978,38
10979,38
10980,38
10981,38
10982,38
10983,38
10984,38
10985,39
10986,40
10987,40
10988,41
10989,41
10990,41
10991,42
10992,42
10993,43
10994,43
10995,44
10996,44
10997,44
10998,45
10999,44
11000,45
11001,45
11002,45
11003,45
11004,46
11005,46
11006,46
11007,46
11008,46
11009,46
11010,46
11011,46
11012,46
11013,46
11014,47
11015,47
11016,47
11017,47
11018,47
11019,47
11020,47
11021,47
11022,46
11023,46
11024,46
11025,46
11026,46
11027,46
11028,46
11029,46
11030,46
11031,46
11032,46
11033,46
11034,46
11035,46
11036,46
11037,46
11038,45
11039,46
11040,45
11041,45
11042,45
11043,45
11044,45
11045,45
11046,45
11047,45
11048,45
11049,45
11050,44
11051,44
11052,43
11053,42
11054,41
11055,40
11056,39
11057,38
11058,37
11059,36
11060,35
11061,34
11062,33
11063,33
11064,32
11065,31
11066,30
11067,29
11068,28
11069,28
11070,27
11071,27
11072,26
11073,25
11074,25
11075,24
11076,24
11077,23
11078,23
11079,23
11080,22
11081,22
11082,21
11083,21
11084,20
11085,20
11086,19
11087,19
11088,18
11089,18
11090,17
11091,17
11092,16
11093,16
11094,15
11095,15
11096,14
11097,14
11098,14
11099,14
11100,13
11101,13
11102,13
11103,13
11104,12
11105,12
11106,12
11107,11
11108,11
11109,11
11110,11
11111,10
11112,10
11113,10
11114,10
11115,10
11116,10
11117,9
11118,9
11119,9
11120,9
11121,9
11122,9
11123,9
11124,9
11125,9
11126,9
11127,9
11128,9
11129,9
11130,9
11131,9
11132,9
11133,9
11134,9
11135,9
11136,9
11137,9
11138,9
11139,10
11140,10
11141,10
11142,10
11143,10
11144,10
11145,11
11146,11
11147,11
11148,11
11149,11
11150,11
11151,11
11152,11
11153,12
11154,12
11155,12
11156,12
11157,12
11158,12
11159,12
11160,13
11161,13
11162,13
11163,13
11164,13
11165,13
11166,13
11167,13
11168,13
11169,13
11170,13
11171,13
11172,13
11173,13
11174,13
11175,13
11176,13
11177,13
11178,13
11179,13
11180,13
11181,13
11182,13
11183,13
11184,13
11185,13
11186,13
11187,13
11188,13
11189,13
11190,13
11191,13
11192,13
11193,13
11194,13
11195,13
11196,13
11197,13
11198,13
11199,13
11200,13
11201,13
11202,13
11203,13
11204,13
11205,13
11206,13
11207,13
11208,14
11209,13
11210,13
11211,13
11212,13
11213,14
11214,13
11215,13
11216,13
11217,13
11218,14
11219,13
11220,13
11221,13
11222,13
11223,13
11224,13
11225,13
11226,13
11227,13
11228,14
11229,13
11230,13
11231,13
11232,13
11233,14
11234,14
11235,13
11236,14
11237,14
11238,15
11239,15
11240,15
11241,15
11242,16
11243,15
11244,16
11245,16
11246,16
11247,17
11248,17
11249,17
11250,17
11251,18
11252,18
11253,18
11254,19
11255,18
11256,18
11257,18
11258,19
11259,19
11260,19
11261,19
11262,19
11263,20
11264,19
11265,20
11266,20
11267,20
11268,20
11269,20
11270,20
11271,20
11272,20
11273,20
11274,20
11275,21
11276,21
11277,21
11278,21
11279,21
11280,21
11281,21
11282,21
11283,21
11284,21
11285,21
11286,21
11287,21
11288,21
11289,21
11290,21
11291,21
11292,21
11293,21
11294,21
11295,21
11296,21
11297,21
11298,21
11299,21
11300,21
11301,20
11302,20
11303,19
11304,19
11305,19
11306,18
11307,18
11308,17
11309,17
11310,17
11311,16
11312,15
11313,16
11314,16
11315,15
11316,15
11317,14
11318,14
11319,14
11320,14
11321,14
11322,13
11323,13
11324,13
11325,13
11326,12
11327,12
11328,12
11329,12
11330,12
11331,11
11332,11
11333,11
11334,11
11335,11
11336,11
11337,11
11338,11
11339,11
11340,11
11341,11
11342,10
11343,10
11344,10
11345,10
11346,10
11347,10
11348,10
11349,10
11350,10
11351,10
11352,9
11353,9
11354,9
11355,9
11356,9
11357,9
11358,8
11359,9
11360,8
11361,8
11362,8
11363,8
11364,8
11365,7
11366,7
11367,7
11368,7
11369,7
11370,7
11371,7
11372,7
11373,6
11374,7
11375,7
11376,7
11377,7
11378,6
11379,6
11380,6
11381,6
11382,6
11383,6
11384,6
11385,6
11386,6
11387,6
11388,6
11389,6
11390,7
11391,6
11392,7
11393,7
11394,7
11395,7
11396,7
11397,7
11398,7
11399,7
11400,8
11401,8
11402,9
11403,9
11404,10
11405,10
11406,11
11407,12
11408,12
11409,13
11410,13
11411,14
11412,14
11413,14
11414,15
11415,16
11416,17
11417,17
11418,17
11419,18
11420,18
11421,19
11422,19
11423,19
11424,20
11425,20
11426,21
11427,21
11428,21
11429,22
11430,22
11431,22
11432,22
11433,22
11434,23
11435,24
11436,24
11437,24
11438,24
11439,25
11440,24
11441,24
11442,25
11443,25
11444,25
11445,25
11446,25
11447,26
11448,26
11449,26
11450,26
11451,26
11452,26
11453,27
11454,27
11455,27
11456,26
11457,27
11458,27
11459,27
11460,27
11461,27
11462,27
11463,27
11464,27
11465,27
11466,27
11467,28
11468,27
11469,28
11470,28
11471,27
11472,27
11473,28
11474,27
11475,28
11476,28
11477,28
11478,28
11479,28
11480,28
11481,28
11482,28
11483,28
11484,28
11485,27
11486,27
11487,27
11488,27
11489,27
11490,26
11491,26
11492,26
11493,26
11494,26
11495,25
11496,25
11497,25
11498,25
11499,25
11500,25
11501,25
11502,24
11503,25
11504,24
11505,24
11506,24
11507,24
11508,24
11509,24
11510,23
11511,23
11512,23
11513,23
11514,24
11515,24
11516,23
11517,23
11518,23
11519,23
11520,24
11521,24
11522,24
11523,24
11524,24
11525,25
11526,25
11527,25
11528,25
11529,25
11530,25
11531,25
11532,26
11533,26
11534,27
11535,27
11536,27
11537,28
11538,28
11539,29
11540,29
11541,30
11542,30
11543,30
11544,31
11545,31
11546,32
11547,32
11548,32
11549,32
11550,32
11551,33
11552,33
11553,33
11554,34
11555,34
11556,34
11557,34
11558,34
11559,35
11560,35
11561,34
11562,35
11563,35
11564,35
11565,35
11566,35
11567,35
11568,35
11569,34
11570,34
11571,34
11572,33
11573,33
11574,33
11575,33
11576,33
11577,32
11578,32
11579,32
11580,31
11581,31
11582,31
11583,31
11584,31
11585,31
11586,30
11587,30
11588,30
11589,30
11590,30
11591,30
11592,30
11593,29
11594,29
11595,29
11596,29
11597,29
11598,29
11599,29
11600,28
11601,28
11602,28
11603,27
11604,27
11605,26
11606,26
11607,25
11608,25
11609,24
11610,24
11611,23
11612,23
11613,22
11614,22
11615,22
11616,22
11617,21
11618,21
11619,21
11620,21
11621,21
11622,20
11623,20
11624,19
11625,19
11626,19
11627,19
11628,18
11629,18
11630,18
11631,18
11632,18
11633,18
11634,18
11635,18
11636,17
11637,17
11638,17
11639,17
11640,17
11641,17
11642,17
11643,17
11644,17
11645,17
11646,17
11647,17
11648,16
11649,16
11650,16
11651,17
11652,16
11653,16
11654,16
11655,16
11656,16
11657,16
11658,16
11659,16
11660,16
11661,16
11662,16
11663,16
11664,16
11665,16
11666,16
11667,16
11668,16
11669,16
11670,16
11671,16
11672,16
11673,15
11674,15
11675,16
11676,16
11677,16
11678,16
11679,15
11680,16
11681,15
11682,16
11683,16
11684,16
11685,16
11686,16
11687,16
11688,17
11689,17
11690,17
11691,17
11692,17
11693,18
11694,18
11695,18
11696,18
11697,18
11698,19
11699,19
11700,19
11701,19
11702,19
11703,19
11704,19
11705,20
11706,20
11707,20
11708,20
11709,20
11710,20
11711,20
11712,21
11713,20
11714,21
11715,21
11716,21
11717,21
11718,21
11719,21
11720,21
11721,21
11722,21
11723,21
11724,21
11725,21
11726,22
11727,22
11728,22
11729,22
11730,21
11731,21
11732,22
11733,22
11734,22
11735,22
11736,22
11737,22
11738,22
11739,22
11740,22
11741,22
11742,22
11743,22
11744,22
11745,22
11746,22
11747,22
11748,22
11749,22
11750,22
11751,22
11752,21
11753,21
11754,21
11755,20
11756,20
11757,20
11758,20
11759,20
11760,20
11761,19
11762,19
11763,19
11764,19
11765,19
11766,18
11767,18
11768,17
11769,16
11770,16
11771,16
11772,15
11773,15
11774,14
11775,14
11776,13
11777,13
11778,13
11779,13
11780,12
11781,11
11782,11
11783,11
11784,11
11785,11
11786,10
11787,10
11788,10
11789,10
11790,9
11791,9
11792,9
11793,9
11794,9
11795,8
11796,8
11797,8
11798,8
11799,8
11800,8
11801,7
11802,8
11803,8
11804,8
11805,8
11806,7
11807,7
11808,7
11809,7
11810,7
11811,7
11812,7
11813,7
11814,6
11815,7
11816,6
11817,6
11818,6
11819,6
11820,7
11821,6
11822,6
11823,6
11824,6
11825,6
11826,6
11827,6
11828,6
11829,6
11830,6
11831,6
11832,5
11833,5
11834,6
11835,6
11836,6
11837,5
11838,6
11839,5
11840,5
11841,5
11842,5
11843,5
11844,5
11845,5
11846,5
11847,5
11848,5
11849,5
11850,6
11851,6
11852,5
11853,5
11854,6
11855,6
11856,6
11857,6
11858,6
11859,6
11860,7
11861,7
11862,7
11863,7
11864,7
11865,8
11866,8
11867,8
11868,9
11869,9
11870,9
11871,10
11872,10
11873,10
11874,11
11875,12
11876,12
11877,12
11878,12
11879,13
11880,13
11881,13
11882,14
11883,14
11884,14
11885,14
11886,15
11887,15
11888,15
11889,15
11890,16
11891,16
11892,16
11893,17
11894,17
11895,17
11896,18
11897,18
11898,17
11899,17
11900,18
11901,18
11902,18
11903,18
11904,18
11905,19
11906,19
11907,19
11908,19
11909,19
11910,19
11911,20
11912,20
11913,19
11914,19
11915,20
11916,19
11917,19
11918,19
11919,19
11920,19
11921,19
11922,19
11923,19
11924,18
11925,18
11926,19
11927,18
11928,18
11929,18
11930,18
11931,18
11932,18
11933,18
11934,17
11935,17
11936,17
11937,17
11938,17
11939,16
11940,16
11941,16
11942,16
11943,16
11944,16
11945,16
11946,16
11947,16
11948,16
11949,16
11950,15
11951,16
11952,16
11953,15
11954,15
11955,15
11956,15
11957,15
11958,15
11959,15
11960,15
11961,15
11962,15
11963,15
11964,15
11965,15
11966,15
11967,15
11968,15
11969,15
11970,15
11971,16
11972,16
11973,16
11974,16
11975,16
11976,16
11977,16
11978,17
11979,17
11980,17
11981,17
11982,17
11983,17
11984,18
11985,17
11986,18
11987,18
11988,18
11989,18
11990,18
11991,18
11992,18
11993,18
11994,18
11995,18
11996,19
11997,19
11998,19
11999,19
12000,19
12001,19
12002,19
12003,19
12004,19
12005,19
12006,19
12007,19
12008,19
12009,19
12010,19
12011,19
12012,20
12013,19
12014,19
12015,19
12016,20
12017,20
12018,20
12019,20
12020,20
12021,19
12022,19
12023,19
12024,19
12025,19
12026,19
12027,19
12028,19
12029,19
12030,19
12031,18
12032,19
12033,19
12034,18
12035,18
12036,18
12037,17
12038,17
12039,16
12040,16
12041,16
12042,15
12043,15
12044,15
12045,15
12046,15
12047,14
12048,14
12049,14
12050,14
12051,13
12052,13
12053,13
12054,13
12055,13
12056,12
12057,12
12058,12
12059,12
12060,12
12061,12
12062,11
12063,12
12064,11
12065,11
12066,11
12067,11
12068,11
12069,11
12070,11
12071,10
12072,10
12073,10
12074,10
12075,10
12076,10
12077,10
12078,10
12079,10
12080,10
12081,10
12082,10
12083,10
12084,10
12085,10
12086,10
12087,10
12088,10
12089,10
12090,9
12091,9
12092,9
12093,9
12094,9
12095,10
12096,10
12097,9
12098,9
12099,9
12100,9
12101,9
12102,9
12103,9
12104,9
12105,9
12106,9
12107,9
12108,9
12109,9
12110,9
12111,9
12112,9
12113,9
12114,9
12115,9
12116,9
12117,9
12118,9
12119,9
12120,9
12121,9
12122,9
12123,9
12124,9
12125,9
12126,9
12127,9
12128,9
12129,9
12130,9
12131,9
12132,9
12133,9
12134,9
12135,9
12136,9
12137,9
12138,9
12139,9
12140,9
12141,9
12142,9
12143,9
12144,9
12145,9
12146,9
12147,9
12148,9
12149,9
12150,10
12151,10
12152,11
12153,12
12154,12
12155,13
12156,14
12157,15
12158,15
12159,16
12160,17
12161,17
12162,18
12163,18
12164,19
12165,19
12166,20
12167,20
12168,21
12169,21
12170,22
12171,22
12172,23
12173,23
12174,23
12175,24
12176,24
12177,25
12178,25
12179,25
12180,25
12181,26
12182,27
12183,29
12184,30
12185,30
12186,31
12187,32
12188,33
12189,33
12190,35
12191,35
12192,35
12193,36
12194,37
12195,37
12196,38
12197,38
12198,39
12199,39
12200,40
12201,40
12202,40
12203,41
12204,41
12205,41
12206,41
12207,41
12208,42
12209,42
12210,42
12211,42
12212,42
12213,43
12214,43
12215,43
12216,43
12217,43
12218,43
12219,43
12220,43
12221,42
12222,42
12223,42
12224,42
12225,42
12226,42
12227,42
12228,42
12229,42
12230,42
12231,41
12232,41
12233,41
12234,41
12235,41
12236,41
12237,41
12238,41
12239,41
12240,41
12241,41
12242,41
12243,41
12244,41
12245,41
12246,41
12247,41
12248,40
12249,40
12250,40
12251,39
12252,38
12253,37
12254,37
12255,35
12256,35
12257,34
12258,34
12259,33
12260,32
12261,32
12262,31
12263,31
12264,30
12265,30
12266,29
12267,29
12268,28
12269,27
12270,26
12271,26
12272,25
12273,25
12274,24
12275,23
12276,23
12277,22
12278,22
12279,23
12280,22
12281,21
12282,21
12283,21
12284,20
12285,20
12286,19
12287,19
12288,19
12289,19
12290,18
12291,18
12292,18
12293,18
12294,18
12295,17
12296,17
12297,17
12298,16
12299,16
12300,16
12301,16
12302,16
12303,16
12304,15
12305,15
12306,15
12307,14
12308,14
12309,14
12310,14
12311,14
12312,13
12313,13
12314,13
12315,13
12316,13
12317,13
12318,13
12319,13
12320,12
12321,12
12322,12
12323,12
12324,12
12325,12
12326,12
12327,11
12328,11
12329,11
12330,11
12331,11
12332,11
12333,11
12334,10
12335,10
12336,10
12337,10
12338,9
12339,9
12340,9
12341,9
12342,9
12343,9
12344,8
12345,8
12346,8
12347,8
12348,7
12349,7
12350,7
12351,7
12352,7
12353,7
12354,7
12355,7
12356,7
12357,7
12358,6
12359,6
12360,7
12361,6
12362,6
12363,6
12364,6
12365,6
12366,6
12367,6
12368,5
12369,6
12370,6
12371,6
12372,5
12373,5
12374,5
12375,5
12376,5
12377,5
12378,5
12379,5
12380,5
12381,5
12382,5
12383,5
12384,4
12385,5
12386,5
12387,5
12388,5
12389,5
12390,5
12391,4
12392,4
12393,5
12394,4
12395,4
12396,4
12397,4
12398,5
12399,4
12400,5
12401,4
12402,5
12403,4
12404,4
12405,4
12406,4
12407,4
12408,4
12409,4
12410,4
12411,4
12412,4
12413,4
12414,4
12415,4
12416,4
12417,4
12418,4
12419,4
12420,3
12421,4
12422,4
12423,4
12424,3
12425,4
12426,3
12427,4
12428,4
12429,4
12430,4
12431,4
12432,4
12433,3
12434,4
12435,4
12436,4
12437,4
12438,4
12439,4
12440,4
12441,5
12442,5
12443,5
12444,5
12445,5
12446,5
12447,6
12448,7
12449,7
12450,8
12451,8
12452,9
12453,10
12454,11
12455,12
12456,13
12457,14
12458,15
12459,15
12460,16
12461,16
12462,18
12463,19
12464,20
12465,20
12466,20
12467,21
12468,22
12469,22
12470,22
12471,23
12472,23
12473,23
12474,24
12475,24
12476,24
12477,25
12478,25
12479,25
12480,25
12481,25
12482,26
12483,26
12484,26
12485,26
12486,27
12487,27
12488,27
12489,28
12490,27
12491,27
12492,27
12493,28
12494,28
12495,28
12496,28
12497,28
12498,28
12499,28
12500,28
12501,28
12502,29
12503,28
12504,28
12505,28
12506,28
12507,29
12508,29
12509,29
12510,29
12511,29
12512,29
12513,29
12514,29
12515,28
12516,28
12517,27
12518,27
12519,26
12520,26
12521,25
12522,24
12523,24
12524,24
12525,24
12526,23
12527,22
12528,22
12529,21
12530,21
12531,21
12532,20
12533,20
12534,19
12535,19
12536,19
12537,18
12538,18
12539,18
12540,18
12541,18
12542,17
12543,17
12544,17
12545,17
12546,16
12547,16
12548,16
12549,16
12550,16
12551,15
12552,15
12553,15
12554,15
12555,14
12556,14
12557,14
12558,14
12559,13
12560,13
12561,13
12562,13
12563,12
12564,12
12565,13
12566,13
12567,12
12568,12
12569,12
12570,12
12571,12
12572,11
12573,11
12574,11
12575,11
12576,11
12577,11
12578,11
12579,11
12580,11
12581,11
12582,10
12583,10
12584,11
12585,11
12586,11
12587,11
12588,11
12589,11
12590,11
12591,11
12592,11
12593,11
12594,11
12595,11
12596,11
12597,11
12598,11
12599,11
12600,11
12601,11
12602,12
12603,11
12604,12
12605,12
12606,11
12607,11
12608,11
12609,12
12610,12
12611,12
12612,12
12613,12
12614,12
12615,12
12616,13
12617,12
12618,12
12619,12
12620,12
12621,12
12622,13
12623,12
12624,13
12625,13
12626,13
12627,13
12628,12
12629,13
12630,13
12631,13
12632,13
12633,13
12634,13
12635,13
12636,13
12637,13
12638,13
12639,13
12640,13
12641,13
12642,14
12643,14
12644,13
12645,14
12646,14
12647,14
12648,14
12649,13
12650,13
12651,14
12652,14
12653,14
12654,14
12655,14
12656,14
12657,14
12658,14
12659,14
12660,14
12661,14
12662,14
12663,14
12664,14
12665,15
12666,15
12667,16
12668,16
12669,16
12670,17
12671,17
12672,18
12673,18
12674,18
12675,18
12676,19
12677,20
12678,20
12679,20
12680,21
12681,21
12682,21
12683,22
12684,22
12685,22
12686,23
12687,23
12688,23
12689,23
12690,23
12691,24
12692,24
12693,25
12694,24
12695,25
12696,25
12697,26
12698,27
12699,28
12700,29
12701,31
12702,32
12703,33
12704,34
12705,34
12706,35
12707,36
12708,37
12709,38
12710,38
12711,39
12712,40
12713,40
12714,41
12715,41
12716,41
12717,42
12718,42
12719,42
12720,42
12721,43
12722,43
12723,43
12724,44
12725,44
12726,44
12727,44
12728,44
12729,45
12730,45
12731,45
12732,45
12733,45
12734,45
12735,45
12736,46
12737,45
12738,46
12739,46
12740,46
12741,46
12742,46
12743,46
12744,46
12745,46
12746,46
12747,46
12748,46
12749,46
12750,46
12751,46
12752,47
12753,47
12754,47
12755,46
12756,46
12757,46
12758,47
12759,47
12760,47
12761,47
12762,47
12763,47
12764,46
12765,47
12766,46
12767,47
12768,47
12769,47
12770,47
12771,47
12772,47
12773,47
12774,47
12775,47
12776,47
12777,47
12778,47
12779,47
12780,46
12781,46
12782,46
12783,45
12784,44
12785,43
12786,42
12787,41
12788,40
12789,39
12790,39
12791,38
12792,37
12793,37
12794,36
12795,35
12796,34
12797,34
12798,33
12799,33
12800,32
12801,32
12802,31
12803,31
12804,30
12805,30
12806,29
12807,29
12808,29
12809,29
12810,28
12811,28
12812,28
12813,27
12814,27
12815,27
12816,27
12817,26
12818,26
12819,26
12820,26
12821,26
12822,25
12823,25
12824,25
12825,25
12826,25
12827,25
12828,24
12829,24
12830,24
12831,24
12832,23
12833,22
12834,22
12835,22
12836,21
12837,21
12838,20
12839,20
12840,19
12841,19
12842,19
12843,18
12844,18
12845,18
12846,17
12847,17
12848,17
12849,17
12850,17
12851,17
12852,16
12853,16
12854,16
12855,16
12856,16
12857,16
12858,16
12859,16
12860,15
12861,15
12862,15
12863,15
12864,15
12865,15
12866,15
12867,15
12868,15
12869,15
12870,15
12871,15
12872,15
12873,15
12874,14
12875,15
12876,15
12877,15
12878,14
12879,14
12880,14
12881,14
12882,14
12883,14
12884,15
12885,15
12886,14
12887,15
12888,14
12889,15
12890,15
12891,15
12892,15
12893,15
12894,15
12895,15
12896,15
12897,15
12898,15
12899,15
12900,15
12901,15
12902,16
12903,16
12904,15
12905,15
12906,15
12907,15
12908,15
12909,15
12910,16
12911,16
12912,16
12913,15
12914,15
12915,15
12916,15
12917,15
12918,15
12919,14
12920,14
12921,14
12922,14
12923,14
12924,14
12925,13
12926,14
12927,14
12928,13
12929,13
12930,13
12931,13
12932,13
12933,13
12934,13
12935,12
12936,13
12937,13
12938,13
12939,12
12940,12
12941,12
12942,12
12943,12
12944,12
12945,12
12946,12
12947,12
12948,12
12949,12
12950,12
12951,11
12952,12
12953,11
12954,11
12955,11
12956,11
12957,11
12958,11
12959,11
12960,11
12961,11
12962,11
12963,11
12964,10
12965,10
12966,10
12967,11
12968,11
12969,11
12970,10
12971,10
12972,10
12973,10
12974,10
12975,10
12976,10
12977,10
12978,10
12979,10
12980,10
12981,10
12982,10
12983,11
12984,11
12985,11
12986,11
12987,11
12988,11
12989,11
12990,12
12991,12
12992,12
12993,12
12994,12
12995,13
12996,12
12997,13
12998,14
12999,14
13000,14
13001,14
13002,14
13003,14
13004,15
13005,15
13006,15
13007,16
13008,16
13009,16
13010,17
13011,16
13012,16
13013,17
13014,17
13015,18
13016,17
13017,17
13018,18
13019,18
13020,18
13021,18
13022,18
13023,19
13024,19
13025,19
13026,19
13027,19
13028,19
13029,19
13030,19
13031,19
13032,19
13033,19
13034,19
13035,18
13036,18
13037,18
13038,18
13039,18
13040,17
13041,17
13042,17
13043,17
13044,17
13045,17
13046,16
13047,16
13048,16
13049,16
13050,16
13051,16
13052,16
13053,16
13054,15
13055,15
13056,15
13057,15
13058,15
13059,15
13060,15
13061,15
13062,14
13063,14
13064,14
13065,14
13066,14
13067,14
13068,14
13069,13
13070,14
13071,13
13072,13
13073,13
13074,13
13075,13
13076,13
13077,12
13078,12
13079,12
13080,12
13081,12
13082,11
13083,12
13084,12
13085,12
13086,11
13087,11
13088,11
13089,11
13090,11
13091,11
13092,11
13093,11
13094,11
13095,11
13096,11
13097,10
13098,10
13099,11
13100,11
13101,11
13102,11
13103,11
13104,12
13105,12
13106,12
13107,12
13108,13
13109,12
13110,13
13111,13
13112,13
13113,13
13114,13
13115,14
13116,14
13117,14
13118,14
13119,14
13120,14
13121,15
13122,15
13123,15
13124,15
13125,15
13126,15
13127,15
13128,15
13129,15
13130,16
13131,16
13132,17
13133,17
13134,18
13135,18
13136,19
13137,20
13138,20
13139,21
13140,21
13141,22
13142,22
13143,23
13144,23
13145,24
13146,24
13147,25
13148,24
13149,26
13150,25
13151,26
13152,26
13153,27
13154,27
13155,27
13156,27
13157,28
13158,28
13159,28
13160,28
13161,28
13162,29
13163,29
13164,29
13165,29
13166,29
13167,30
13168,30
13169,30
13170,30
13171,30
13172,30
13173,30
13174,30
13175,30
13176,31
13177,30
13178,31
13179,30
13180,31
13181,30
13182,31
13183,31
13184,30
13185,30
13186,29
13187,29
13188,29
13189,29
13190,29
13191,29
13192,29
13193,28
13194,28
13195,28
13196,28
13197,28
13198,28
13199,28
13200,28
13201,27
13202,27
13203,28
13204,27
13205,27
13206,27
13207,27
13208,27
13209,27
13210,27
13211,27
13212,27
13213,27
13214,27
13215,27
13216,26
13217,27
13218,27
13219,26
13220,26
13221,26
13222,26
13223,26
13224,26
13225,26
13226,26
13227,26
13228,26
13229,26
13230,26
13231,25
13232,25
13233,25
13234,25
13235,24
13236,24
13237,24
13238,23
13239,23
13240,22
13241,22
13242,22
13243,22
13244,22
13245,21
13246,21
13247,21
13248,21
13249,20
13250,20
13251,20
13252,20
13253,20
13254,20
13255,19
13256,19
13257,19
13258,19
13259,19
13260,18
13261,18
13262,18
13263,18
13264,18
13265,18
13266,18
13267,18
13268,18
13269,19
13270,18
13271,18
13272,19
13273,18
13274,19
13275,19
13276,19
13277,19
13278,19
13279,19
13280,19
13281,19
13282,19
13283,19
13284,19
13285,19
13286,19
13287,19
13288,19
13289,19
13290,20
13291,19
13292,19
13293,19
13294,20
13295,19
13296,19
13297,20
13298,20
13299,21
13300,21
13301,22
13302,22
13303,22
13304,23
13305,24
13306,24
13307,24
13308,25
13309,25
13310,26
13311,26
13312,26
13313,27
13314,27
13315,27
13316,27
13317,28
13318,28
13319,28
13320,28
13321,28
13322,29
13323,29
13324,29
13325,29
13326,30
13327,30
13328,30
13329,30
13330,30
13331,30
13332,30
13333,30
13334,30
13335,30
13336,30
13337,30
13338,30
13339,30
13340,30
13341,30
13342,30
13343,30
13344,30
13345,30
13346,31
13347,30
13348,30
13349,30
13350,30
13351,30
13352,30
13353,30
13354,30
13355,30
13356,30
13357,30
13358,30
13359,30
13360,30
13361,30
13362,30
13363,30
13364,30
13365,30
13366,30
13367,29
13368,29
13369,29
13370,28
13371,28
13372,28
13373,28
13374,27
13375,27
13376,27
13377,26
13378,26
13379,26
13380,26
13381,26
13382,25
13383,26
13384,25
13385,25
13386,25
13387,25
13388,25
13389,25
13390,25
13391,24
13392,24
13393,24
13394,24
13395,24
13396,24
13397,24
13398,24
13399,24
13400,24
13401,24
13402,25
13403,24
13404,24
13405,24
13406,24
13407,25
13408,24
13409,25
13410,25
13411,24
13412,25
13413,25
13414,25
13415,26
13416,25
13417,26
13418,26
13419,26
13420,26
13421,27
13422,27
13423,27
13424,27
13425,27
13426,28
13427,28
13428,28
13429,28
13430,28
13431,29
13432,29
13433,29
13434,29
13435,29
13436,29
13437,29
13438,29
13439,29
13440,29
13441,30
13442,30
13443,30
13444,30
13445,30
13446,29
13447,29
13448,29
13449,29
13450,28
13451,28
13452,27
13453,27
13454,26
13455,25
13456,26
13457,25
13458,25
13459,25
13460,24
13461,24
13462,24
13463,23
13464,23
13465,23
13466,22
13467,22
13468,22
13469,21
13470,21
13471,21
13472,21
13473,21
13474,21
13475,21
13476,21
13477,20
13478,20
13479,19
13480,19
13481,18
13482,18
13483,18
13484,17
13485,16
13486,16
13487,15
13488,15
13489,15
13490,14
13491,14
13492,14
13493,13
13494,13
13495,12
13496,12
13497,12
13498,12
13499,11
13500,11
13501,11
13502,11
13503,11
13504,10
13505,10
13506,10
13507,10
13508,10
13509,10
13510,9
13511,9
13512,10
13513,9
13514,9
13515,9
13516,9
13517,9
13518,9
13519,9
13520,8
13521,9
13522,8
13523,8
13524,8
13525,8
13526,8
13527,8
13528,8
13529,8
13530,8
13531,8
13532,8
13533,8
13534,8
13535,8
13536,7
13537,7
13538,7
13539,7
13540,7
13541,7
13542,8
13543,7
13544,7
13545,7
13546,7
13547,7
13548,7
13549,7
13550,8
13551,7
13552,7
13553,7
13554,7
13555,7
13556,7
13557,7
13558,7
13559,7
13560,7
13561,6
13562,7
13563,7
13564,7
13565,7
13566,7
13567,7
13568,7
13569,7
13570,7
13571,7
13572,7
13573,7
13574,7
13575,7
13576,8
13577,7
13578,8
13579,8
13580,8
13581,9
13582,9
13583,9
13584,9
13585,9
13586,10
13587,10
13588,10
13589,11
13590,11
13591,12
13592,12
13593,12
13594,12
13595,12
13596,14
13597,13
13598,14
13599,14
13600,15
13601,15
13602,15
13603,15
13604,15
13605,16
13606,16
13607,16
13608,16
13609,16
13610,17
13611,17
13612,17
13613,17
13614,17
13615,18
13616,18
13617,18
13618,18
13619,18
13620,18
13621,19
13622,19
13623,19
13624,19
13625,19
13626,20
13627,19
13628,19
13629,19
13630,19
13631,20
13632,20
13633,20
13634,20
13635,20
13636,20
13637,21
13638,20
13639,20
13640,20
13641,21
13642,21
13643,20
13644,20
13645,20
13646,21
13647,21
13648,21
13649,21
13650,21
13651,21
13652,21
13653,21
13654,20
13655,21
13656,21
13657,21
13658,21
13659,21
13660,21
13661,21
13662,21
13663,21
13664,21
13665,21
13666,21
13667,22
13668,22
13669,22
13670,22
13671,22
13672,23
13673,23
13674,22
13675,22
13676,22
13677,23
13678,22
13679,22
13680,23
13681,23
13682,23
13683,23
13684,23
13685,23
13686,23
13687,23
13688,23
13689,23
13690,23
13691,24
13692,23
13693,23
13694,23
13695,23
13696,23
13697,24
13698,24
13699,24
13700,24
13701,25
13702,26
13703,26
13704,26
13705,26
13706,27
13707,27
13708,27
13709,27
13710,27
13711,28
13712,28
13713,28
13714,28
13715,28
13716,28
13717,29
13718,29
13719,29
13720,29
13721,29
13722,29
13723,29
13724,30
13725,30
13726,30
13727,30
13728,30
13729,30
13730,30
13731,30
13732,30
13733,29
13734,29
13735,29
13736,29
13737,29
13738,28
13739,28
13740,28
13741,28
13742,27
13743,28
13744,28
13745,27
13746,26
13747,26
13748,26
13749,25
13750,25
13751,24
13752,23
13753,22
13754,21
13755,21
13756,21
13757,20
13758,20
13759,20
13760,19
13761,18
13762,18
13763,18
13764,18
13765,17
13766,17
13767,16
13768,16
13769,16
13770,15
13771,15
13772,15
13773,15
13774,15
13775,14
13776,14
13777,14
13778,14
13779,14
13780,13
13781,13
13782,13
13783,13
13784,13
13785,12
13786,13
13787,12
13788,12
13789,12
13790,11
13791,12
13792,11
13793,11
13794,11
13795,11
13796,11
13797,11
13798,11
13799,10
13800,11
13801,10
13802,10
13803,10
13804,10
13805,10
13806,10
13807,10
13808,10
13809,10
13810,10
13811,10
13812,9
13813,9
13814,10
13815,9
13816,9
13817,9
13818,9
13819,9
13820,9
13821,9
13822,9
13823,9
13824,9
13825,9
13826,9
13827,9
13828,9
13829,9
13830,9
13831,9
13832,10
13833,10
13834,10
13835,11
13836,11
13837,11
13838,12
13839,12
13840,12
13841,13
13842,13
13843,14
13844,14
13845,14
13846,15
13847,15
13848,15
13849,16
13850,16
13851,16
13852,16
13853,16
13854,17
13855,17
13856,17
13857,18
13858,18
13859,18
13860,18
13861,19
13862,20
13863,21
13864,22
13865,24
13866,25
13867,26
13868,28
13869,29
13870,30
13871,31
13872,32
13873,33
13874,33
13875,34
13876,35
13877,36
13878,36
13879,37
13880,38
13881,38
13882,39
13883,39
13884,39
13885,40
13886,41
13887,41
13888,41
13889,41
13890,41
13891,42
13892,42
13893,42
13894,42
13895,43
13896,43
13897,43
13898,43
13899,43
13900,43
13901,43
13902,43
13903,43
13904,43
13905,43
13906,43
13907,43
13908,43
13909,43
13910,43
13911,43
13912,43
13913,43
13914,43
13915,43
13916,43
13917,43
13918,43
13919,43
13920,43
13921,43
13922,43
13923,43
13924,43
13925,43
13926,43
13927,44
13928,43
13929,43
13930,43
13931,42
13932,42
13933,41
13934,40
13935,40
13936,40
13937,39
13938,39
13939,38
13940,38
13941,37
13942,37
13943,37
13944,36
13945,35
13946,35
13947,34
13948,35
13949,34
13950,33
13951,33
13952,32
13953,32
13954,32
13955,31
13956,31
13957,31
13958,30
13959,30
13960,30
13961,29
13962,29
13963,29
13964,29
13965,28
13966,28
13967,28
13968,28
13969,28
13970,28
13971,27
13972,27
13973,27
13974,27
13975,26
13976,26
13977,26
13978,26
13979,26
13980,26
13981,26
13982,26
13983,26
13984,26
13985,26
13986,25
13987,25
13988,25
13989,25
13990,25
13991,25
13992,25
13993,25
13994,25
13995,24
13996,24
13997,24
13998,24
13999,23
14000,24
14001,23
14002,23
14003,23
14004,22
14005,22
14006,22
14007,22
14008,22
14009,22
14010,21
14011,21
14012,21
14013,20
14014,21
14015,20
14016,21
14017,20
14018,19
14019,19
14020,19
14021,19
14022,19
14023,19
14024,19
14025,19
14026,19
14027,18
14028,19
14029,18
14030,18
14031,18
14032,18
14033,18
14034,18
14035,18
14036,18
14037,18
14038,18
14039,18
14040,18
14041,17
14042,17
14043,18
14044,17
14045,17
14046,17
14047,17
14048,16
14049,16
14050,15
14051,15
14052,15
14053,15
14054,14
14055,14
14056,14
14057,13
14058,13
14059,13
14060,13
14061,12
14062,12
14063,12
14064,12
14065,11
14066,11
14067,11
14068,11
14069,11
14070,11
14071,11
14072,10
14073,10
14074,10
14075,10
14076,10
14077,9
14078,9
14079,9
14080,9
14081,9
14082,9
14083,9
14084,9
14085,9
14086,9
14087,9
14088,9
14089,8
14090,8
14091,8
14092,8
14093,8
14094,8
14095,8
14096,8
14097,8
14098,7
14099,7
14100,8
14101,8
14102,8
14103,8
14104,7
14105,7
14106,7
14107,8
14108,7
14109,7
14110,7
14111,8
14112,7
14113,6
14114,7
14115,7
14116,8
14117,7
14118,7
14119,7
14120,7
14121,7
14122,7
14123,7
14124,7
14125,7
14126,7
14127,7
14128,7
14129,8
14130,8
14131,9
14132,9
14133,9
14134,10
14135,10
14136,11
14137,11
14138,12
14139,12
14140,13
14141,14
14142,14
14143,14
14144,15
14145,15
14146,16
14147,17
14148,17
14149,17
14150,18
14151,18
14152,18
14153,19
14154,19
14155,19
14156,20
14157,20
14158,20
14159,21
14160,21
14161,21
14162,22
14163,22
14164,22
14165,23
14166,23
14167,23
14168,24
14169,24
14170,24
14171,24
14172,25
14173,25
14174,25
14175,25
14176,25
14177,26
14178,26
14179,26
14180,26
14181,26
14182,26
14183,26
14184,26
14185,26
14186,27
14187,27
14188,27
14189,27
14190,27
14191,27
14192,27
14193,28
14194,27
14195,27
14196,27
14197,26
14198,26
14199,26
14200,25
14201,25
14202,25
14203,24
14204,24
14205,24
14206,23
14207,24
14208,23
14209,23
14210,22
14211,22
14212,22
14213,22
14214,21
14215,21
14216,21
14217,21
14218,20
14219,20
14220,20
14221,20
14222,20
14223,20
14224,19
14225,19
14226,19
14227,19
14228,19
14229,19
14230,18
14231,18
14232,18
14233,18
14234,18
14235,18
14236,17
14237,18
14238,18
14239,18
14240,17
14241,17
14242,17
14243,17
14244,17
14245,17
14246,17
14247,17
14248,16
14249,16
14250,16
14251,16
14252,16
14253,16
14254,16
14255,16
14256,16
14257,16
14258,16
14259,16
14260,16
14261,16
14262,16
14263,16
14264,16
14265,16
14266,16
14267,16
14268,16
14269,17
14270,17
14271,17
14272,17
14273,18
14274,17
14275,17
14276,17
14277,18
14278,18
14279,18
14280,18
14281,18
14282,18
14283,18
14284,19
14285,19
14286,19
14287,19
14288,19
14289,19
14290,19
14291,19
14292,19
14293,19
14294,20
14295,19
14296,19
14297,19
14298,20
14299,20
14300,20
14301,20
14302,20
14303,20
14304,20
14305,20
14306,20
14307,20
14308,20
14309,20
14310,20
14311,20
14312,20
14313,20
14314,20
14315,20
14316,20
14317,20
14318,20
14319,20
14320,20
14321,20
14322,20
14323,20
14324,20
14325,19
14326,20
14327,20
14328,20
14329,20
14330,20
14331,20
14332,19
14333,19
14334,19
14335,19
14336,19
14337,19
14338,19
14339,19
14340,19
14341,19
14342,19
14343,19
14344,19
14345,19
14346,19
14347,18
14348,19
14349,18
14350,18
14351,18
14352,18
14353,18
14354,18
14355,17
14356,17
14357,17
14358,17
14359,17
14360,17
14361,17
14362,16
14363,16
14364,16
14365,16
14366,16
14367,16
14368,16
14369,16
14370,16
14371,16
14372,15
14373,15
14374,16
14375,15
14376,15
14377,15
14378,15
14379,15
14380,15
14381,16
14382,16
14383,16
14384,16
14385,16
14386,16
14387,16
14388,16
14389,16
14390,17
14391,17
14392,17
14393,17
14394,18
14395,18
14396,18
14397,18
14398,18
14399,18
14400,18
14401,18
14402,18
14403,18
14404,18
14405,18
14406,19
14407,19
14408,19
14409,19
14410,19
14411,19
14412,20
14413,21
14414,22
14415,23
14416,24
14417,25
14418,25
14419,26
14420,27
14421,28
14422,29
14423,29
14424,29
14425,30
14426,31
14427,31
14428,32
14429,32
14430,33
14431,33
14432,33
14433,34
14434,35
14435,34
14436,35
14437,35
14438,36
14439,36
14440,36
14441,36
14442,36
14443,37
14444,37
14445,37
14446,37
14447,38
14448,38
14449,38
14450,38
14451,38
14452,38
14453,38
14454,38
14455,38
14456,38
14457,38
14458,39
14459,39
14460,39
14461,39
14462,39
14463,39
14464,39
14465,39
14466,39
14467,39
14468,40
14469,39
14470,39
14471,39
14472,39
14473,40
14474,40
14475,39
14476,39
14477,39
14478,39
14479,39
14480,38
14481,37
14482,37
14483,36
14484,36
14485,35
14486,34
14487,34
14488,34
14489,33
14490,32
14491,32
14492,31
14493,31
14494,30
14495,30
14496,29
14497,29
14498,29
14499,29
14500,28
14501,28
14502,27
14503,27
14504,27
14505,27
14506,26
14507,26
14508,26
14509,26
14510,25
14511,25
14512,24
14513,24
14514,24
14515,24
14516,23
14517,23
14518,22
14519,22
14520,22
14521,21
14522,21
14523,21
14524,21
14525,20
14526,20
14527,19
14528,20
14529,20
14530,19
14531,19
14532,18
14533,18
14534,18
14535,18
14536,18
14537,17
14538,17
14539,17
14540,17
14541,17
14542,17
14543,17
14544,17
14545,17
14546,17
14547,16
14548,16
14549,16
14550,16
14551,16
14552,16
14553,15
14554,15
14555,16
14556,16
14557,15
14558,15
14559,15
14560,15
14561,15
14562,15
14563,15
14564,16
14565,16
14566,16
14567,16
14568,16
14569,16
14570,17
14571,17
14572,17
14573,17
14574,17
14575,17
14576,17
14577,17
14578,17
14579,17
14580,18
14581,18
14582,18
14583,18
14584,18
14585,18
14586,18
14587,18
14588,19
14589,18
14590,19
14591,19
14592,19
14593,18
14594,19
14595,19
14596,19
14597,19
14598,19
14599,19
14600,19
14601,19
14602,19
14603,19
14604,20
14605,20
14606,20
14607,20
14608,20
14609,20
14610,20
14611,20
14612,21
14613,20
14614,20
14615,21
14616,21
14617,20
14618,21
14619,20
14620,21
14621,21
14622,21
14623,21
14624,21
14625,21
14626,21
14627,21
14628,21
14629,20
14630,20
14631,20
14632,19
14633,19
14634,18
14635,18
14636,18
14637,17
14638,17
14639,17
14640,17
14641,17
14642,17
14643,16
14644,16
14645,16
14646,15
14647,15
14648,15
14649,15
14650,15
14651,15
14652,15
14653,14
14654,14
14655,14
14656,14
14657,14
14658,13
14659,13
14660,13
14661,13
14662,13
14663,13
14664,13
14665,12
14666,12
14667,12
14668,12
14669,12
14670,11
14671,11
14672,11
14673,10
14674,11
14675,10
14676,10
14677,10
14678,10
14679,10
14680,10
14681,9
14682,9
14683,9
14684,9
14685,9
14686,9
14687,9
14688,9
14689,9
14690,9
14691,8
14692,8
14693,8
14694,8
14695,8
14696,8
14697,8
14698,8
14699,8
14700,8
14701,8
14702,8
14703,8
14704,8
14705,9
14706,9
14707,8
14708,8
14709,8
14710,8
14711,9
14712,9
14713,8
14714,9
14715,9
14716,9
14717,9
14718,9
14719,9
14720,9
14721,9
14722,9
14723,9
14724,9
14725,9
14726,9
14727,9
14728,9
14729,9
14730,9
14731,9
14732,9
14733,9
14734,9
14735,9
14736,9
14737,9
14738,9
14739,9
14740,9
14741,9
14742,9
14743,9
14744,9
14745,9
14746,9
14747,10
14748,10
14749,10
14750,10
14751,9
14752,10
14753,10
14754,10
14755,10
14756,10
14757,10
14758,11
14759,11
14760,11
14761,10
14762,11
14763,11
14764,11
14765,11
14766,11
14767,11
14768,11
14769,11
14770,11
14771,11
14772,11
14773,12
14774,12
14775,12
14776,12
14777,12
14778,11
14779,11
14780,11
14781,11
14782,11
14783,11
14784,11
14785,11
14786,11
14787,11
14788,11
14789,11
14790,11
14791,11
14792,10
14793,10
14794,10
14795,10
14796,10
14797,10
14798,10
14799,10
14800,10
14801,10
14802,10
14803,9
14804,10
14805,10
14806,10
14807,9
14808,9
14809,10
14810,10
14811,9
14812,9
14813,9
14814,10
14815,10
14816,10
14817,9
14818,9
14819,9
14820,10
14821,9
14822,9
14823,9
14824,9
14825,9
14826,9
14827,9
14828,9
14829,9
14830,9
14831,9
14832,9
14833,9
14834,9
14835,9
14836,9
14837,9
14838,9
14839,9
14840,9
14841,9
14842,9
14843,9
14844,9
14845,9
14846,10
14847,10
14848,10
14849,11
14850,12
14851,12
14852,12
14853,13
14854,13
14855,13
14856,14
14857,14
14858,14
14859,15
14860,15
14861,16
14862,16
14863,16
14864,16
14865,17
14866,18
14867,18
14868,17
14869,18
14870,19
14871,19
14872,19
14873,19
14874,19
14875,20
14876,20
14877,21
14878,21
14879,22
14880,23
14881,24
14882,25
14883,26
14884,27
14885,28
14886,29
14887,29
14888,30
14889,31
14890,31
14891,32
14892,32
14893,33
14894,33
14895,34
14896,35
14897,35
14898,35
14899,35
14900,36
14901,36
14902,36
14903,37
14904,37
14905,37
14906,38
14907,38
14908,38
14909,38
14910,38
14911,38
14912,38
14913,38
14914,37
14915,37
14916,37
14917,36
14918,36
14919,36
14920,35
14921,35
14922,35
14923,35
14924,34
14925,34
14926,34
14927,34
14928,34
14929,33
14930,33
14931,33
14932,33
14933,33
14934,32
14935,32
14936,32
14937,32
14938,32
14939,32
14940,32
14941,32
14942,32
14943,32
14944,32
14945,31
14946,31
14947,32
14948,31
14949,31
14950,31
14951,31
14952,31
14953,31
14954,31
14955,31
14956,31
14957,31
14958,31
14959,31
14960,31
14961,30
14962,30
14963,29
14964,29
14965,28
14966,27
14967,27
14968,27
14969,26
14970,25
14971,25
14972,24
14973,24
14974,23
14975,23
14976,23
14977,22
14978,22
14979,21
14980,21
14981,21
14982,20
14983,20
14984,20
14985,19
14986,19
14987,19
14988,19
14989,19
14990,19
14991,18
14992,18
14993,18
14994,18
14995,17
14996,17
14997,17
14998,17
14999,17
15000,16
15001,16
15002,16
15003,16
15004,16
15005,16
15006,15
15007,16
15008,16
15009,15
15010,15
15011,15
15012,15
15013,15
15014,15
15015,15
15016,15
15017,15
15018,15
15019,15
15020,15
15021,15
15022,15
15023,15
15024,15
15025,15
15026,15
15027,15
15028,15
15029,15
15030,15
15031,15
15032,15
15033,16
15034,16
15035,16
15036,16
15037,16
15038,16
15039,17
15040,17
15041,17
15042,17
15043,17
15044,18
15045,18
15046,18
15047,18
15048,18
15049,19
15050,18
15051,19
15052,19
15053,19
15054,19
15055,19
15056,19
15057,19
15058,19
15059,20
15060,20
15061,20
15062,20
15063,20
15064,20
15065,20
15066,20
15067,20
15068,20
15069,20
15070,21
15071,21
15072,21
15073,21
15074,20
15075,21
15076,21
15077,20
15078,21
15079,21
15080,21
15081,21
15082,21
15083,21
15084,21
15085,21
15086,22
15087,21
15088,21
15089,21
15090,22
15091,21
15092,21
15093,21
15094,21
15095,21
15096,22
15097,22
15098,21
15099,21
15100,22
15101,22
15102,22
15103,21
15104,22
15105,22
15106,22
15107,22
15108,21
15109,22
15110,22
15111,22
15112,22
15113,22
15114,21
15115,22
15116,22
15117,22
15118,22
15119,21
15120,22
15121,21
15122,21
15123,21
15124,21
15125,21
15126,21
15127,22
15128,22
15129,22
15130,22
15131,23
15132,23
15133,23
15134,24
15135,24
15136,24
15137,25
15138,25
15139,25
15140,26
15141,25
15142,26
15143,26
15144,26
15145,27
15146,27
15147,27
15148,27
15149,27
15150,28
15151,28
15152,28
15153,28
15154,28
15155,28
15156,28
15157,28
15158,29
15159,29
15160,29
15161,30
15162,30
15163,31
15164,31
15165,32
15166,32
15167,33
15168,33
15169,34
15170,34
15171,35
15172,36
15173,36
15174,36
15175,36
15176,36
15177,37
15178,37
15179,37
15180,38
15181,38
15182,38
15183,38
15184,38
15185,38
15186,39
15187,39
15188,39
15189,39
15190,39
15191,39
15192,39
15193,39
15194,39
15195,38
15196,38
15197,38
15198,37
15199,36
15200,36
15201,36
15202,35
15203,35
15204,34
15205,34
15206,33
15207,32
15208,32
15209,31
15210,31
15211,31
15212,31
15213,30
15214,30
15215,30
15216,29
15217,29
15218,29
15219,29
15220,28
15221,28
15222,28
15223,28
15224,27
15225,27
15226,27
15227,26
15228,26
15229,25
15230,24
15231,23
15232,22
15233,22
15234,21
15235,20
15236,19
15237,19
15238,18
15239,18
15240,17
15241,16
15242,16
15243,15
15244,15
15245,14
15246,14
15247,14
15248,14
15249,13
15250,13
15251,13
15252,12
15253,12
15254,13
15255,12
15256,11
15257,11
15258,11
15259,11
15260,11
15261,11
15262,10
15263,11
15264,10
15265,10
15266,10
15267,10
15268,10
15269,9
15270,9
15271,9
15272,9
15273,9
15274,9
15275,9
15276,9
15277,9
15278,9
15279,8
15280,9
15281,8
15282,8
15283,8
15284,8
15285,8
15286,8
15287,8
15288,8
15289,8
15290,8
15291,8
15292,7
15293,7
15294,8
15295,8
15296,8
15297,7
15298,7
15299,7
15300,7
15301,7
15302,7
15303,7
15304,7
15305,7
15306,7
15307,7
15308,7
15309,7
15310,7
15311,7
15312,7
15313,8
15314,8
15315,8
15316,8
15317,8
15318,8
15319,8
15320,9
15321,8
15322,8
15323,9
15324,9
15325,9
15326,9
15327,9
15328,10
15329,10
15330,10
15331,10
15332,10
15333,10
15334,11
15335,10
15336,11
15337,10
15338,11
15339,11
15340,11
15341,11
15342,11
15343,12
15344,12
15345,12
15346,12
15347,12
15348,12
15349,13
15350,13
15351,13
15352,13
15353,13
15354,14
15355,14
15356,14
15357,14
15358,13
15359,14
15360,14
15361,14
15362,14
15363,15
15364,15
15365,15
15366,15
15367,15
15368,15
15369,15
15370,15
15371,15
15372,15
15373,15
15374,15
15375,16
15376,16
15377,16
15378,16
15379,16
15380,16
15381,16
15382,16
15383,16
15384,16
15385,16
15386,16
15387,16
15388,16
15389,16
15390,16
15391,16
15392,16
15393,16
15394,17
15395,17
15396,18
15397,18
15398,18
15399,18
15400,18
15401,19
15402,19
15403,20
15404,20
15405,20
15406,20
15407,20
15408,21
15409,21
15410,21
15411,21
15412,22
15413,22
15414,21
15415,22
15416,22
15417,23
15418,22
15419,23
15420,23
15421,23
15422,23
15423,23
15424,23
15425,23
15426,24
15427,24
15428,25
15429,26
15430,27
15431,27
15432,28
15433,29
15434,29
15435,30
15436,30
15437,31
15438,32
15439,32
15440,32
15441,33
15442,33
15443,33
15444,34
15445,34
15446,34
15447,35
15448,35
15449,36
15450,36
15451,36
15452,36
15453,37
15454,37
15455,37
15456,37
15457,37
15458,37
15459,37
15460,38
15461,38
15462,38
15463,38
15464,38
15465,38
15466,38
15467,39
15468,39
15469,39
15470,39
15471,39
15472,39
15473,39
15474,39
15475,39
15476,39
15477,39
15478,39
15479,38
15480,38
15481,38
15482,38
15483,38
15484,38
15485,38
15486,37
15487,37
15488,38
15489,37
15490,37
15491,36
15492,36
15493,36
15494,36
15495,35
15496,34
15497,33
15498,33
15499,31
15500,31
15501,30
15502,30
15503,29
15504,28
15505,27
15506,26
15507,26
15508,26
15509,25
15510,24
15511,24
15512,23
15513,23
15514,23
15515,22
15516,22
15517,22
15518,21
15519,21
15520,21
15521,20
15522,20
15523,20
15524,19
15525,19
15526,19
15527,18
15528,18
15529,18
15530,17
15531,17
15532,16
15533,16
15534,16
15535,15
15536,15
15537,15
15538,14
15539,15
15540,14
15541,14
15542,13
15543,13
15544,13
15545,13
15546,13
15547,12
15548,12
15549,12
15550,12
15551,12
15552,12
15553,11
15554,12
15555,12
15556,11
15557,11
15558,11
15559,11
15560,11
15561,11
15562,11
15563,11
15564,11
15565,11
15566,11
15567,12
15568,12
15569,12
15570,13
15571,13
15572,13
15573,13
15574,13
15575,13
15576,13
15577,13
15578,13
15579,14
15580,14
15581,14
15582,14
15583,14
15584,15
15585,15
15586,14
15587,15
15588,15
15589,15
15590,15
15591,15
15592,16
15593,16
15594,16
15595,17
15596,18
15597,18
15598,20
15599,20
15600,21
15601,22
15602,22
15603,23
15604,24
15605,24
15606,25
15607,25
15608,26
15609,26
15610,27
15611,28
15612,28
15613,28
15614,29
15615,29
15616,30
15617,30
15618,30
15619,31
15620,31
15621,31
15622,31
15623,31
15624,32
15625,32
15626,32
15627,32
15628,32
15629,32
15630,33
15631,32
15632,33
15633,33
15634,33
15635,33
15636,33
15637,33
15638,33
15639,33
15640,33
15641,33
15642,33
15643,33
15644,34
15645,34
15646,34
15647,33
15648,33
15649,33
15650,34
15651,34
15652,34
15653,34
15654,34
15655,34
15656,34
15657,34
15658,34
15659,34
15660,34
15661,33
15662,33
15663,33
15664,32
15665,32
15666,32
15667,31
15668,32
15669,31
15670,31
15671,31
15672,31
15673,30
15674,30
15675,30
15676,30
15677,30
15678,30
15679,29
15680,30
15681,29
15682,29
15683,29
15684,29
15685,29
15686,29
15687,29
15688,29
15689,29
15690,29
15691,29
15692,29
15693,29
15694,29
15695,29
15696,29
15697,29
15698,29
15699,29
15700,28
15701,29
15702,28
15703,29
15704,28
15705,28
15706,28
15707,29
15708,28
15709,28
15710,28
15711,28
15712,28
15713,28
15714,27
15715,27
15716,27
15717,27
15718,27
15719,27
15720,27
15721,26
15722,27
15723,27
15724,27
15725,26
15726,26
15727,26
15728,26
15729,26
15730,26
15731,26
15732,26
15733,26
15734,25
15735,25
15736,26
15737,26
15738,26
15739,25
15740,25
15741,25
15742,25
15743,24
15744,24
15745,24
15746,23
15747,22
15748,22
15749,21
15750,21
15751,20
15752,20
15753,19
15754,19
15755,19
15756,18
15757,18
15758,18
15759,17
15760,17
15761,16
15762,16
15763,16
15764,16
15765,15
15766,15
15767,15
15768,15
15769,15
15770,14
15771,14
15772,14
15773,14
15774,14
15775,13
15776,13
15777,13
15778,12
15779,12
15780,12
15781,12
15782,12
15783,11
15784,12
15785,11
15786,11
15787,10
15788,10
15789,10
15790,10
15791,10
15792,10
15793,10
15794,9
15795,9
15796,9
15797,9
15798,9
15799,9
15800,8
15801,9
15802,8
15803,8
15804,9
15805,8
15806,8
15807,8
15808,8
15809,8
15810,8
15811,8
15812,8
15813,8
15814,8
15815,8
15816,8
15817,8
15818,8
15819,8
15820,8
15821,8
15822,8
15823,7
15824,7
15825,8
15826,8
15827,8
15828,8
15829,8
15830,8
15831,8
15832,7
15833,8
15834,8
15835,7
15836,8
15837,8
15838,8
15839,8
15840,7
15841,8
15842,7
15843,8
15844,8
15845,8
15846,8
15847,8
15848,7
15849,7
15850,7
15851,8
15852,8
15853,8
15854,8
15855,8
15856,7
15857,7
15858,7
15859,8
15860,8
15861,8
15862,8
15863,8
15864,9
15865,9
15866,9
15867,9
15868,9
15869,10
15870,10
15871,10
15872,11
15873,11
15874,11
15875,11
15876,11
15877,12
15878,12
15879,12
15880,13
15881,13
15882,13
15883,13
15884,14
15885,13
15886,14
15887,14
15888,14
15889,15
15890,15
15891,15
15892,15
15893,15
15894,15
15895,15
15896,16
15897,15
15898,15
15899,16
15900,16
15901,16
15902,16
15903,16
15904,16
15905,16
15906,17
15907,17
15908,17
15909,17
15910,17
15911,17
15912,17
15913,17
15914,17
15915,17
15916,17
15917,17
15918,17
15919,17
15920,17
15921,17
15922,17
15923,17
15924,17
15925,17
15926,18
15927,18
15928,18
15929,18
15930,18
15931,18
15932,18
15933,18
15934,18
15935,18
15936,18
15937,18
15938,18
15939,18
15940,18
15941,18
15942,18
15943,18
15944,18
15945,17
15946,18
15947,18
15948,17
15949,17
15950,17
15951,17
15952,17
15953,16
15954,16
15955,16
15956,16
15957,16
15958,15
15959,15
15960,15
15961,15
15962,15
15963,15
15964,14
15965,14
15966,14
15967,15
15968,15
15969,14
15970,14
15971,14
15972,14
15973,14
15974,14
15975,14
15976,14
15977,14
15978,14
15979,14
15980,14
15981,14
15982,14
15983,14
15984,14
15985,14
15986,14
15987,14
15988,14
15989,14
15990,14
15991,14
15992,14
15993,14
15994,14
15995,14
15996,14
15997,14
15998,15
15999,15
16000,15
16001,14
16002,14
16003,15
16004,14
16005,14
16006,15
16007,14
16008,15
16009,15
16010,15
16011,15
16012,16
16013,17
16014,17
16015,17
16016,17
16017,18
16018,18
16019,19
16020,19
16021,19
16022,20
16023,20
16024,20
16025,21
16026,21
16027,21
16028,22
16029,22
16030,22
16031,22
16032,23
16033,23
16034,23
16035,23
16036,24
16037,24
16038,24
16039,24
16040,24
16041,24
16042,25
16043,25
16044,25
16045,25
16046,25
16047,25
16048,25
16049,26
16050,26
16051,26
16052,26
16053,26
16054,26
16055,26
16056,26
16057,26
16058,26
16059,27
16060,27
16061,27
16062,27
16063,27
16064,27
16065,27
16066,27
16067,27
16068,27
16069,28
16070,27
16071,27
16072,27
16073,27
16074,27
16075,28
16076,27
16077,27
16078,27
16079,26
16080,27
16081,26
16082,26
16083,25
16084,25
16085,25
16086,25
16087,24
16088,24
16089,24
16090,24
16091,24
16092,23
16093,23
16094,23
16095,23
16096,22
16097,22
16098,22
16099,22
16100,22
16101,22
16102,22
16103,22
16104,22
16105,21
16106,22
16107,21
16108,21
16109,21
16110,21
16111,21
16112,21
16113,21
16114,21
16115,21
16116,21
16117,21
16118,21
16119,21
16120,22
16121,21
16122,21
16123,21
16124,21
16125,22
16126,22
16127,21
16128,21
16129,21
16130,21
16131,21
16132,21
16133,21
16134,21
16135,22
16136,22
16137,21
16138,21
16139,21
16140,22
16141,22
16142,22
16143,22
16144,23
16145,23
16146,24
16147,24
16148,24
16149,25
16150,25
16151,26
16152,26
16153,27
16154,27
16155,27
16156,27
16157,28
16158,28
16159,28
16160,29
16161,29
16162,30
16163,30
16164,29
16165,30
16166,30
16167,31
16168,31
16169,31
16170,31
16171,31
16172,31
16173,31
16174,31
16175,31
16176,31
16177,32
16178,31
16179,31
16180,31
16181,31
16182,31
16183,31
16184,31
16185,31
16186,31
16187,31
16188,31
16189,30
16190,30
16191,30
16192,30
16193,30
16194,30
16195,31
16196,30
16197,30
16198,30
16199,30
16200,30
16201,30
16202,30
16203,30
16204,30
16205,30
16206,30
16207,30
16208,30
16209,29
16210,29
16211,28
16212,28
16213,27
16214,26
16215,26
16216,25
16217,25
16218,25
16219,24
16220,24
16221,23
16222,23
16223,22
16224,22
16225,21
16226,21
16227,21
16228,20
16229,20
16230,20
16231,20
16232,19
16233,19
16234,19
16235,19
16236,18
16237,18
16238,18
16239,18
16240,17
16241,17
16242,17
16243,17
16244,17
16245,17
16246,16
16247,16
16248,16
16249,16
16250,16
16251,16
16252,16
16253,16
16254,16
16255,15
16256,15
16257,15
16258,15
16259,15
16260,15
16261,14
16262,14
16263,14
16264,14
16265,14
16266,14
16267,14
16268,14
16269,14
16270,13
16271,13
16272,13
16273,13
16274,13
16275,13
16276,13
16277,14
16278,14
16279,14
16280,14
16281,15
16282,15
16283,15
16284,15
16285,16
16286,16
16287,16
16288,17
16289,17
16290,17
16291,17
16292,17
16293,18
16294,18
16295,18
16296,19
16297,19
16298,19
16299,19
16300,19
16301,19
16302,20
16303,20
16304,20
16305,20
16306,20
16307,20
16308,21
16309,22
16310,22
16311,22
16312,22
16313,23
16314,23
16315,23
16316,23
16317,24
16318,24
16319,25
16320,25
16321,25
16322,26
16323,25
16324,26
16325,26
16326,26
16327,26
16328,27
16329,27
16330,27
16331,27
16332,27
16333,28
16334,27
16335,28
16336,28
16337,28
16338,28
16339,28
16340,28
16341,28
16342,29
16343,29
16344,29
16345,29
16346,29
16347,29
16348,29
16349,29
16350,29
16351,29
16352,29
16353,29
16354,30
16355,29
16356,29
16357,29
16358,29
16359,29
16360,29
16361,28
16362,28
16363,28
16364,27
16365,27
16366,26
16367,26
16368,25
16369,25
16370,25
16371,24
16372,24
16373,24
16374,23
16375,23
16376,23
16377,22
16378,22
16379,22
16380,22
16381,22
16382,21
16383,21
16384,21
16385,21
16386,21
16387,20
16388,20
16389,20
16390,20
16391,20
16392,20
16393,19
16394,19
16395,18
16396,18
16397,18
16398,17
16399,17
16400,16
16401,16
16402,16
16403,15
16404,15
16405,15
16406,15
16407,15
16408,14
16409,14
16410,14
16411,14
16412,14
16413,13
16414,13
16415,13
16416,13
16417,13
16418,13
16419,12
16420,12
16421,12
16422,12
16423,12
16424,11
16425,12
16426,12
16427,12
16428,12
16429,11
16430,11
16431,11
16432,11
16433,11
16434,11
16435,11
16436,11
16437,11
16438,11
16439,11
16440,11
16441,11
16442,11
16443,11
16444,10
16445,10
16446,10
16447,10
16448,10
16449,10
16450,10
16451,10
16452,11
16453,11
16454,10
16455,10
16456,10
16457,10
16458,10
16459,10
16460,10
16461,10
16462,10
16463,10
16464,10
16465,10
16466,10
16467,10
16468,10
16469,9
16470,9
16471,10
16472,10
16473,10
16474,10
16475,9
16476,9
16477,9
16478,9
16479,9
16480,9
16481,9
16482,9
16483,9
16484,9
16485,9
16486,9
16487,9
16488,9
16489,8
16490,8
16491,8
16492,8
16493,9
16494,8
16495,8
16496,8
16497,8
16498,8
16499,7
16500,7
16501,7
16502,8
16503,7
16504,7
16505,7
16506,7
16507,7
16508,7
16509,7
16510,7
16511,7
16512,7
16513,7
16514,7
16515,7
16516,7
16517,7
16518,7
16519,7
16520,7
16521,7
16522,7
16523,7
16524,7
16525,7
16526,7
16527,7
16528,7
16529,7
16530,7
16531,6
16532,7
16533,7
16534,7
16535,7
16536,7
16537,7
16538,7
16539,7
16540,7
16541,7
16542,7
16543,8
16544,8
16545,8
16546,9
16547,9
16548,9
16549,10
16550,10
16551,11
16552,11
16553,12
16554,12
16555,13
16556,13
16557,14
16558,14
16559,14
16560,15
16561,15
16562,15
16563,16
16564,16
16565,17
16566,17
16567,17
16568,18
16569,18
16570,19
16571,19
16572,19
16573,20
16574,20
16575,21
16576,23
16577,24
16578,25
16579,27
16580,28
16581,29
16582,30
16583,31
16584,32
16585,33
16586,34
16587,34
16588,36
16589,36
16590,37
16591,37
16592,38
16593,38
16594,39
16595,40
16596,40
16597,40
16598,41
16599,41
16600,42
16601,42
16602,42
16603,42
16604,42
16605,43
16606,43
16607,43
16608,43
16609,44
16610,44
16611,44
16612,44
16613,44
16614,44
16615,44
16616,44
16617,45
16618,45
16619,45
16620,45
16621,45
16622,45
16623,45
16624,45
16625,45
16626,46
16627,46
16628,46
16629,46
16630,46
16631,46
16632,46
16633,46
16634,46
16635,46
16636,46
16637,46
16638,46
16639,46
16640,47
16641,47
16642,47
16643,46
16644,46
16645,46
16646,46
16647,46
16648,46
16649,45
16650,45
16651,45
16652,45
16653,45
16654,44
16655,44
16656,45
16657,44
16658,44
16659,44
16660,44
16661,44
16662,44
16663,44
16664,44
16665,44
16666,44
16667,44
16668,44
16669,44
16670,43
16671,43
16672,43
16673,43
16674,43
16675,42
16676,42
16677,41
16678,41
16679,40
16680,39
16681,38
16682,38
16683,37
16684,36
16685,36
16686,35
16687,35
16688,34
16689,33
16690,32
16691,32
16692,31
16693,31
16694,30
16695,29
16696,29
16697,28
16698,28
16699,27
16700,26
16701,27
16702,26
16703,26
16704,25
16705,25
16706,24
16707,24
16708,23
16709,23
16710,23
16711,23
16712,22
16713,23
16714,22
16715,21
16716,21
16717,21
16718,21
16719,21
16720,20
16721,20
16722,21
16723,20
16724,20
16725,19
16726,19
16727,20
16728,20
16729,19
16730,20
16731,19
16732,19
16733,19
16734,19
16735,19
16736,19
16737,19
16738,19
16739,19
16740,19
16741,19
16742,19
16743,19
16744,19
16745,19
16746,19
16747,19
16748,19
16749,19
16750,19
16751,19
16752,19
16753,19
16754,19
16755,19
16756,19
16757,19
16758,18
16759,19
16760,18
16761,18
16762,19
16763,19
16764,19
16765,19
16766,18
16767,19
16768,19
16769,19
16770,19
16771,18
16772,19
16773,18
16774,19
16775,18
16776,18
16777,18
16778,18
16779,18
16780,18
16781,17
16782,17
16783,18
16784,18
16785,17
16786,17
16787,17
16788,17
16789,17
16790,17
16791,17
16792,17
16793,17
16794,17
16795,16
16796,16
16797,16
16798,16
16799,16
16800,16
16801,16
16802,16
16803,16
16804,16
16805,16
16806,15
16807,15
16808,15
16809,16
16810,15
16811,15
16812,15
16813,15
16814,15
16815,15
16816,15
16817,15
16818,15
16819,15
16820,15
16821,15
16822,15
16823,15
16824,15
16825,15
16826,15
16827,15
16828,16
16829,16
16830,17
16831,17
16832,17
16833,18
16834,18
16835,19
16836,18
16837,19
16838,19
16839,20
16840,21
16841,20
16842,21
16843,21
16844,21
16845,21
16846,22
16847,22
16848,22
16849,22
16850,23
16851,23
16852,23
16853,23
16854,23
16855,24
16856,24
16857,24
16858,25
16859,26
16860,27
16861,28
16862,29
16863,30
16864,31
16865,32
16866,32
16867,33
16868,34
16869,35
16870,35
16871,36
16872,36
16873,37
16874,37
16875,38
16876,38
16877,38
16878,39
16879,39
16880,39
16881,40
16882,40
16883,40
16884,41
16885,41
16886,41
16887,41
16888,41
16889,41
16890,42
16891,42
16892,41
16893,41
16894,41
16895,40
16896,40
16897,40
16898,39
16899,39
16900,39
16901,39
16902,38
16903,38
16904,37
16905,37
16906,37
16907,37
16908,36
16909,36
16910,36
16911,36
16912,36
16913,36
16914,35
16915,35
16916,35
16917,35
16918,35
16919,35
16920,35
16921,34
16922,34
16923,34
16924,34
16925,33
16926,32
16927,31
16928,30
16929,29
16930,28
16931,28
16932,27
16933,26
16934,25
16935,25
16936,24
16937,23
16938,22
16939,22
16940,21
16941,20
16942,20
16943,20
16944,19
16945,19
16946,18
16947,18
16948,17
16949,17
16950,17
16951,17
16952,16
16953,15
16954,15
16955,15
16956,15
16957,15
16958,14
16959,14
16960,13
16961,14
16962,13
16963,13
16964,12
16965,12
16966,12
16967,12
16968,11
16969,11
16970,11
16971,10
16972,10
16973,10
16974,10
16975,10
16976,10
16977,9
16978,10
16979,9
16980,9
16981,9
16982,9
16983,9
16984,9
16985,9
16986,9
16987,9
16988,8
16989,8
16990,8
16991,8
16992,8
16993,8
16994,8
16995,8
16996,8
16997,8
16998,8
16999,8
17000,7
17001,7
17002,7
17003,7
17004,7
17005,7
17006,7
17007,7
17008,8
17009,7
17010,7
17011,7
17012,7
17013,7
17014,7
17015,7
17016,7
17017,7
17018,7
17019,7
17020,7
17021,7
17022,7
17023,7
17024,7
17025,7
17026,7
17027,7
17028,7
17029,7
17030,7
17031,7
17032,7
17033,7
17034,7
17035,6
17036,6
17037,7
17038,7
17039,7
17040,7
17041,7
17042,7
17043,7
17044,7
17045,7
17046,6
17047,7
17048,7
17049,7
17050,7
17051,6
17052,6
17053,7
17054,7
17055,7
17056,6
17057,6
17058,6
17059,7
17060,7
17061,6
17062,6
17063,6
17064,6
17065,6
17066,6
17067,6
17068,7
17069,7
17070,7
17071,7
17072,6
17073,6
17074,7
17075,6
17076,7
17077,6
17078,7
17079,7
17080,7
17081,6
17082,7
17083,7
17084,7
17085,7
17086,7
17087,7
17088,7
17089,7
17090,7
17091,7
17092,7
17093,8
17094,8
17095,8
17096,7
17097,7
17098,8
17099,8
17100,8
17101,8
17102,8
17103,8
17104,8
17105,8
17106,8
17107,8
17108,8
17109,8
17110,8
17111,8
17112,9
17113,9
17114,9
17115,9
17116,9
17117,9
17118,9
17119,9
17120,9
17121,9
17122,9
17123,9
17124,9
17125,9
17126,9
17127,9
17128,9
17129,9
17130,9
17131,9
17132,9
17133,9
17134,9
17135,10
17136,9
17137,9
17138,9
17139,9
17140,9
17141,9
17142,10
17143,10
17144,10
17145,10
17146,10
17147,11
17148,11
17149,11
17150,11
17151,12
17152,12
17153,12
17154,12
17155,12
17156,13
17157,13
17158,14
17159,15
17160,16
17161,17
17162,18
17163,19
17164,20
17165,21
17166,22
17167,23
17168,23
17169,24
17170,25
17171,26
17172,26
17173,27
17174,28
17175,28
17176,29
17177,30
17178,30
17179,30
17180,31
17181,31
17182,31
17183,32
17184,32
17185,33
17186,33
17187,33
17188,33
17189,34
17190,34
17191,35
17192,35
17193,35
17194,35
17195,35
17196,36
17197,36
17198,36
17199,36
17200,37
17201,37
17202,37
17203,37
17204,37
17205,37
17206,38
17207,38
17208,38
17209,38
17210,38
17211,38
17212,38
17213,38
17214,38
17215,39
17216,39
17217,39
17218,39
17219,38
17220,39
17221,39
17222,40
17223,39
17224,39
17225,39
17226,39
17227,40
17228,39
17229,40
17230,39
17231,40
17232,40
17233,40
17234,40
17235,40
17236,40
17237,39
17238,40
17239,40
17240,39
17241,39
17242,39
17243,38
17244,37
17245,36
17246,36
17247,35
17248,34
17249,34
17250,33
17251,33
17252,32
17253,32
17254,31
17255,30
17256,30
17257,29
17258,29
17259,29
17260,28
17261,28
17262,28
17263,27
17264,27
17265,26
17266,26
17267,26
17268,26
17269,26
17270,25
17271,25
17272,25
17273,24
17274,24
17275,24
17276,23
17277,23
17278,22
17279,22
17280,21
17281,20
17282,21
17283,21
17284,20
17285,19
17286,19
17287,19
17288,18
17289,18
17290,18
17291,18
17292,18
17293,18
17294,18
17295,18
17296,18
17297,18
17298,18
17299,18
17300,18
17301,18
17302,18
17303,18
17304,18
17305,18
17306,18
17307,18
17308,19
17309,19
17310,18
17311,19
17312,18
17313,19
17314,19
17315,19
17316,19
17317,19
17318,19
17319,19
17320,19
17321,19
17322,19
17323,19
17324,20
17325,20
17326,20
17327,21
17328,22
17329,22
17330,22
17331,23
17332,23
17333,23
17334,24
17335,24
17336,24
17337,25
17338,25
17339,25
17340,26
17341,26
17342,26
17343,26
17344,27
17345,27
17346,27
17347,27
17348,28
17349,28
17350,28
17351,28
17352,28
17353,28
17354,28
17355,29
17356,29
17357,29
17358,29
17359,29
17360,29
17361,29
17362,29
17363,29
17364,30
17365,30
17366,30
17367,30
17368,30
17369,30
17370,30
17371,30
17372,30
17373,30
17374,30
17375,30
17376,30
17377,29
17378,29
17379,29
17380,29
17381,29
17382,28
17383,28
17384,28
17385,28
17386,28
17387,28
17388,27
17389,27
17390,27
17391,27
17392,27
17393,26
17394,26
17395,25
17396,25
17397,25
17398,24
17399,24
17400,24
17401,24
17402,23
17403,23
17404,22
17405,23
17406,23
17407,22
17408,22
17409,22
17410,22
17411,22
17412,21
17413,20
17414,21
17415,21
17416,21
17417,21
17418,20
17419,20
17420,20
17421,20
17422,20
17423,19
17424,20
17425,19
17426,20
17427,20
17428,19
17429,19
17430,19
17431,19
17432,19
17433,19
17434,19
17435,19
17436,19
17437,19
17438,19
17439,18
17440,19
17441,19
17442,19
17443,18
17444,18
17445,18
17446,18
17447,18
17448,18
17449,18
17450,18
17451,19
17452,19
17453,18
17454,18
17455,18
17456,18
17457,18
17458,18
17459,18
17460,19
17461,19
17462,19
17463,19
17464,19
17465,19
17466,19
17467,19
17468,20
17469,20
17470,20
17471,20
17472,20
17473,20
17474,20
17475,20
17476,20
17477,21
17478,21
17479,21
17480,21
17481,21
17482,21
17483,21
17484,21
17485,21
17486,21
17487,21
17488,22
17489,21
17490,21
17491,22
17492,21
17493,22
17494,22
17495,22
17496,22
17497,23
17498,23
17499,23
17500,23
17501,23
17502,23
17503,23
17504,23
17505,23
17506,23
17507,23
17508,23
17509,23
17510,24
17511,24
17512,24
17513,24
17514,24
17515,24
17516,24
17517,24
17518,24
17519,24
17520,24
17521,24
17522,24
17523,24
17524,24
17525,24
17526,23
17527,23
17528,22
17529,23
17530,22
17531,21
17532,21
17533,21
17534,21
17535,20
17536,20
17537,20
17538,19
17539,19
17540,19
17541,18
17542,18
17543,19
17544,18
17545,17
17546,17
17547,17
17548,17
17549,17
17550,17
17551,17
17552,17
17553,16
17554,16
17555,16
17556,16
17557,16
17558,15
17559,15
17560,15
17561,14
17562,14
17563,14
17564,14
17565,13
17566,13
17567,13
17568,12
17569,12
17570,12
17571,12
17572,12
17573,11
17574,11
17575,11
17576,11
17577,11
17578,10
17579,10
17580,10
17581,10
17582,10
17583,10
17584,10
17585,10
17586,9
17587,9
17588,9
17589,9
17590,9
17591,9
17592,9
17593,9
17594,9
17595,9
17596,9
17597,8
17598,9
17599,9
17600,9
17601,9
17602,9
17603,9
17604,9
17605,9
17606,9
17607,9
17608,9
17609,9
17610,9
17611,9
17612,9
17613,9
17614,9
17615,9
17616,9
17617,9
17618,9
17619,9
17620,9
17621,9
17622,9
17623,10
17624,10
17625,10
17626,10
17627,10
17628,10
17629,10
17630,11
17631,11
17632,11
17633,11
17634,12
17635,12
17636,12
17637,12
17638,12
17639,13
17640,13
17641,13
17642,13
17643,13
17644,13
17645,13
17646,13
17647,13
17648,13
17649,14
17650,14
17651,13
17652,13
17653,13
17654,13
17655,13
17656,13
17657,13
17658,13
17659,13
17660,13
17661,13
17662,13
17663,13
17664,13
17665,14
17666,13
17667,13
17668,13
17669,13
17670,13
17671,13
17672,13
17673,13
17674,13
17675,13
17676,13
17677,13
17678,13
17679,13
17680,13
17681,14
17682,13
17683,14
17684,13
17685,13
17686,13
17687,13
17688,13
17689,13
17690,13
17691,13
17692,13
17693,12
17694,12
17695,12
17696,12
17697,11
17698,11
17699,11
17700,11
17701,11
17702,11
17703,10
17704,10
17705,10
17706,10
17707,10
17708,10
17709,10
17710,10
17711,10
17712,10
17713,9
17714,9
17715,9
17716,9
17717,9
17718,9
17719,9
17720,9
17721,9
17722,9
17723,8
17724,8
17725,9
17726,8
17727,9
17728,9
17729,8
17730,8
17731,8
17732,8
17733,9
17734,9
17735,8
17736,9
17737,9
17738,8
17739,8
17740,8
17741,9
17742,9
17743,9
17744,9
17745,9
17746,9
17747,9
17748,9
17749,9
17750,9
17751,9
17752,9
17753,9
17754,9
17755,9
17756,9
17757,9
17758,10
17759,10
17760,10
17761,11
17762,11
17763,12
17764,12
17765,13
17766,13
17767,14
17768,14
17769,14
17770,14
17771,15
17772,15
17773,16
17774,16
17775,16
17776,17
17777,17
17778,17
17779,18
17780,18
17781,19
17782,19
17783,19
17784,19
17785,20
17786,20
17787,20
17788,21
17789,21
17790,21
17791,21
17792,22
17793,23
17794,23
17795,23
17796,24
17797,24
17798,24
17799,25
17800,25
17801,26
17802,26
17803,27
17804,27
17805,27
17806,27
17807,27
17808,28
17809,28
17810,28
17811,29
17812,29
17813,29
17814,29
17815,29
17816,30
17817,30
17818,30
17819,30
17820,30
17821,30
17822,31
17823,31
17824,31
17825,31
17826,30
17827,31
17828,31
17829,31
17830,31
17831,31
17832,31
17833,32
17834,32
17835,31
17836,32
17837,31
17838,32
17839,32
17840,32
17841,32
17842,32
17843,32
17844,32
17845,32
17846,32
17847,32
17848,32
17849,33
17850,33
17851,32
17852,32
17853,32
17854,32
17855,32
17856,32
17857,32
17858,32
17859,32
17860,32
17861,31
17862,31
17863,31
17864,31
17865,31
17866,31
17867,31
17868,30
17869,30
17870,30
17871,29
17872,30
17873,30
17874,30
17875,30
17876,30
17877,30
17878,29
17879,30
17880,29
17881,29
17882,29
17883,29
17884,29
17885,29
17886,29
17887,29
17888,29
17889,29
17890,29
17891,29
17892,29
17893,29
17894,29
17895,29
17896,29
17897,29
17898,29
17899,29
17900,29
17901,29
17902,30
17903,30
17904,30
17905,29
17906,30
17907,30
17908,30
17909,30
17910,30
17911,30
17912,30
17913,29
17914,30
17915,30
17916,30
17917,30
17918,30
17919,30
17920,30
17921,30
17922,30
17923,30
17924,31
17925,31
17926,31
17927,32
17928,32
17929,32
17930,33
17931,33
17932,33
17933,33
17934,34
17935,34
17936,34
17937,34
17938,34
17939,35
17940,35
17941,35
17942,36
17943,36
17944,36
17945,36
17946,36
17947,36
17948,36
17949,36
17950,36
17951,37
17952,37
17953,37
17954,37
17955,37
17956,37
17957,36
17958,36
17959,35
17960,35
17961,35
17962,34
17963,34
17964,34
17965,33
17966,33
17967,32
17968,32
17969,32
17970,32
17971,31
17972,31
17973,31
17974,31
17975,30
17976,30
17977,30
17978,30
17979,30
17980,30
17981,30
17982,30
17983,29
17984,29
17985,29
17986,29
17987,29
17988,29
17989,28
17990,27
17991,27
17992,26
17993,25
17994,25
17995,24
17996,23
17997,23
17998,22
17999,22
18000,21
18001,20
18002,20
18003,20
18004,19
18005,18
18006,18
18007,18
18008,17
18009,17
18010,16
18011,16
18012,15
18013,15
18014,15
18015,15
18016,14
18017,14
18018,14
18019,13
18020,13
18021,13
18022,13
18023,12
18024,12
18025,12
18026,12
18027,11
18028,11
18029,11
18030,11
18031,11
18032,11
18033,11
18034,11
18035,11
18036,11
18037,10
18038,10
18039,10
18040,10
18041,10
18042,10
18043,10
18044,10
18045,9
18046,9
18047,9
18048,9
18049,9
18050,9
18051,9
18052,9
18053,9
18054,9
18055,9
18056,9
18057,9
18058,9
18059,9
18060,10
18061,9
18062,10
18063,10
18064,10
18065,10
18066,11
18067,11
18068,12
18069,12
18070,12
18071,12
18072,13
18073,13
18074,14
18075,14
18076,15
18077,15
18078,16
18079,17
18080,17
18081,18
18082,19
18083,19
18084,20
18085,21
18086,21
18087,22
18088,22
18089,23
18090,23
18091,23
18092,24
18093,24
18094,25
18095,25
18096,26
18097,26
18098,26
18099,26
18100,26
18101,27
18102,27
18103,27
18104,28
18105,28
18106,27
18107,27
18108,28
18109,27
18110,28
18111,27
18112,27
18113,27
18114,27
18115,27
18116,26
18117,26
18118,26
18119,26
18120,26
18121,26
18122,25
18123,26
18124,26
18125,25
18126,25
18127,25
18128,25
18129,25
18130,25
18131,25
18132,25
18133,25
18134,24
18135,24
18136,24
18137,24
18138,25
18139,24
18140,24
18141,23
18142,23
18143,23
18144,22
18145,22
18146,22
18147,21
18148,21
18149,21
18150,20
18151,20
18152,20
18153,20
18154,19
18155,20
18156,19
18157,19
18158,19
18159,18
18160,18
18161,18
18162,18
18163,18
18164,18
18165,17
18166,17
18167,17
18168,17
18169,17
18170,17
18171,17
18172,17
18173,17
18174,16
18175,16
18176,16
18177,16
18178,16
18179,16
18180,16
18181,16
18182,16
18183,16
18184,16
18185,16
18186,16
18187,15
18188,15
18189,15
18190,15
18191,16
18192,15
18193,15
18194,15
18195,15
18196,15
18197,15
18198,15
18199,15
18200,15
18201,15
18202,15
18203,15
18204,14
18205,14
18206,14
18207,14
18208,14
18209,14
18210,14
18211,14
18212,14
18213,14
18214,14
18215,14
18216,14
18217,14
18218,14
18219,14
18220,14
18221,14
18222,14
18223,13
18224,13
18225,13
18226,13
18227,13
18228,13
18229,13
18230,13
18231,13
18232,12
18233,12
18234,12
18235,12
18236,12
18237,12
18238,12
18239,11
18240,11
18241,11
18242,11
18243,10
18244,11
18245,10
18246,10
18247,10
18248,9
18249,10
18250,9
18251,9
18252,9
18253,8
18254,8
18255,8
18256,8
18257,8
18258,8
18259,8
18260,8
18261,7
18262,8
18263,8
18264,7
18265,7
18266,7
18267,7
18268,7
18269,7
18270,6
18271,7
18272,6
18273,6
18274,7
18275,6
18276,7
18277,6
18278,6
18279,6
18280,6
18281,6
18282,6
18283,6
18284,6
18285,6
18286,6
18287,6
18288,7
18289,6
18290,6
18291,6
18292,6
18293,6
18294,6
18295,5
18296,5
18297,6
18298,6
18299,5
18300,5
18301,6
18302,6
18303,5
18304,6
18305,5
18306,5
18307,5
18308,6
18309,5
18310,5
18311,5
18312,5
18313,5
18314,6
18315,5
18316,5
18317,5
18318,5
18319,5
18320,5
18321,5
18322,5
18323,6
18324,5
18325,6
18326,6
18327,6
18328,6
18329,6
18330,6
18331,7
18332,7
18333,7
18334,7
18335,7
18336,8
18337,8
18338,8
18339,9
18340,9
18341,9
18342,9
18343,9
18344,9
18345,10
18346,10
18347,10
18348,10
18349,11
18350,11
18351,11
18352,11
18353,12
18354,13
18355,13
18356,14
18357,16
18358,18
18359,19
18360,20
18361,22
18362,23
18363,25
18364,26
18365,27
18366,28
18367,29
18368,30
18369,31
18370,32
18371,32
18372,33
18373,34
18374,35
18375,35
18376,36
18377,37
18378,37
18379,37
18380,38
18381,38
18382,38
18383,39
18384,40
18385,40
18386,40
18387,40
18388,40
18389,41
18390,41
18391,41
18392,41
18393,41
18394,42
18395,41
18396,42
18397,42
18398,42
18399,43
18400,43
18401,43
18402,43
18403,43
18404,43
18405,43
18406,43
18407,42
18408,42
18409,41
18410,41
18411,40
18412,39
18413,39
18414,39
18415,39
18416,38
18417,37
18418,37
18419,37
18420,36
18421,35
18422,35
18423,35
18424,35
18425,34
18426,34
18427,34
18428,33
18429,33
18430,33
18431,33
18432,33
18433,33
18434,32
18435,32
18436,32
18437,31
18438,31
18439,31
18440,31
18441,31
18442,31
18443,30
18444,29
18445,29
18446,29
18447,29
18448,29
18449,28
18450,28
18451,28
18452,27
18453,27
18454,27
18455,27
18456,27
18457,27
18458,26
18459,26
18460,26
18461,26
18462,26
18463,26
18464,26
18465,26
18466,26
18467,25
18468,25
18469,25
18470,25
18471,25
18472,25
18473,25
18474,25
18475,24
18476,25
18477,25
18478,24
18479,24
18480,24
18481,24
18482,24
18483,24
18484,24
18485,24
18486,24
18487,23
18488,23
18489,23
18490,23
18491,24
18492,24
18493,23
18494,23
18495,23
18496,23
18497,23
18498,23
18499,23
18500,23
18501,23
18502,23
18503,22
18504,22
18505,22
18506,23
18507,23
18508,23
18509,23
18510,22
18511,22
18512,22
18513,22
18514,22
18515,22
18516,22
18517,22
18518,22
18519,22
18520,22
18521,22
18522,22
18523,22
18524,21
18525,21
18526,21
18527,20
18528,20
18529,20
18530,20
18531,19
18532,19
18533,19
18534,19
18535,18
18536,18
18537,18
18538,18
18539,17
18540,17
18541,17
18542,17
18543,17
18544,16
18545,16
18546,16
18547,16
18548,16
18549,16
18550,16
18551,16
18552,16
18553,16
18554,15
18555,15
18556,15
18557,15
18558,14
18559,14
18560,14
18561,14
18562,13
18563,13
18564,13
18565,13
18566,13
18567,12
18568,12
18569,12
18570,12
18571,12
18572,12
18573,12
18574,11
18575,11
18576,11
18577,11
18578,11
18579,11
18580,11
18581,11
18582,10
18583,11
18584,10
18585,10
18586,10
18587,10
18588,10
18589,10
18590,10
18591,10
18592,10
18593,10
18594,10
18595,10
18596,9
18597,9
18598,10
18599,9
18600,9
18601,9
18602,9
18603,10
18604,9
18605,9
18606,9
18607,9
18608,9
18609,9
18610,9
18611,9
18612,9
18613,9
18614,9
18615,9
18616,9
18617,9
18618,9
18619,9
18620,9
18621,9
18622,9
18623,9
18624,9
18625,9
18626,10
18627,10
18628,10
18629,10
18630,11
18631,10
18632,10
18633,11
18634,11
18635,11
18636,11
18637,11
18638,12
18639,13
18640,14
18641,15
18642,15
18643,17
18644,17
18645,18
18646,19
18647,20
18648,20
18649,21
18650,22
18651,23
18652,23
18653,24
18654,25
18655,25
18656,26
18657,27
18658,27
18659,28
18660,28
18661,28
18662,29
18663,29
18664,30
18665,30
18666,30
18667,30
18668,31
18669,31
18670,31
18671,31
18672,32
18673,31
18674,32
18675,31
18676,32
18677,31
18678,31
18679,31
18680,31
18681,31
18682,31
18683,31
18684,31
18685,31
18686,31
18687,31
18688,31
18689,30
18690,30
18691,29
18692,28
18693,28
18694,27
18695,26
18696,26
18697,25
18698,24
18699,24
18700,23
18701,23
18702,22
18703,22
18704,21
18705,21
18706,20
18707,20
18708,19
18709,19
18710,19
18711,19
18712,18
18713,18
18714,18
18715,17
18716,17
18717,17
18718,16
18719,16
18720,16
18721,16
18722,15
18723,15
18724,15
18725,14
18726,14
18727,14
18728,13
18729,13
18730,13
18731,13
18732,12
18733,12
18734,12
18735,12
18736,12
18737,11
18738,12
18739,11
18740,11
18741,11
18742,10
18743,10
18744,10
18745,10
18746,10
18747,10
18748,9
18749,9
18750,9
18751,9
18752,9
18753,9
18754,9
18755,9
18756,9
18757,9
18758,9
18759,9
18760,8
18761,9
18762,9
18763,9
18764,8
18765,8
18766,9
18767,9
18768,9
18769,9
18770,9
18771,9
18772,9
18773,9
18774,9
18775,9
18776,9
18777,9
18778,9
18779,9
18780,8
18781,9
18782,9
18783,9
18784,9
18785,9
18786,9
18787,9
18788,9
18789,9
18790,8
18791,9
18792,9
18793,9
18794,9
18795,9
18796,9
18797,9
18798,9
18799,9
18800,9
18801,9
18802,9
18803,9
18804,9
18805,9
18806,9
18807,9
18808,9
18809,9
18810,9
18811,9
18812,9
18813,9
18814,9
18815,9
18816,10
18817,9
18818,9
18819,9
18820,9
18821,9
18822,9
18823,9
18824,9
18825,9
18826,9
18827,9
18828,9
18829,9
18830,9
18831,9
18832,9
18833,9
18834,9
18835,9
18836,8
18837,8
18838,9
18839,8
18840,8
18841,8
18842,8
18843,8
18844,8
18845,8
18846,8
18847,8
18848,8
18849,8
18850,8
18851,8
18852,8
18853,8
18854,8
18855,8
18856,8
18857,8
18858,8
18859,9
18860,8
18861,8
18862,8
18863,8
18864,8
18865,8
18866,8
18867,9
18868,9
18869,9
18870,9
18871,9
18872,9
18873,9
18874,9
18875,9
18876,9
18877,9
18878,9
18879,9
18880,9
18881,9
18882,10
18883,9
18884,9
18885,9
18886,10
18887,10
18888,10
18889,11
18890,11
18891,12
18892,12
18893,12
18894,13
18895,13
18896,14
18897,14
18898,15
18899,16
18900,16
18901,16
18902,17
18903,17
18904,18
18905,19
18906,19
18907,19
18908,19
18909,20
18910,20
18911,21
18912,21
18913,21
18914,22
18915,22
18916,22
18917,22
18918,23
18919,23
18920,24
18921,24
18922,24
18923,25
18924,25
18925,26
18926,26
18927,26
18928,27
18929,27
18930,28
18931,28
18932,28
18933,29
18934,29
18935,29
18936,30
18937,30
18938,30
18939,30
18940,31
18941,31
18942,31
18943,31
18944,31
18945,31
18946,32
18947,32
18948,32
18949,32
18950,33
18951,32
18952,33
18953,33
18954,33
18955,33
18956,33
18957,33
18958,33
18959,34
18960,34
18961,34
18962,34
18963,34
18964,34
18965,34
18966,34
18967,34
18968,34
18969,34
18970,34
18971,34
18972,34
18973,33
18974,33
18975,32
18976,32
18977,31
18978,31
18979,30
18980,30
18981,30
18982,29
18983,29
18984,29
18985,29
18986,28
18987,28
18988,27
18989,27
18990,27
18991,27
18992,26
18993,26
18994,26
18995,26
18996,26
18997,26
18998,26
18999,25
19000,25
19001,25
19002,25
19003,25
19004,25
19005,24
19006,24
19007,24
19008,24
19009,23
19010,23
19011,23
19012,23
19013,22
19014,22
19015,22
19016,22
19017,22
19018,22
19019,21
19020,21
19021,21
19022,21
19023,20
19024,20
19025,20
19026,20
19027,20
19028,20
19029,20
19030,19
19031,19
19032,19
19033,19
19034,19
19035,19
19036,19
19037,19
19038,20
19039,20
19040,20
19041,20
19042,21
19043,21
19044,21
19045,22
19046,22
19047,22
19048,22
19049,23
19050,23
19051,23
19052,23
19053,24
19054,24
19055,24
19056,24
19057,25
19058,25
19059,25
19060,25
19061,26
19062,26
19063,26
19064,26
19065,26
19066,26
19067,27
19068,26
19069,26
19070,27
19071,27
19072,28
19073,29
19074,29
19075,29
19076,29
19077,30
19078,30
19079,31
19080,31
19081,31
19082,32
19083,32
19084,32
19085,32
19086,33
19087,33
19088,34
19089,34
19090,34
19091,33
19092,34
19093,34
19094,34
19095,35
19096,35
19097,35
19098,35
19099,35
19100,35
19101,35
19102,35
19103,36
19104,35
19105,35
19106,35
19107,34
19108,34
19109,33
19110,32
19111,33
19112,32
19113,32
19114,31
19115,31
19116,30
19117,30
19118,30
19119,29
19120,29
19121,29
19122,28
19123,27
19124,27
19125,26
19126,25
19127,25
19128,24
19129,23
19130,23
19131,23
19132,22
19133,22
19134,22
19135,21
19136,21
19137,20
19138,20
19139,20
19140,19
19141,19
19142,19
19143,18
19144,18
19145,18
19146,17
19147,17
19148,17
19149,17
19150,17
19151,17
19152,16
19153,16
19154,16
19155,15
19156,16
19157,15
19158,15
19159,15
19160,15
19161,15
19162,14
19163,15
19164,15
19165,15
19166,14
19167,14
19168,14
19169,14
19170,14
19171,14
19172,14
19173,14
19174,14
19175,14
19176,14
19177,14
19178,14
19179,14
19180,14
19181,14
19182,13
19183,14
19184,14
19185,13
19186,13
19187,14
19188,14
19189,14
19190,14
19191,14
19192,14
19193,14
19194,14
19195,14
19196,14
19197,14
19198,13
19199,14
19200,14
19201,14
19202,14
19203,14
19204,14
19205,14
19206,14
19207,14
19208,14
19209,14
19210,14
19211,15
19212,15
19213,15
19214,15
19215,15
19216,15
19217,15
19218,15
19219,16
19220,15
19221,16
19222,16
19223,15
19224,16
19225,16
19226,17
19227,16
19228,16
19229,16
19230,16
19231,16
19232,16
19233,16
19234,17
19235,17
19236,17
19237,17
19238,17
19239,16
19240,17
19241,16
19242,16
19243,16
19244,15
19245,16
19246,16
19247,15
19248,15
19249,15
19250,15
19251,15
19252,15
19253,15
19254,15
19255,14
19256,14
19257,15
19258,14
19259,14
19260,14
19261,14
19262,14
19263,14
19264,14
19265,13
19266,13
19267,14
19268,13
19269,13
19270,13
19271,13
19272,13
19273,13
19274,13
19275,12
19276,12
19277,12
19278,12
19279,12
19280,12
19281,12
19282,12
19283,11
19284,11
19285,11
19286,11
19287,11
19288,11
19289,11
19290,11
19291,11
19292,11
19293,11
19294,10
19295,10
19296,10
19297,10
19298,10
19299,10
19300,10
19301,10
19302,10
19303,10
19304,10
19305,9
19306,10
19307,10
19308,10
19309,9
19310,10
19311,9
19312,10
19313,9
19314,9
19315,9
19316,9
19317,9
19318,9
19319,9
19320,9
19321,9
19322,9
19323,9
19324,10
19325,10
19326,10
19327,10
19328,11
19329,10
19330,10
19331,11
19332,11
19333,11
19334,11
19335,12
19336,11
19337,11
19338,12
19339,11
19340,12
19341,12
19342,12
19343,12
19344,12
19345,12
19346,13
19347,13
19348,13
19349,13
19350,13
19351,13
19352,13
19353,14
19354,14
19355,14
19356,14
19357,15
19358,15
19359,15
19360,15
19361,16
19362,17
19363,17
19364,18
19365,18
19366,18
19367,18
19368,19
19369,19
19370,19
19371,19
19372,20
19373,20
19374,20
19375,20
19376,21
19377,21
19378,21
19379,22
19380,22
19381,22
19382,22
19383,22
19384,22
19385,22
19386,23
19387,23
19388,23
19389,23
19390,23
19391,23
19392,23
19393,24
19394,24
19395,24
19396,24
19397,24
19398,24
19399,24
19400,24
19401,24
19402,24
19403,24
19404,24
19405,23
19406,23
19407,23
19408,23
19409,22
19410,22
19411,22
19412,22
19413,22
19414,21
19415,21
19416,21
19417,21
19418,20
19419,20
19420,20
19421,20
19422,20
19423,19
19424,19
19425,19
19426,19
19427,19
19428,18
19429,18
19430,19
19431,18
19432,18
19433,18
19434,18
19435,18
19436,17
19437,17
19438,17
19439,17
19440,16
19441,15
19442,15
19443,15
19444,14
19445,14
19446,14
19447,13
19448,13
19449,12
19450,12
19451,12
19452,11
19453,11
19454,12
19455,11
19456,11
19457,10
19458,10
19459,10
19460,10
19461,10
19462,9
19463,9
19464,9
19465,9
19466,9
19467,8
19468,8
19469,8
19470,8
19471,8
19472,8
19473,8
19474,9
19475,8
19476,8
19477,8
19478,8
19479,8
19480,8
19481,8
19482,7
19483,7
19484,7
19485,7
19486,8
19487,8
19488,7
19489,8
19490,8
19491,8
19492,8
19493,8
19494,8
19495,9
19496,9
19497,9
19498,9
19499,9
19500,10
19501,10
19502,10
19503,10
19504,10
19505,10
19506,11
19507,11
19508,11
19509,11
19510,11
19511,11
19512,11
19513,12
19514,12
19515,12
19516,12
19517,13
19518,13
19519,13
19520,13
19521,14
19522,14
19523,15
19524,15
19525,15
19526,16
19527,16
19528,17
19529,17
19530,17
19531,18
19532,18
19533,19
19534,19
19535,19
19536,20
19537,20
19538,20
19539,21
19540,21
19541,21
19542,21
19543,22
19544,22
19545,22
19546,23
19547,23
19548,23
19549,23
19550,23
19551,23
19552,24
19553,24
19554,24
19555,24
19556,25
19557,24
19558,25
19559,25
19560,25
19561,25
19562,25
19563,25
19564,26
19565,25
19566,25
19567,26
19568,25
19569,26
19570,26
19571,26
19572,26
19573,26
19574,26
19575,26
19576,27
19577,27
19578,27
19579,27
19580,27
19581,27
19582,27
19583,27
19584,27
19585,27
19586,28
19587,28
19588,28
19589,28
19590,28
19591,28
19592,28
19593,28
19594,28
19595,28
19596,28
19597,28
19598,28
19599,28
19600,28
19601,28
19602,29
19603,29
19604,29
19605,30
19606,30
19607,30
19608,31
19609,31
19610,32
19611,32
19612,33
19613,33
19614,33
19615,33
19616,34
19617,34
19618,35
19619,35
19620,35
19621,35
19622,35
19623,36
19624,36
19625,36
19626,36
19627,36
19628,36
19629,36
19630,37
19631,37
19632,36
19633,37
19634,37
19635,37
19636,37
19637,37
19638,38
19639,38
19640,38
19641,37
19642,38
19643,38
19644,38
19645,38
19646,38
19647,38
19648,38
19649,38
19650,38
19651,38
19652,38
19653,39
19654,39
19655,40
19656,40
19657,41
19658,41
19659,41
19660,42
19661,42
19662,42
19663,43
19664,43
19665,43
19666,43
19667,44
19668,44
19669,44
19670,44
19671,44
19672,43
19673,43
19674,43
19675,42
19676,42
19677,41
19678,41
19679,41
19680,40
19681,40
19682,39
19683,39
19684,39
19685,39
19686,37
19687,36
19688,36
19689,35
19690,34
19691,32
19692,31
19693,31
19694,30
19695,29
19696,27
19697,27
19698,26
19699,25
19700,24
19701,24
19702,23
19703,22
19704,22
19705,21
19706,21
19707,20
19708,19
19709,19
19710,19
19711,18
19712,18
19713,18
19714,17
19715,17
19716,16
19717,16
19718,15
19719,15
19720,15
19721,15
19722,15
19723,14
19724,14
19725,14
19726,14
19727,14
19728,13
19729,13
19730,13
19731,13
19732,13
19733,13
19734,13
19735,12
19736,12
19737,12
19738,12
19739,12
19740,11
19741,11
19742,11
19743,10
19744,10
19745,11
19746,11
19747,10
19748,10
19749,10
19750,10
19751,10
19752,9
19753,9
19754,9
19755,9
19756,9
19757,9
19758,8
19759,8
19760,8
19761,8
19762,8
19763,8
19764,8
19765,7
19766,8
19767,8
19768,8
19769,8
19770,7
19771,7
19772,7
19773,7
19774,7
19775,8
19776,8
19777,8
19778,8
19779,8
19780,8
19781,8
19782,8
19783,8
19784,8
19785,8
19786,8
19787,9
19788,9
19789,9
19790,8
19791,9
19792,9
19793,9
19794,9
19795,9
19796,9
19797,9
19798,10
19799,9
19800,9
19801,10
19802,10
19803,10
19804,10
19805,10
19806,11
19807,12
19808,12
19809,12
19810,12
19811,13
19812,13
19813,13
19814,13
19815,14
19816,14
19817,15
19818,15
19819,16
19820,16
19821,16
19822,16
19823,17
19824,17
19825,17
19826,18
19827,17
19828,18
19829,18
19830,18
19831,19
19832,19
19833,19
19834,19
19835,19
19836,19
19837,20
19838,20
19839,19
19840,20
19841,20
19842,20
19843,20
19844,20
19845,20
19846,21
19847,20
19848,21
19849,21
19850,20
19851,21
19852,21
19853,21
19854,21
19855,21
19856,21
19857,21
19858,21
19859,21
19860,21
19861,21
19862,21
19863,21
19864,21
19865,21
19866,21
19867,21
19868,21
19869,21
19870,21
19871,21
19872,21
19873,21
19874,21
19875,21
19876,20
19877,20
19878,20
19879,20
19880,20
19881,20
19882,20
19883,20
19884,20
19885,20
19886,20
19887,19
19888,20
19889,20
19890,20
19891,20
19892,20
19893,20
19894,20
19895,20
19896,20
19897,20
19898,20
19899,20
19900,20
19901,20
19902,20
19903,20
19904,20
19905,20
19906,20
19907,20
19908,20
19909,20
19910,20
19911,20
19912,21
19913,21
19914,21
19915,21
19916,20
19917,20
19918,21
19919,21
19920,20
19921,20
19922,20
19923,20
19924,20
19925,19
19926,19
19927,19
19928,19
19929,19
19930,19
19931,19
19932,19
19933,18
19934,18
19935,18
19936,18
19937,18
19938,18
19939,18
19940,18
19941,18
19942,17
19943,17
19944,18
19945,17
19946,17
19947,17
19948,17
19949,17
19950,17
19951,17
19952,17
19953,16
19954,17
19955,16
19956,16
19957,17
19958,16
19959,16
19960,17
19961,16
19962,16
19963,16
19964,16
19965,16
19966,16
19967,16
19968,16
19969,16
19970,15
19971,15
19972,14
19973,14
19974,14
19975,14
19976,14
19977,14
19978,13
19979,12
19980,12
19981,12
19982,12
19983,11
19984,11
19985,11
19986,10
19987,10
19988,10
19989,10
19990,10
19991,10
19992,9
19993,9
19994,9
19995,9
19996,9
19997,9
19998,9
19999,9
20000,9
20001,9
20002,8
20003,8
20004,8
20005,8
20006,8
20007,8
20008,8
20009,7
20010,7
20011,7
20012,7
20013,7
20014,7
20015,7
20016,7
20017,7
20018,7
20019,7
20020,7
20021,7
20022,7
20023,6
20024,7
20025,7
20026,7
20027,7
20028,6
20029,7
20030,6
20031,6
20032,6
20033,6
20034,6
20035,6
20036,7
20037,7
20038,6
20039,6
20040,6
20041,6
20042,6
20043,6
20044,6
20045,6
20046,6
20047,6
20048,6
20049,6
20050,6
20051,6
20052,6
20053,6
20054,6
20055,6
20056,6
20057,6
20058,6
20059,6
20060,6
20061,6
20062,6
20063,7
20064,7
20065,6
20066,7
20067,7
20068,7
20069,7
20070,7
20071,7
20072,7
20073,7
20074,8
20075,8
20076,8
20077,8
20078,8
20079,8
20080,8
20081,9
20082,9
20083,9
20084,9
20085,9
20086,10
20087,10
20088,11
20089,12
20090,12
20091,13
20092,14
20093,15
20094,16
20095,17
20096,18
20097,19
20098,20
20099,20
20100,21
20101,22
20102,22
20103,23
20104,24
20105,24
20106,25
20107,25
20108,26
20109,26
20110,26
20111,27
20112,28
20113,28
20114,29
20115,29
20116,29
20117,30
20118,30
20119,30
20120,31
20121,31
20122,32
20123,32
20124,32
20125,32
20126,33
20127,33
20128,34
20129,34
20130,34
20131,35
20132,35
20133,35
20134,35
20135,35
20136,36
20137,36
20138,36
20139,37
20140,36
20141,37
20142,37
20143,37
20144,38
20145,38
20146,37
20147,37
20148,38
20149,38
20150,38
20151,38
20152,38
20153,38
20154,37
20155,37
20156,37
20157,37
20158,36
20159,36
20160,36
20161,36
20162,36
20163,35
20164,35
20165,34
20166,34
20167,34
20168,34
20169,34
20170,34
20171,34
20172,33
20173,33
20174,33
20175,33
20176,33
20177,33
20178,33
20179,33
20180,33
20181,32
20182,32
20183,32
20184,32
20185,32
20186,32
20187,32
20188,32
20189,32
20190,32
20191,32
20192,32
20193,32
20194,32
20195,31
20196,32
20197,31
20198,31
20199,31
20200,31
20201,31
20202,31
20203,31
20204,32
20205,31
20206,32
20207,31
20208,31
20209,31
20210,31
20211,31
20212,31
20213,31
20214,31
20215,31
20216,31
20217,31
20218,31
20219,31
20220,31
20221,32
20222,31
20223,31
20224,31
20225,31
20226,31
20227,32
20228,32
20229,32
20230,32
20231,32
20232,32
20233,32
20234,32
20235,32
20236,31
20237,31
20238,30
20239,30
20240,29
20241,29
20242,29
20243,29
20244,28
20245,28
20246,28
20247,27
20248,27
20249,26
20250,26
20251,26
20252,25
20253,25
20254,25
20255,25
20256,25
20257,24
20258,24
20259,24
20260,23
20261,23
20262,23
20263,23
20264,23
20265,23
20266,23
20267,23
20268,22
20269,22
20270,22
20271,21
20272,20
20273,20
20274,20
20275,19
20276,19
20277,18
20278,18
20279,18
20280,18
20281,17
20282,17
20283,17
20284,16
20285,16
20286,16
20287,16
20288,15
20289,15
20290,15
20291,15
20292,14
20293,14
20294,14
20295,14
20296,14
20297,14
20298,13
20299,13
20300,13
20301,13
20302,13
20303,13
20304,13
20305,13
20306,13
20307,13
20308,13
20309,13
20310,13
20311,13
20312,13
20313,13
20314,13
20315,13
20316,13
20317,13
20318,13
20319,13
20320,13
20321,13
20322,13
20323,13
20324,13
20325,13
20326,13
20327,14
20328,13
20329,13
20330,13
20331,13
20332,13
20333,13
20334,13
20335,14
20336,14
20337,14
20338,14
20339,15
20340,15
20341,16
20342,16
20343,17
20344,17
20345,17
20346,18
20347,18
20348,18
20349,19
20350,19
20351,20
20352,20
20353,20
20354,20
20355,20
20356,21
20357,22
20358,22
20359,22
20360,22
20361,22
20362,23
20363,23
20364,23
20365,23
20366,23
20367,23
20368,24
20369,23
20370,24
20371,23
20372,24
20373,24
20374,24
20375,23
20376,24
20377,24
20378,23
20379,24
20380,24
20381,23
20382,23
20383,24
20384,23
20385,23
20386,24
20387,24
20388,24
20389,24
20390,24
20391,24
20392,24
20393,23
20394,23
20395,24
20396,24
20397,24
20398,24
20399,24
20400,24
20401,23
20402,23
20403,23
20404,23
20405,21
20406,21
20407,21
20408,20
20409,20
20410,20
20411,20
20412,19
20413,19
20414,18
20415,18
20416,17
20417,17
20418,17
20419,17
20420,16
20421,16
20422,16
20423,16
20424,16
20425,15
20426,15
20427,15
20428,15
20429,14
20430,14
20431,14
20432,14
20433,14
20434,14
20435,14
20436,13
20437,13
20438,13
20439,13
20440,13
20441,13
20442,13
20443,13
20444,13
20445,13
20446,12
20447,12
20448,13
20449,12
20450,12
20451,12
20452,12
20453,12
20454,12
20455,12
20456,12
20457,11
20458,11
20459,11
20460,11
20461,11
20462,11
20463,11
20464,11
20465,11
20466,10
20467,11
20468,10
20469,11
20470,10
20471,10
20472,10
20473,10
20474,10
20475,10
20476,10
20477,10
20478,10
20479,10
20480,10
20481,10
20482,10
20483,10
20484,9
20485,10
20486,10
20487,10
20488,10
20489,10
20490,10
20491,10
20492,10
20493,11
20494,11
20495,11
20496,11
20497,11
20498,11
20499,11
20500,11
20501,11
20502,11
20503,12
20504,12
20505,12
20506,12
20507,12
20508,12
20509,12
20510,12
20511,13
20512,13
20513,13
20514,13
20515,13
20516,13
20517,13
20518,13
20519,13
20520,14
20521,13
20522,13
20523,14
20524,14
20525,14
20526,15
20527,14
20528,14
20529,14
20530,14
20531,15
20532,15
20533,15
20534,15
20535,15
20536,15
20537,15
20538,15
20539,15
20540,15
20541,15
20542,15
20543,15
20544,15
20545,15
20546,15
20547,16
20548,16
20549,16
20550,16
20551,16
20552,16
20553,15
20554,16
20555,15
20556,15
20557,15
20558,14
20559,15
20560,15
20561,15
20562,14
20563,14
20564,14
20565,14
20566,13
20567,14
20568,13
20569,14
20570,13
20571,13
20572,13
20573,13
20574,13
20575,13
20576,13
20577,13
20578,12
20579,12
20580,12
20581,12
20582,12
20583,12
20584,12
20585,12
20586,12
20587,12
20588,12
20589,12
20590,11
20591,12
20592,11
20593,11
20594,12
20595,12
20596,12
20597,12
20598,12
20599,11
20600,11
20601,11
20602,12
20603,11
20604,11
20605,11
20606,11
20607,11
20608,11
20609,11
20610,11
20611,11
20612,11
20613,11
20614,11
20615,11
20616,11
20617,11
20618,11
20619,11
20620,12
20621,12
20622,12
20623,12
20624,13
20625,12
20626,13
20627,14
20628,14
20629,14
20630,14
20631,14
20632,14
20633,15
20634,15
20635,15
20636,16
20637,16
20638,16
20639,16
20640,17
20641,17
20642,18
20643,18
20644,18
20645,18
20646,19
20647,19
20648,19
20649,20
20650,20
20651,20
20652,20
20653,21
20654,21
20655,21
20656,21
20657,21
20658,22
20659,22
20660,22
20661,22
20662,22
20663,22
20664,23
20665,23
20666,23
20667,23
20668,23
20669,23
20670,23
20671,23
20672,23
20673,23
20674,24
20675,23
20676,23
20677,24
20678,24
20679,24
20680,24
20681,24
20682,24
20683,24
20684,24
20685,24
20686,24
20687,23
20688,23
20689,23
20690,23
20691,22
20692,22
20693,22
20694,22
20695,22
20696,21
20697,21
20698,21
20699,21
20700,21
20701,21
20702,20
20703,20
20704,20
20705,20
20706,19
20707,20
20708,19
20709,20
20710,20
20711,19
20712,19
20713,19
20714,19
20715,19
20716,19
20717,18
20718,18
20719,19
20720,18
20721,18
20722,18
20723,18
20724,18
20725,18
20726,18
20727,18
20728,18
20729,18
20730,18
20731,18
20732,18
20733,18
20734,18
20735,18
20736,18
20737,17
20738,18
20739,18
20740,18
20741,17
20742,18
20743,17
20744,18
20745,17
20746,17
20747,17
20748,18
20749,17
20750,18
20751,17
20752,17
20753,17
20754,18
20755,18
20756,18
20757,17
20758,18
20759,17
20760,17
20761,17
20762,17
20763,17
20764,17
20765,18
20766,18
20767,18
20768,18
20769,19
20770,19
20771,20
20772,21
20773,21
20774,22
20775,23
20776,23
20777,24
20778,24
20779,25
20780,25
20781,26
20782,27
20783,27
20784,28
20785,29
20786,29
20787,29
20788,29
20789,30
20790,30
20791,30
20792,31
20793,31
20794,31
20795,31
20796,32
20797,32
20798,32
20799,32
20800,33
20801,33
20802,33
20803,33
20804,33
20805,33
20806,33
20807,33
20808,34
20809,34
20810,34
20811,34
20812,34
20813,34
20814,34
20815,34
20816,34
20817,35
20818,35
20819,36
20820,37
20821,37
20822,38
20823,38
20824,39
20825,39
20826,40
20827,41
20828,41
20829,41
20830,41
20831,42
20832,42
20833,43
20834,42
20835,43
20836,42
20837,42
20838,42
20839,41
20840,41
20841,40
20842,40
20843,40
20844,39
20845,39
20846,39
20847,38
20848,38
20849,38
20850,37
20851,37
20852,36
20853,36
20854,36
20855,36
20856,36
20857,36
20858,35
20859,35
20860,35
20861,35
20862,35
20863,35
20864,34
20865,34
20866,34
20867,34
20868,33
20869,33
20870,32
20871,32
20872,31
20873,30
20874,29
20875,29
20876,28
20877,27
20878,27
20879,26
20880,25
20881,25
20882,25
20883,24
20884,24
20885,24
20886,23
20887,23
20888,22
20889,22
20890,21
20891,21
20892,21
20893,21
20894,20
20895,20
20896,20
20897,19
20898,20
20899,19
20900,19
20901,18
20902,18
20903,18
20904,18
20905,17
20906,17
20907,17
20908,17
20909,17
20910,17
20911,17
20912,16
20913,16
20914,16
20915,15
20916,16
20917,15
20918,15
20919,15
20920,15
20921,15
20922,15
20923,15
20924,15
20925,14
20926,14
20927,14
20928,14
20929,14
20930,14
20931,13
20932,13
20933,14
20934,13
20935,13
20936,13
20937,13
20938,13
20939,13
20940,13
20941,13
20942,13
20943,13
20944,13
20945,13
20946,13
20947,13
20948,13
20949,13
20950,12
20951,12
20952,12
20953,13
20954,13
20955,13
20956,12
20957,12
20958,12
20959,13
20960,13
20961,12
20962,12
20963,12
20964,12
20965,12
20966,12
20967,12
20968,12
20969,12
20970,12
20971,12
20972,12
20973,12
20974,12
20975,11
20976,11
20977,11
20978,11
20979,11
20980,11
20981,11
20982,11
20983,11
20984,10
20985,11
20986,10
20987,10
20988,10
20989,10
20990,10
20991,10
20992,10
20993,10
20994,10
20995,10
20996,9
20997,9
20998,9
20999,9
21000,9
21001,9
21002,9
21003,9
21004,9
21005,9
21006,9
21007,9
21008,9
21009,9
21010,9
21011,8
21012,8
21013,8
21014,8
21015,9
21016,8
21017,8
21018,8
21019,9
21020,9
21021,9
21022,9
21023,9
21024,9
21025,10
21026,10
21027,10
21028,11
21029,11
21030,11
21031,11
21032,11
21033,12
21034,12
21035,12
21036,12
21037,13
21038,13
21039,13
21040,13
21041,14
21042,14
21043,13
21044,14
21045,14
21046,15
21047,15
21048,14
21049,15
21050,15
21051,16
21052,16
21053,17
21054,18
21055,18
21056,19
21057,20
21058,21
21059,22
21060,22
21061,23
21062,24
21063,24
21064,25
21065,25
21066,26
21067,26
21068,27
21069,27
21070,28
21071,27
21072,28
21073,29
21074,29
21075,30
21076,30
21077,31
21078,31
21079,30
21080,31
21081,31
21082,31
21083,31
21084,31
21085,31
21086,31
21087,31
21088,30
21089,30
21090,30
21091,31
21092,30
21093,30
21094,29
21095,29
21096,29
21097,29
21098,28
21099,28
21100,28
21101,28
21102,28
21103,28
21104,27
21105,27
21106,27
21107,27
21108,27
21109,27
21110,26
21111,27
21112,27
21113,27
21114,26
21115,26
21116,26
21117,26
21118,25
21119,25
21120,24
21121,24
21122,22
21123,23
21124,21
21125,21
21126,20
21127,20
21128,19
21129,19
21130,18
21131,18
21132,17
21133,17
21134,17
21135,16
21136,16
21137,16
21138,15
21139,15
21140,14
21141,14
21142,14
21143,14
21144,14
21145,13
21146,13
21147,13
21148,13
21149,12
21150,12
21151,12
21152,12
21153,12
21154,12
21155,11
21156,11
21157,11
21158,11
21159,11
21160,11
21161,11
21162,11
21163,10
21164,10
21165,10
21166,10
21167,10
21168,10
21169,10
21170,10
21171,10
21172,9
21173,10
21174,9
21175,9
21176,9
21177,9
21178,9
21179,9
21180,9
21181,8
21182,8
21183,9
21184,8
21185,8
21186,8
21187,8
21188,8
21189,8
21190,8
21191,8
21192,8
21193,8
21194,8
21195,8
21196,7
21197,8
21198,7
21199,7
21200,7
21201,8
21202,8
21203,7
21204,7
21205,7
21206,7
21207,7
21208,7
21209,7
21210,7
21211,7
21212,7
21213,7
21214,7
21215,7
21216,7
21217,7
21218,7
21219,7
21220,6
21221,7
21222,7
21223,7
21224,8
21225,7
21226,7
21227,8
21228,8
21229,8
21230,8
21231,8
21232,8
21233,8
21234,8
21235,9
21236,9
21237,9
21238,9
21239,10
21240,10
21241,10
21242,10
21243,10
21244,11
21245,11
21246,11
21247,11
21248,12
21249,12
21250,12
21251,12
21252,12
21253,13
21254,13
21255,13
21256,13
21257,14
21258,14
21259,14
21260,14
21261,15
21262,14
21263,15
21264,15
21265,14
21266,15
21267,15
21268,15
21269,15
21270,15
21271,16
21272,16
21273,16
21274,17
21275,17
21276,17
21277,17
21278,17
21279,18
21280,18
21281,18
21282,18
21283,18
21284,18
21285,19
21286,19
21287,19
21288,19
21289,19
21290,19
21291,19
21292,20
21293,20
21294,20
21295,19
21296,20
21297,20
21298,20
21299,20
21300,21
21301,21
21302,22
21303,22
21304,23
21305,24
21306,24
21307,25
21308,25
21309,26
21310,27
21311,28
21312,28
21313,29
21314,29
21315,29
21316,30
21317,30
21318,31
21319,32
21320,32
21321,32
21322,32
21323,33
21324,33
21325,33
21326,34
21327,33
21328,34
21329,34
21330,34
21331,34
21332,34
21333,35
21334,36
21335,36
21336,37
21337,37
21338,38
21339,38
21340,39
21341,40
21342,40
21343,41
21344,41
21345,41
21346,42
21347,41
21348,42
21349,42
21350,43
21351,43
21352,43
21353,43
21354,43
21355,43
21356,43
21357,44
21358,44
21359,44
21360,44
21361,45
21362,45
21363,45
21364,45
21365,45
21366,45
21367,46
21368,45
21369,45
21370,45
21371,45
21372,45
21373,45
21374,45
21375,45
21376,45
21377,45
21378,45
21379,45
21380,45
21381,44
21382,45
21383,44
21384,44
21385,44
21386,44
21387,44
21388,44
21389,44
21390,44
21391,44
21392,44
21393,44
21394,44
21395,44
21396,44
21397,44
21398,44
21399,44
21400,43
21401,43
21402,42
21403,41
21404,40
21405,39
21406,38
21407,37
21408,36
21409,35
21410,34
21411,33
21412,33
21413,32
21414,31
21415,30
21416,29
21417,28
21418,27
21419,26
21420,26
21421,25
21422,24
21423,23
21424,22
21425,21
21426,20
21427,20
21428,19
21429,19
21430,18
21431,17
21432,17
21433,17
21434,16
21435,16
21436,15
21437,15
21438,14
21439,14
21440,14
21441,13
21442,13
21443,13
21444,13
21445,12
21446,12
21447,12
21448,12
21449,11
21450,11
21451,11
21452,11
21453,11
21454,11
21455,11
21456,10
21457,11
21458,11
21459,11
21460,10
21461,10
21462,10
21463,10
21464,10
21465,10
21466,10
21467,10
21468,10
21469,10
21470,10
21471,10
21472,10
21473,10
21474,10
21475,10
21476,10
21477,10
21478,10
21479,10
21480,10
21481,10
21482,10
21483,10
21484,10
21485,10
21486,10
21487,10
21488,11
21489,11
21490,11
21491,11
21492,11
21493,11
21494,11
21495,11
21496,11
21497,12
21498,12
21499,12
21500,12
21501,12
21502,12
21503,12
21504,13
21505,13
21506,13
21507,13
21508,13
21509,13
21510,14
21511,13
21512,14
21513,14
21514,14
21515,14
21516,14
21517,14
21518,14
21519,14
21520,14
21521,14
21522,14
21523,14
21524,14
21525,14
21526,14
21527,14
21528,14
21529,14
21530,15
21531,14
21532,14
21533,14
21534,14
21535,14
21536,14
21537,14
21538,14
21539,14
21540,14
21541,14
21542,14
21543,14
21544,15
21545,14
21546,14
21547,14
21548,14
21549,14
21550,14
21551,14
21552,14
21553,13
21554,14
21555,14
21556,14
21557,14
21558,14
21559,14
21560,14
21561,14
21562,14
21563,14
21564,14
21565,14
21566,14
21567,14
21568,14
21569,14
21570,14
21571,14
21572,14
21573,14
21574,14
21575,14
21576,14
21577,14
21578,14
21579,14
21580,14
21581,14
21582,14
21583,14
21584,14
21585,14
21586,14
21587,14
21588,14
21589,14
21590,14
21591,14
21592,14
21593,14
21594,14
21595,14
21596,14
21597,14
21598,14
21599,14
21600,14
21601,14
21602,15
21603,15
21604,15
21605,15
21606,16
21607,16
21608,16
21609,16
21610,17
21611,17
21612,17
21613,17
21614,18
21615,17
21616,18
21617,18
21618,18
21619,18
21620,19
21621,19
21622,19
21623,19
21624,19
21625,20
21626,20
21627,20
21628,20
21629,20
21630,20
21631,20
21632,20
21633,20
21634,21
21635,20
21636,20
21637,21
21638,21
21639,21
21640,21
21641,21
21642,21
21643,21
21644,21
21645,21
21646,21
21647,21
21648,21
21649,21
21650,21
21651,21
21652,21
21653,21
21654,22
21655,22
21656,22
21657,22
21658,21
21659,21
21660,21
21661,21
21662,22
21663,22
21664,22
21665,21
21666,22
21667,21
21668,21
21669,20
21670,20
21671,19
21672,19
21673,19
21674,19
21675,18
21676,17
21677,17
21678,16
21679,16
21680,16
21681,16
21682,16
21683,15
21684,15
21685,14
21686,14
21687,14
21688,15
21689,14
21690,13
21691,14
21692,13
21693,13
21694,13
21695,13
21696,12
21697,12
21698,12
21699,12
21700,12
21701,12
21702,12
21703,11
21704,11
21705,11
21706,10
21707,10
21708,10
21709,10
21710,10
21711,10
21712,9
21713,10
21714,9
21715,9
21716,9
21717,9
21718,9
21719,9
21720,9
21721,8
21722,8
21723,8
21724,8
21725,8
21726,8
21727,8
21728,8
21729,8
21730,7
21731,7
21732,7
21733,8
21734,8
21735,8
21736,8
21737,8
21738,7
21739,8
21740,8
21741,8
21742,8
21743,8
21744,8
21745,8
21746,8
21747,8
21748,8
21749,9
21750,9
21751,9
21752,10
21753,10
21754,11
21755,11
21756,12
21757,12
21758,13
21759,14
21760,14
21761,14
21762,15
21763,16
21764,16
21765,17
21766,17
21767,18
21768,18
21769,19
21770,19
21771,19
21772,20
21773,21
21774,21
21775,21
21776,22
21777,22
21778,22
21779,22
21780,23
21781,23
21782,23
21783,23
21784,24
21785,24
21786,24
21787,24
21788,24
21789,25
21790,25
21791,25
21792,25
21793,25
21794,25
21795,26
21796,26
21797,26
21798,26
21799,26
21800,26
21801,26
21802,26
21803,26
21804,26
21805,27
21806,27
21807,27
21808,27
21809,27
21810,27
21811,27
21812,27
21813,27
21814,27
21815,28
21816,27
21817,28
21818,27
21819,27
21820,28
21821,28
21822,28
21823,28
21824,28
21825,28
21826,28
21827,28
21828,28
21829,28
21830,28
21831,28
21832,28
21833,28
21834,28
21835,28
21836,28
21837,27
21838,27
21839,27
21840,27
21841,27
21842,26
21843,26
21844,26
21845,26
21846,26
21847,26
21848,25
21849,25
21850,25
21851,25
21852,25
21853,25
21854,24
21855,24
21856,25
21857,24
21858,25
21859,24
21860,24
21861,24
21862,24
21863,24
21864,24
21865,23
21866,24
21867,24
21868,24
21869,24
21870,24
21871,24
21872,25
21873,25
21874,25
21875,25
21876,25
21877,25
21878,25
21879,26
21880,26
21881,26
21882,26
21883,26
21884,26
21885,26
21886,27
21887,26
21888,27
21889,27
21890,27
21891,27
21892,27
21893,27
21894,27
21895,27
21896,27
21897,27
21898,27
21899,28
21900,28
21901,29
21902,28
21903,29
21904,30
21905,30
21906,30
21907,30
21908,31
21909,31
21910,32
21911,32
21912,32
21913,32
21914,32
21915,33
21916,33
21917,34
21918,34
21919,33
21920,34
21921,34
21922,34
21923,35
21924,35
21925,35
21926,35
21927,35
21928,35
21929,35
21930,35
21931,36
21932,36
21933,36
21934,36
21935,36
21936,36
21937,36
21938,36
21939,36
21940,36
21941,36
21942,36
21943,36
21944,36
21945,36
21946,36
21947,37
21948,36
21949,37
21950,36
21951,36
21952,35
21953,35
21954,35
21955,35
21956,34
21957,34
21958,34
21959,33
21960,33
21961,33
21962,33
21963,33
21964,32
21965,32
21966,32
21967,31
21968,31
21969,31
21970,31
21971,31
21972,31
21973,30
21974,30
21975,30
21976,30
21977,30
21978,30
21979,30
21980,30
21981,30
21982,29
21983,30
21984,30
21985,30
21986,29
21987,29
21988,29
21989,29
21990,29
21991,29
21992,29
21993,29
21994,29
21995,29
21996,29
21997,29
21998,29
21999,29
22000,28
22001,28
22002,27
22003,27
22004,26
22005,26
22006,25
22007,25
22008,25
22009,25
22010,24
22011,23
22012,23
22013,23
22014,22
22015,22
22016,22
22017,22
22018,21
22019,21
22020,20
22021,20
22022,20
22023,20
22024,20
22025,19
22026,19
22027,19
22028,19
22029,19
22030,18
22031,18
22032,18
22033,18
22034,18
22035,18
22036,18
22037,18
22038,18
22039,18
22040,17
22041,17
22042,17
22043,17
22044,17
22045,17
22046,17
22047,17
22048,17
22049,17
22050,17
22051,17
22052,18
22053,18
22054,18
22055,18
22056,18
22057,19
22058,19
22059,19
22060,19
22061,20
22062,19
22063,19
22064,20
22065,20
22066,20
22067,20
22068,20
22069,21
22070,21
22071,21
22072,21
22073,21
22074,21
22075,21
22076,22
22077,22
22078,22
22079,22
22080,22
22081,22
22082,22
22083,22
22084,22
22085,22
22086,22
22087,22
22088,21
22089,21
22090,21
22091,20
22092,20
22093,20
22094,20
22095,20
22096,19
22097,19
22098,19
22099,19
22100,20
22101,19
22102,19
22103,18
22104,19
22105,18
22106,18
22107,18
22108,18
22109,18
22110,18
22111,18
22112,18
22113,18
22114,18
22115,18
22116,17
22117,17
22118,16
22119,16
22120,15
22121,15
22122,15
22123,14
22124,14
22125,14
22126,13
22127,13
22128,13
22129,12
22130,12
22131,13
22132,12
22133,12
22134,11
22135,11
22136,11
22137,11
22138,10
22139,10
22140,10
22141,10
22142,10
22143,10
22144,9
22145,10
22146,10
22147,9
22148,9
22149,9
22150,9
22151,9
22152,9
22153,8
22154,8
22155,8
22156,8
22157,8
22158,8
22159,8
22160,8
22161,8
22162,8
22163,8
22164,8
22165,8
22166,8
22167,8
22168,7
22169,7
22170,8
22171,7
22172,8
22173,7
22174,7
22175,7
22176,8
22177,7
22178,7
22179,7
22180,7
22181,7
22182,7
22183,7
22184,7
22185,7
22186,7
22187,7
22188,7
22189,7
22190,7
22191,7
22192,7
22193,7
22194,7
22195,7
22196,7
22197,6
22198,7
22199,7
22200,7
22201,7
22202,7
22203,7
22204,7
22205,7
22206,8
22207,8
22208,8
22209,8
22210,8
22211,9
22212,9
22213,9
22214,9
22215,9
22216,10
22217,10
22218,10
22219,10
22220,10
22221,10
22222,11
22223,11
22224,11
22225,11
22226,11
22227,11
22228,11
22229,11
22230,12
22231,12
22232,12
22233,12
22234,13
22235,13
22236,13
22237,14
22238,14
22239,14
22240,14
22241,15
22242,15
22243,15
22244,16
22245,16
22246,16
22247,16
22248,17
22249,17
22250,17
22251,17
22252,18
22253,18
22254,18
22255,18
22256,18
22257,19
22258,19
22259,19
22260,19
22261,19
22262,19
22263,20
22264,20
22265,20
22266,20
22267,20
22268,20
22269,20
22270,20
22271,20
22272,19
22273,19
22274,19
22275,19
22276,19
22277,19
22278,19
22279,19
22280,19
22281,18
22282,18
22283,18
22284,19
22285,18
22286,18
22287,18
22288,18
22289,18
22290,18
22291,18
22292,18
22293,18
22294,18
22295,18
22296,18
22297,18
22298,18
22299,18
22300,17
22301,17
22302,17
22303,17
22304,17
22305,17
22306,17
22307,17
22308,18
22309,17
22310,18
22311,17
22312,17
22313,17
22314,17
22315,17
22316,17
22317,17
22318,17
22319,17
22320,16
22321,17
22322,17
22323,17
22324,17
22325,16
22326,16
22327,16
22328,16
22329,16
22330,17
22331,16
22332,16
22333,16
22334,17
22335,17
22336,17
22337,17
22338,17
22339,17
22340,17
22341,17
22342,18
22343,18
22344,18
22345,18
22346,18
22347,19
22348,19
22349,19
22350,19
22351,19
22352,19
22353,19
22354,19
22355,19
22356,20
22357,20
22358,20
22359,20
22360,20
22361,20
22362,20
22363,20
22364,20
22365,20
22366,20
22367,20
22368,20
22369,20
22370,20
22371,20
22372,20
22373,20
22374,21
22375,21
22376,21
22377,20
22378,20
22379,20
22380,20
22381,20
22382,20
22383,20
22384,20
22385,20
22386,20
22387,20
22388,20
22389,20
22390,20
22391,20
22392,20
22393,20
22394,20
22395,20
22396,20
22397,20
22398,20
22399,19
22400,19
22401,19
22402,19
22403,18
22404,18
22405,18
22406,18
22407,17
22408,17
22409,17
22410,16
22411,16
22412,16
22413,15
22414,15
22415,15
22416,15
22417,15
22418,15
22419,15
22420,14
22421,14
22422,14
22423,14
22424,13
22425,14
22426,13
22427,13
22428,13
22429,13
22430,13
22431,13
22432,12
22433,13
22434,13
22435,12
22436,12
22437,12
22438,12
22439,12
22440,12
22441,12
22442,12
22443,12
22444,12
22445,12
22446,12
22447,12
22448,12
22449,12
22450,12
22451,12
22452,12
22453,12
22454,12
22455,12
22456,12
22457,12
22458,11
22459,11
22460,12
22461,12
22462,12
22463,12
22464,11
22465,12
22466,12
22467,13
22468,13
22469,14
22470,15
22471,15
22472,16
22473,17
22474,17
22475,18
22476,19
22477,19
22478,19
22479,20
22480,21
22481,22
22482,24
22483,25
22484,26
22485,27
22486,28
22487,30
22488,31
22489,32
22490,33
22491,33
22492,34
22493,35
22494,36
22495,36
22496,37
22497,38
22498,39
22499,39
22500,39
22501,40
22502,40
22503,40
22504,40
22505,41
22506,41
22507,42
22508,42
22509,42
22510,42
22511,42
22512,43
22513,43
22514,44
22515,43
22516,44
22517,43
22518,43
22519,43
22520,43
22521,43
22522,43
22523,43
22524,43
22525,43
22526,42
22527,42
22528,43
22529,42
22530,43
22531,42
22532,42
22533,42
22534,42
22535,42
22536,42
22537,42
22538,42
22539,42
22540,42
22541,42
22542,42
22543,42
22544,42
22545,42
22546,42
22547,42
22548,41
22549,40
22550,40
22551,39
22552,39
22553,38
22554,37
22555,37
22556,36
22557,36
22558,35
22559,35
22560,34
22561,33
22562,33
22563,32
22564,32
22565,31
22566,31
22567,30
22568,30
22569,30
22570,29
22571,28
22572,28
22573,28
22574,28
22575,27
22576,27
22577,27
22578,27
22579,27
22580,26
22581,26
22582,26
22583,26
22584,25
22585,25
22586,25
22587,25
22588,25
22589,25
22590,25
22591,24
22592,24
22593,24
22594,24
22595,24
22596,24
22597,23
22598,23
22599,23
22600,23
22601,22
22602,22
22603,22
22604,22
22605,21
22606,21
22607,21
22608,20
22609,20
22610,20
22611,20
22612,20
22613,19
22614,19
22615,19
22616,19
22617,19
22618,18
22619,18
22620,18
22621,18
22622,18
22623,18
22624,18
22625,17
22626,17
22627,17
22628,17
22629,17
22630,17
22631,17
22632,16
22633,16
22634,17
22635,16
22636,16
22637,16
22638,16
22639,16
22640,16
22641,16
22642,16
22643,16
22644,15
22645,16
22646,15
22647,16
22648,16
22649,15
22650,15
22651,15
22652,15
22653,15
22654,15
22655,14
22656,15
22657,14
22658,14
22659,14
22660,14
22661,14
22662,13
22663,14
22664,14
22665,13
22666,13
22667,13
22668,13
22669,13
22670,13
22671,13
22672,13
22673,13
22674,12
22675,12
22676,12
22677,12
22678,12
22679,12
22680,12
22681,12
22682,12
22683,12
22684,11
22685,11
22686,11
22687,11
22688,10
22689,10
22690,10
22691,10
22692,10
22693,10
22694,10
22695,9
22696,9
22697,9
22698,9
22699,9
22700,9
22701,9
22702,8
22703,9
22704,8
22705,8
22706,8
22707,8
22708,8
22709,8
22710,8
22711,8
22712,8
22713,8
22714,7
22715,7
22716,7
22717,7
22718,7
22719,7
22720,7
22721,7
22722,7
22723,7
22724,7
22725,7
22726,7
22727,7
22728,7
22729,7
22730,7
22731,6
22732,7
22733,6
22734,6
22735,6
22736,6
22737,6
22738,7
22739,6
22740,6
22741,6
22742,6
22743,7
22744,6
22745,6
22746,6
22747,6
22748,6
22749,6
22750,6
22751,6
22752,6
22753,6
22754,6
22755,6
22756,7
22757,7
22758,7
22759,7
22760,7
22761,8
22762,7
22763,8
22764,8
22765,8
22766,8
22767,8
22768,9
22769,9
22770,9
22771,9
22772,9
22773,10
22774,9
22775,10
22776,9
22777,10
22778,10
22779,10
22780,10
22781,11
22782,11
22783,12
22784,13
22785,14
22786,14
22787,15
22788,16
22789,17
22790,18
22791,18
22792,19
22793,20
22794,21
22795,21
22796,22
22797,23
22798,24
22799,24
22800,24
22801,25
22802,25
22803,26
22804,26
22805,26
22806,26
22807,27
22808,27
22809,27
22810,27
22811,27
22812,27
22813,28
22814,28
22815,28
22816,28
22817,28
22818,28
22819,28
22820,29
22821,29
22822,29
22823,29
22824,29
22825,29
22826,29
22827,29
22828,29
22829,29
22830,29
22831,29
22832,28
22833,28
22834,28
22835,27
22836,27
22837,26
22838,25
22839,25
22840,24
22841,24
22842,24
22843,23
22844,23
22845,22
22846,22
22847,21
22848,21
22849,21
22850,21
22851,20
22852,20
22853,19
22854,19
22855,19
22856,18
22857,18
22858,18
22859,18
22860,17
22861,17
22862,17
22863,17
22864,17
22865,17
22866,16
22867,16
22868,15
22869,15
22870,15
22871,15
22872,15
22873,14
22874,14
22875,14
22876,14
22877,14
22878,13
22879,13
22880,13
22881,13
22882,13
22883,13
22884,12
22885,12
22886,12
22887,12
22888,12
22889,12
22890,12
22891,12
22892,12
22893,11
22894,11
22895,11
22896,11
22897,11
22898,11
22899,11
22900,11
22901,11
22902,11
22903,10
22904,10
22905,11
22906,10
22907,10
22908,10
22909,10
22910,10
22911,10
22912,10
22913,10
22914,10
22915,10
22916,10
22917,10
22918,10
22919,10
22920,10
22921,11
22922,10
22923,10
22924,10
22925,11
22926,11
22927,11
22928,11
22929,11
22930,11
22931,11
22932,11
22933,11
22934,11
22935,11
22936,11
22937,11
22938,11
22939,12
22940,12
22941,12
22942,12
22943,12
22944,12
22945,12
22946,12
22947,12
22948,12
22949,12
22950,12
22951,12
22952,12
22953,12
22954,12
22955,12
22956,13
22957,13
22958,13
22959,13
22960,13
22961,13
22962,13
22963,13
22964,13
22965,13
22966,13
22967,13
22968,13
22969,13
22970,13
22971,14
22972,14
22973,13
22974,13
22975,14
22976,13
22977,14
22978,14
22979,14
22980,13
22981,14
22982,14
22983,14
22984,14
22985,14
22986,14
22987,13
22988,14
22989,13
22990,13
22991,14
22992,14
22993,14
22994,14
22995,14
22996,14
22997,14
22998,14
22999,14
23000,14
23001,14
23002,14
23003,14
23004,14
23005,14
23006,14
23007,14
23008,14
23009,14
23010,14
23011,14
23012,14
23013,14
23014,14
23015,14
23016,14
23017,14
23018,14
23019,14
23020,14
23021,14
23022,14
23023,14
23024,14
23025,14
23026,14
23027,14
23028,14
23029,14
23030,14
23031,14
23032,14
23033,15
23034,14
23035,14
23036,14
23037,14
23038,14
23039,14
23040,14
23041,14
23042,14
23043,14
23044,14
23045,14
23046,14
23047,14
23048,15
23049,15
23050,15
23051,15
23052,16
23053,16
23054,17
23055,17
23056,18
23057,18
23058,18
23059,19
23060,19
23061,19
23062,20
23063,20
23064,21
23065,21
23066,21
23067,21
23068,22
23069,22
23070,22
23071,22
23072,23
23073,23
23074,23
23075,23
23076,24
23077,24
23078,24
23079,24
23080,25
23081,25
23082,27
23083,28
23084,29
23085,30
23086,31
23087,32
23088,33
23089,34
23090,35
23091,36
23092,36
23093,37
23094,38
23095,39
23096,39
23097,39
23098,40
23099,40
23100,40
23101,41
23102,41
23103,41
23104,42
23105,42
23106,42
23107,42
23108,42
23109,43
23110,43
23111,43
23112,43
23113,43
23114,43
23115,43
23116,44
23117,43
23118,44
23119,44
23120,44
23121,44
23122,44
23123,44
23124,45
23125,45
23126,44
23127,45
23128,45
23129,45
23130,45
23131,44
23132,43
23133,43
23134,42
23135,42
23136,41
23137,40
23138,39
23139,38
23140,38
23141,37
23142,36
23143,36
23144,35
23145,34
23146,33
23147,33
23148,32
23149,32
23150,31
23151,31
23152,30
23153,30
23154,30
23155,29
23156,29
23157,28
23158,28
23159,27
23160,27
23161,27
23162,27
23163,27
23164,26
23165,25
23166,25
23167,24
23168,24
23169,23
23170,23
23171,22
23172,21
23173,21
23174,20
23175,20
23176,20
23177,19
23178,18
23179,18
23180,18
23181,18
23182,17
23183,17
23184,16
23185,17
23186,16
23187,16
23188,16
23189,15
23190,15
23191,15
23192,15
23193,14
23194,14
23195,14
23196,14
23197,14
23198,14
23199,14
23200,14
23201,14
23202,14
23203,13
23204,13
23205,13
23206,13
23207,13
23208,13
23209,13
23210,13
23211,13
23212,13
23213,13
23214,13
23215,13
23216,13
23217,13
23218,13
23219,13
23220,13
23221,13
23222,13
23223,13
23224,13
23225,13
23226,13
23227,13
23228,13
23229,13
23230,13
23231,13
23232,13
23233,13
23234,13
23235,13
23236,13
23237,13
23238,13
23239,13
23240,14
23241,14
23242,14
23243,14
23244,14
23245,13
23246,14
23247,14
23248,14
23249,14
23250,14
23251,14
23252,14
23253,14
23254,14
23255,14
23256,14
23257,14
23258,14
23259,14
23260,14
23261,15
23262,14
23263,15
23264,14
23265,14
23266,14
23267,15
23268,15
23269,14
23270,15
23271,15
23272,15
23273,15
23274,15
23275,15
23276,15
23277,15
23278,15
23279,15
23280,15
23281,14
23282,14
23283,14
23284,14
23285,14
23286,14
23287,14
23288,14
23289,14
23290,13
23291,13
23292,13
23293,13
23294,13
23295,13
23296,13
23297,13
23298,12
23299,12
23300,12
23301,12
23302,12
23303,12
23304,12
23305,11
23306,11
23307,12
23308,12
23309,12
23310,11
23311,11
23312,11
23313,11
23314,11
23315,11
23316,11
23317,11
23318,11
23319,11
23320,10
23321,10
23322,11
23323,11
23324,11
23325,11
23326,11
23327,10
23328,11
23329,10
23330,10
23331,10
23332,10
23333,10
23334,10
23335,10
23336,10
23337,10
23338,10
23339,10
23340,10
23341,10
23342,10
23343,10
23344,10
23345,10
23346,10
23347,10
23348,10
23349,10
23350,10
23351,9
23352,10
23353,10
23354,10
23355,10
23356,9
23357,9
23358,9
23359,9
23360,9
23361,9
23362,9
23363,9
23364,10
23365,9
23366,10
23367,10
23368,10
23369,10
23370,11
23371,11
23372,10
23373,10
23374,11
23375,11
23376,11
23377,11
23378,11
23379,12
23380,12
23381,12
23382,12
23383,12
23384,13
23385,13
23386,13
23387,13
23388,14
23389,14
23390,15
23391,15
23392,15
23393,15
23394,15
23395,15
23396,16
23397,16
23398,16
23399,16
23400,16
23401,17
23402,17
23403,17
23404,17
23405,17
23406,18
23407,18
23408,18
23409,18
23410,18
23411,18
23412,18
23413,18
23414,19
23415,19
23416,19
23417,19
23418,19
23419,19
23420,19
23421,19
23422,19
23423,19
23424,19
23425,19
23426,19
23427,20
23428,20
23429,20
23430,20
23431,20
23432,19
23433,19
23434,19
23435,19
23436,18
23437,18
23438,18
23439,18
23440,17
23441,17
23442,17
23443,16
23444,16
23445,16
23446,16
23447,16
23448,15
23449,16
23450,16
23451,15
23452,15
23453,15
23454,15
23455,15
23456,15
23457,15
23458,14
23459,14
23460,15
23461,14
23462,14
23463,14
23464,14
23465,14
23466,14
23467,13
23468,13
23469,13
23470,13
23471,13
23472,13
23473,12
23474,12
23475,12
23476,12
23477,12
23478,12
23479,11
23480,11
23481,12
23482,11
23483,11
23484,11
23485,11
23486,11
23487,11
23488,10
23489,10
23490,10
23491,11
23492,11
23493,10
23494,10
23495,10
23496,10
23497,10
23498,10
23499,11
23500,11
23501,11
23502,11
23503,11
23504,11
23505,11
23506,12
23507,13
23508,12
23509,12
23510,12
23511,13
23512,13
23513,13
23514,14
23515,14
23516,15
23517,16
23518,16
23519,16
23520,17
23521,18
23522,19
23523,19
23524,20
23525,20
23526,21
23527,21
23528,22
23529,22
23530,23
23531,23
23532,24
23533,24
23534,24
23535,25
23536,25
23537,26
23538,26
23539,26
23540,26
23541,27
23542,27
23543,27
23544,27
23545,27
23546,28
23547,28
23548,28
23549,28
23550,27
23551,28
23552,27
23553,28
23554,27
23555,27
23556,27
23557,27
23558,27
23559,27
23560,27
23561,27
23562,26
23563,27
23564,26
23565,26
23566,26
23567,26
23568,26
23569,26
23570,26
23571,26
23572,26
23573,26
23574,26
23575,26
23576,26
23577,26
23578,26
23579,26
23580,25
23581,25
23582,25
23583,25
23584,24
23585,23
23586,23
23587,23
23588,23
23589,23
23590,22
23591,22
23592,22
23593,21
23594,21
23595,21
23596,20
23597,20
23598,20
23599,20
23600,20
23601,19
23602,19
23603,19
23604,18
23605,19
23606,18
23607,18
23608,18
23609,18
23610,18
23611,18
23612,18
23613,18
23614,18
23615,17
23616,17
23617,17
23618,17
23619,17
23620,17
23621,17
23622,17
23623,17
23624,16
23625,16
23626,16
23627,16
23628,17
23629,16
23630,17
23631,16
23632,16
23633,17
23634,17
23635,17
23636,17
23637,17
23638,17
23639,17
23640,18
23641,17
23642,17
23643,17
23644,18
23645,18
23646,18
23647,18
23648,18
23649,18
23650,18
23651,18
23652,18
23653,18
23654,18
23655,18
23656,18
23657,18
23658,19
23659,18
23660,19
23661,19
23662,19
23663,18
23664,19
23665,19
23666,19
23667,19
23668,19
23669,19
23670,19
23671,19
23672,19
23673,19
23674,20
23675,19
23676,19
23677,19
23678,19
23679,19
23680,19
23681,19
23682,19
23683,19
23684,19
23685,19
23686,19
23687,20
23688,19
23689,19
23690,19
23691,19
23692,19
23693,19
23694,19
23695,19
23696,19
23697,19
23698,20
23699,21
23700,21
23701,21
23702,22
23703,22
23704,22
23705,23
23706,24
23707,24
23708,24
23709,25
23710,25
23711,25
23712,26
23713,26
23714,26
23715,26
23716,26
23717,27
23718,27
23719,27
23720,27
23721,28
23722,28
23723,27
23724,27
23725,28
23726,28
23727,28
23728,28
23729,28
23730,28
23731,28
23732,28
23733,28
23734,28
23735,28
23736,28
23737,29
23738,29
23739,29
23740,29
23741,29
23742,29
23743,29
23744,29
23745,29
23746,29
23747,29
23748,28
23749,28
23750,28
23751,28
23752,27
23753,27
23754,27
23755,27
23756,27
23757,26
23758,26
23759,26
23760,26
23761,25
23762,25
23763,25
23764,25
23765,25
23766,25
23767,25
23768,24
23769,24
23770,24
23771,24
23772,24
23773,24
23774,24
23775,24
23776,23
23777,23
23778,23
23779,23
23780,23
23781,24
23782,24
23783,23
23784,23
23785,23
23786,24
23787,24
23788,24
23789,24
23790,24
23791,24
23792,24
23793,24
23794,24
23795,24
23796,24
23797,24
23798,25
23799,24
23800,24
23801,24
23802,24
23803,24
23804,24
23805,24
23806,24
23807,24
23808,25
23809,24
23810,24
23811,24
23812,25
23813,25
23814,25
23815,24
23816,25
23817,25
23818,25
23819,25
23820,25
23821,25
23822,25
23823,25
23824,25
23825,25
23826,25
23827,25
23828,25
23829,25
23830,25
23831,25
23832,26
23833,26
23834,26
23835,26
23836,26
23837,26
23838,27
23839,27
23840,27
23841,27
23842,27
23843,28
23844,28
23845,28
23846,28
23847,28
23848,28
23849,28
23850,28
23851,29
23852,29
23853,29
23854,29
23855,29
23856,29
23857,29
23858,29
23859,29
23860,29
23861,29
23862,29
23863,29
23864,29
23865,28
23866,27
23867,27
23868,27
23869,26
23870,26
23871,26
23872,25
23873,25
23874,25
23875,24
23876,24
23877,23
23878,23
23879,23
23880,23
23881,22
23882,22
23883,22
23884,21
23885,21
23886,21
23887,21
23888,21
23889,21
23890,20
23891,20
23892,20
23893,20
23894,20
23895,19
23896,19
23897,19
23898,18
23899,17
23900,17
23901,16
23902,16
23903,15
23904,15
23905,15
23906,14
23907,14
23908,13
23909,13
23910,13
23911,12
23912,12
23913,12
23914,11
23915,11
23916,11
23917,10
23918,10
23919,11
23920,11
23921,10
23922,9
23923,9
23924,9
23925,10
23926,9
23927,9
23928,9
23929,9
23930,9
23931,9
23932,8
23933,8
23934,9
23935,9
23936,8
23937,8
23938,8
23939,8
23940,8
23941,8
23942,8
23943,8
23944,8
23945,8
23946,8
23947,8
23948,8
23949,8
23950,8
23951,7
23952,7
23953,7
23954,7
23955,7
23956,7
23957,7
23958,7
23959,7
23960,7
23961,7
23962,7
23963,7
23964,7
23965,7
23966,7
23967,7
23968,7
23969,7
23970,7
23971,7
23972,6
23973,7
23974,7
23975,7
23976,6
23977,6
23978,7
23979,6
23980,7
23981,7
23982,7
23983,6
23984,7
23985,7
23986,7
23987,7
23988,7
23989,7
23990,7
23991,7
23992,7
23993,7
23994,7
23995,8
23996,8
23997,8
23998,7
23999,7
24000,8
24001,8
24002,8
24003,8
24004,8
24005,8
24006,8
24007,8
24008,8
24009,8
24010,8
24011,9
24012,9
24013,9
24014,9
24015,9
24016,10
24017,10
24018,10
24019,11
24020,11
24021,12
24022,12
24023,12
24024,12
24025,12
24026,13
24027,13
24028,13
24029,13
24030,14
24031,14
24032,15
24033,15
24034,15
24035,15
24036,16
24037,16
24038,16
24039,16
24040,16
24041,17
24042,17
24043,17
24044,17
24045,17
24046,18
24047,18
24048,18
24049,18
24050,18
24051,18
24052,18
24053,18
24054,19
24055,18
24056,19
24057,19
24058,19
24059,19
24060,19
24061,19
24062,19
24063,19
24064,20
24065,19
24066,20
24067,20
24068,20
24069,20
24070,20
24071,20
24072,21
24073,21
24074,21
24075,21
24076,21
24077,21
24078,21
24079,21
24080,22
24081,22
24082,22
24083,22
24084,22
24085,22
24086,22
24087,22
24088,22
24089,22
24090,22
24091,22
24092,23
24093,22
24094,22
24095,22
24096,23
24097,23
24098,22
24099,22
24100,22
24101,22
24102,23
24103,23
24104,23
24105,23
24106,23
24107,23
24108,23
24109,23
24110,23
24111,23
24112,23
24113,23
24114,23
24115,23
24116,23
24117,23
24118,23
24119,23
24120,23
24121,23
24122,23
24123,23
24124,23
24125,23
24126,23
24127,23
24128,24
24129,23
24130,23
24131,24
24132,25
24133,25
24134,25
24135,25
24136,26
24137,25
24138,26
24139,26
24140,26
24141,27
24142,27
24143,27
24144,27
24145,28
24146,28
24147,28
24148,28
24149,29
24150,28
24151,28
24152,29
24153,29
24154,29
24155,29
24156,29
24157,29
24158,29
24159,30
24160,30
24161,30
24162,29
24163,30
24164,30
24165,29
24166,29
24167,29
24168,29
24169,28
24170,28
24171,28
24172,28
24173,28
24174,28
24175,27
24176,27
24177,27
24178,27
24179,27
24180,27
24181,27
24182,26
24183,26
24184,26
24185,26
24186,26
24187,26
24188,26
24189,26
24190,26
24191,26
24192,25
24193,26
24194,26
24195,25
24196,25
24197,24
24198,23
24199,23
24200,23
24201,22
24202,22
24203,21
24204,21
24205,20
24206,20
24207,19
24208,18
24209,18
24210,18
24211,17
24212,17
24213,17
24214,16
24215,16
24216,16
24217,16
24218,15
24219,15
24220,15
24221,15
24222,15
24223,15
24224,14
24225,14
24226,14
24227,13
24228,13
24229,13
24230,13
24231,13
24232,12
24233,12
24234,12
24235,12
24236,12
24237,12
24238,11
24239,11
24240,12
24241,11
24242,11
24243,11
24244,11
24245,11
24246,10
24247,10
24248,10
24249,10
24250,10
24251,10
24252,10
24253,10
24254,10
24255,10
24256,10
24257,10
24258,9
24259,9
24260,9
24261,9
24262,9
24263,10
24264,10
24265,10
24266,10
24267,10
24268,10
24269,11
24270,12
24271,12
24272,12
24273,13
24274,13
24275,13
24276,14
24277,14
24278,14
24279,15
24280,15
24281,15
24282,16
24283,16
24284,16
24285,17
24286,17
24287,17
24288,17
24289,17
24290,17
24291,18
24292,18
24293,18
24294,19
24295,20
24296,21
24297,22
24298,24
24299,24
24300,26
24301,28
24302,29
24303,29
24304,30
24305,31
24306,32
24307,33
24308,34
24309,35
24310,35
24311,36
24312,37
24313,37
24314,38
24315,38
24316,39
24317,39
24318,39
24319,40
24320,40
24321,41
24322,41
24323,41
24324,41
24325,42
24326,42
24327,42
24328,42
24329,42
24330,43
24331,43
24332,43
24333,43
24334,43
24335,43
24336,43
24337,43
24338,44
24339,44
24340,44
24341,44
24342,44
24343,45
24344,44
24345,45
24346,44
24347,45
24348,44
24349,44
24350,44
24351,44
24352,44
24353,44
24354,44
24355,44
24356,43
24357,43
24358,43
24359,44
24360,43
24361,44
24362,44
24363,44
24364,43
24365,43
24366,43
24367,43
24368,44
24369,43
24370,44
24371,43
24372,44
24373,43
24374,43
24375,43
24376,43
24377,43
24378,44
24379,43
24380,43
24381,42
24382,41
24383,41
24384,41
24385,40
24386,39
24387,39
24388,39
24389,38
24390,37
24391,37
24392,37
24393,37
24394,36
24395,35
24396,35
24397,34
24398,34
24399,33
24400,33
24401,33
24402,32
24403,32
24404,31
24405,31
24406,31
24407,30
24408,30
24409,30
24410,29
24411,29
24412,29
24413,29
24414,29
24415,28
24416,28
24417,27
24418,27
24419,27
24420,27
24421,27
24422,27
24423,27
24424,27
24425,27
24426,27
24427,26
24428,26
24429,25
24430,25
24431,25
24432,25
24433,24
24434,24
24435,24
24436,23
24437,23
24438,23
24439,22
24440,22
24441,22
24442,21
24443,22
24444,21
24445,21
24446,21
24447,21
24448,21
24449,20
24450,20
24451,20
24452,20
24453,20
24454,20
24455,19
24456,19
24457,19
24458,19
24459,19
24460,19
24461,19
24462,18
24463,18
24464,18
24465,18
24466,18
24467,18
24468,18
24469,18
24470,18
24471,18
24472,18
24473,18
24474,18
24475,17
24476,17
24477,17
24478,18
24479,17
24480,17
24481,17
24482,17
24483,17
24484,17
24485,17
24486,17
24487,17
24488,17
24489,17
24490,17
24491,17
24492,17
24493,17
24494,17
24495,16
24496,16
24497,16
24498,15
24499,15
24500,15
24501,14
24502,14
24503,14
24504,14
24505,13
24506,13
24507,13
24508,12
24509,12
24510,12
24511,12
24512,12
24513,11
24514,11
24515,11
24516,11
24517,10
24518,10
24519,10
24520,10
24521,10
24522,10
24523,10
24524,10
24525,9
24526,10
24527,9
24528,9
24529,9
24530,9
24531,9
24532,9
24533,9
24534,8
24535,8
24536,8
24537,8
24538,8
24539,8
24540,8
24541,8
24542,7
24543,7
24544,7
24545,8
24546,8
24547,8
24548,7
24549,7
24550,7
24551,7
24552,7
24553,7
24554,7
24555,7
24556,7
24557,7
24558,7
24559,7
24560,7
24561,7
24562,7
24563,7
24564,7
24565,7
24566,7
24567,7
24568,7
24569,7
24570,7
24571,7
24572,7
24573,7
24574,7
24575,7
24576,7
24577,7
24578,7
24579,7
24580,7
24581,7
24582,7
24583,7
24584,7
24585,8
24586,8
24587,7
24588,7
24589,7
24590,8
24591,8
24592,8
24593,8
24594,8
24595,8
24596,8
24597,9
24598,9
24599,9
24600,10
24601,10
24602,11
24603,12
24604,12
24605,12
24606,13
24607,13
24608,14
24609,14
24610,15
24611,15
24612,16
24613,16
24614,16
24615,17
24616,18
24617,18
24618,19
24619,18
24620,19
24621,19
24622,20
24623,20
24624,20
24625,20
24626,21
24627,21
24628,21
24629,22
24630,22
24631,22
24632,23
24633,23
24634,23
24635,23
24636,23
24637,24
24638,24
24639,24
24640,24
24641,24
24642,25
24643,25
24644,25
24645,25
24646,25
24647,26
24648,25
24649,26
24650,26
24651,26
24652,26
24653,26
24654,27
24655,26
24656,26
24657,26
24658,27
24659,26
24660,26
24661,27
24662,26
24663,26
24664,26
24665,25
24666,25
24667,25
24668,25
24669,24
24670,24
24671,23
24672,23
24673,23
24674,22
24675,22
24676,22
24677,22
24678,22
24679,21
24680,21
24681,21
24682,21
24683,20
24684,20
24685,20
24686,19
24687,19
24688,19
24689,19
24690,19
24691,19
24692,19
24693,19
24694,18
24695,18
24696,18
24697,18
24698,18
24699,18
24700,17
24701,18
24702,17
24703,17
24704,17
24705,17
24706,17
24707,17
24708,16
24709,16
24710,16
24711,16
24712,16
24713,16
24714,16
24715,16
24716,16
24717,15
24718,16
24719,16
24720,16
24721,15
24722,15
24723,15
24724,15
24725,15
24726,15
24727,15
24728,15
24729,15
24730,15
24731,15
24732,15
24733,15
24734,15
24735,15
24736,15
24737,14
24738,15
24739,15
24740,15
24741,15
24742,14
24743,15
24744,15
24745,15
24746,15
24747,15
24748,15
24749,15
24750,15
24751,16
24752,16
24753,16
24754,16
24755,16
24756,16
24757,16
24758,16
24759,17
24760,17
24761,17
24762,17
24763,17
24764,17
24765,18
24766,17
24767,18
24768,18
24769,18
24770,18
24771,18
24772,18
24773,18
24774,18
24775,19
24776,19
24777,18
24778,18
24779,18
24780,19
24781,18
24782,19
24783,18
24784,19
24785,18
24786,19
24787,18
24788,18
24789,19
24790,18
24791,19
24792,18
24793,18
24794,19
24795,18
24796,18
24797,18
24798,18
24799,18
24800,18
24801,19
24802,18
24803,18
24804,18
24805,18
24806,19
24807,18
24808,18
24809,19
24810,18
24811,18
24812,18
24813,18
24814,18
24815,18
24816,18
24817,18
24818,18
24819,18
24820,18
24821,19
24822,19
24823,18
24824,18
24825,18
24826,18
24827,18
24828,18
24829,18
24830,18
24831,17
24832,17
24833,17
24834,17
24835,17
24836,17
24837,17
24838,16
24839,16
24840,16
24841,16
24842,16
24843,16
24844,16
24845,16
24846,16
24847,16
24848,16
24849,16
24850,16
24851,16
24852,17
24853,17
24854,16
24855,16
24856,16
24857,17
24858,17
24859,17
24860,17
24861,17
24862,17
24863,18
24864,17
24865,17
24866,18
24867,18
24868,18
24869,18
24870,18
24871,18
24872,18
24873,18
24874,18
24875,18
24876,18
24877,18
24878,18
24879,18
24880,18
24881,18
24882,19
24883,19
24884,19
24885,19
24886,19
24887,19
24888,19
24889,19
24890,19
24891,19
24892,19
24893,19
24894,19
24895,19
24896,19
24897,19
24898,20
24899,19
24900,19
24901,19
24902,19
24903,19
24904,19
24905,19
24906,19
24907,19
24908,19
24909,19
24910,19
24911,20
24912,21
24913,21
24914,22
24915,23
24916,24
24917,24
24918,26
24919,26
24920,27
24921,27
24922,28
24923,29
24924,30
24925,30
24926,30
24927,31
24928,32
24929,32
24930,32
24931,33
24932,33
24933,33
24934,33
24935,34
24936,34
24937,35
24938,35
24939,35
24940,35
24941,35
24942,36
24943,36
24944,37
24945,37
24946,37
24947,37
24948,37
24949,37
24950,37
24951,37
24952,37
24953,37
24954,37
24955,38
24956,38
24957,38
24958,38
24959,38
24960,38
24961,38
24962,38
24963,38
24964,38
24965,38
24966,38
24967,38
24968,39
24969,39
24970,39
24971,39
24972,39
24973,39
24974,39
24975,39
24976,39
24977,39
24978,38
24979,38
24980,37
24981,37
24982,36
24983,35
24984,35
24985,34
24986,33
24987,33
24988,32
24989,32
24990,31
24991,31
24992,30
24993,30
24994,30
24995,29
24996,29
24997,28
24998,28
24999,27
25000,27
25001,27
25002,26
25003,26
25004,26
25005,26
25006,25
25007,25
25008,25
25009,25
25010,24
25011,24
25012,24
25013,23
25014,23
25015,22
25016,22
25017,22
25018,22
25019,21
25020,21
25021,21
25022,20
25023,20
25024,19
25025,19
25026,19
25027,19
25028,19
25029,19
25030,19
25031,19
25032,19
25033,19
25034,19
25035,19
25036,19
25037,19
25038,19
25039,19
25040,19
25041,19
25042,19
25043,19
25044,19
25045,19
25046,19
25047,19
25048,19
25049,19
25050,20
25051,20
25052,20
25053,19
25054,19
25055,19
25056,20
25057,20
25058,20
25059,20
25060,19
25061,19
25062,20
25063,20
25064,20
25065,20
25066,20
25067,20
25068,20
25069,20
25070,20
25071,20
25072,20
25073,20
25074,19
25075,20
25076,20
25077,20
25078,20
25079,20
25080,20
25081,20
25082,20
25083,20
25084,20
25085,20
25086,20
25087,20
25088,20
25089,20
25090,21
25091,21
25092,20
25093,21
25094,20
25095,20
25096,20
25097,21
25098,21
25099,21
25100,21
25101,21
25102,21
25103,21
25104,21
25105,21
25106,21
25107,21
25108,21
25109,21
25110,21
25111,21
25112,21
25113,20
25114,20
25115,19
25116,19
25117,18
25118,19
25119,18
25120,18
25121,18
25122,17
25123,17
25124,16
25125,16
25126,16
25127,16
25128,16
25129,15
25130,15
25131,15
25132,15
25133,15
25134,15
25135,14
25136,14
25137,14
25138,14
25139,14
25140,13
25141,14
25142,13
25143,13
25144,13
25145,13
25146,13
25147,12
25148,12
25149,12
25150,12
25151,12
25152,11
25153,11
25154,11
25155,10
25156,11
25157,11
25158,11
25159,10
25160,10
25161,10
25162,10
25163,10
25164,9
25165,9
25166,9
25167,9
25168,9
25169,9
25170,9
25171,9
25172,9
25173,8
25174,9
25175,9
25176,8
25177,8
25178,8
25179,8
25180,8
25181,8
25182,8
25183,9
25184,9
25185,8
25186,8
25187,9
25188,8
25189,9
25190,8
25191,9
25192,9
25193,9
25194,9
25195,9
25196,9
25197,9
25198,9
25199,9
25200,9
25201,9
25202,9
25203,9
25204,9
25205,9
25206,9
25207,9
25208,9
25209,9
25210,9
25211,9
25212,9
25213,9
25214,9
25215,9
25216,9
25217,9
25218,10
25219,9
25220,9
25221,9
25222,9
25223,9
25224,9
25225,9
25226,9
25227,9
25228,9
25229,10
25230,10
25231,10
25232,10
25233,10
25234,10
25235,10
25236,10
25237,10
25238,10
25239,10
25240,10
25241,11
25242,11
25243,11
25244,11
25245,11
25246,10
25247,10
25248,10
25249,11
25250,11
25251,11
25252,11
25253,10
25254,10
25255,10
25256,10
25257,10
25258,10
25259,10
25260,11
25261,10
25262,10
25263,10
25264,10
25265,10
25266,9
25267,9
25268,10
25269,10
25270,10
25271,10
25272,10
25273,10
25274,10
25275,10
25276,10
25277,10
25278,10
25279,10
25280,10
25281,9
25282,9
25283,9
25284,10
25285,9
25286,9
25287,9
25288,9
25289,9
25290,9
25291,9
25292,9
25293,9
25294,9
25295,9
25296,9
25297,9
25298,9
25299,9
25300,9
25301,9
25302,9
25303,9
25304,9
25305,9
25306,9
25307,9
25308,9
25309,9
25310,9
25311,9
25312,9
25313,10
25314,10
25315,11
25316,11
25317,11
25318,12
25319,13
25320,13
25321,13
25322,14
25323,14
25324,14
25325,15
25326,15
25327,15
25328,16
25329,16
25330,17
25331,17
25332,17
25333,17
25334,18
25335,18
25336,18
25337,18
25338,19
25339,19
25340,20
25341,20
25342,20
25343,20
25344,21
25345,22
25346,23
25347,24
25348,25
25349,26
25350,27
25351,27
25352,29
25353,29
25354,30
25355,31
25356,32
25357,32
25358,32
25359,33
25360,33
25361,34
25362,34
25363,35
25364,35
25365,36
25366,36
25367,36
25368,36
25369,36
25370,37
25371,37
25372,38
25373,38
25374,37
25375,38
25376,38
25377,38
25378,38
25379,38
25380,38
25381,37
25382,37
25383,37
25384,36
25385,36
25386,36
25387,35
25388,35
25389,35
25390,35
25391,34
25392,34
25393,34
25394,33
25395,32
25396,32
25397,31
25398,30
25399,30
25400,29
25401,29
25402,28
25403,27
25404,26
25405,26
25406,25
25407,25
25408,24
25409,24
25410,23
25411,23
25412,23
25413,22
25414,22
25415,21
25416,21
25417,21
25418,21
25419,20
25420,20
25421,19
25422,19
25423,19
25424,19
25425,19
25426,18
25427,18
25428,18
25429,18
25430,17
25431,17
25432,17
25433,17
25434,17
25435,17
25436,17
25437,16
25438,16
25439,16
25440,16
25441,16
25442,16
25443,16
25444,15
25445,16
25446,16
25447,15
25448,15
25449,15
25450,15
25451,15
25452,15
25453,15
25454,15
25455,15
25456,15
25457,15
25458,14
25459,14
25460,14
25461,15
25462,15
25463,15
25464,15
25465,15
25466,15
25467,15
25468,16
25469,16
25470,16
25471,16
25472,16
25473,17
25474,17
25475,17
25476,17
25477,18
25478,18
25479,18
25480,18
25481,18
25482,18
25483,18
25484,18
25485,18
25486,19
25487,19
25488,19
25489,19
25490,19
25491,19
25492,19
25493,19
25494,19
25495,20
25496,19
25497,20
25498,20
25499,20
25500,19
25501,20
25502,20
25503,20
25504,20
25505,20
25506,20
25507,20
25508,20
25509,21
25510,20
25511,20
25512,21
25513,21
25514,20
25515,21
25516,21
25517,21
25518,21
25519,21
25520,21
25521,21
25522,21
25523,21
25524,21
25525,21
25526,21
25527,21
25528,21
25529,21
25530,21
25531,21
25532,21
25533,21
25534,21
25535,21
25536,21
25537,21
25538,21
25539,21
25540,21
25541,21
25542,21
25543,21
25544,21
25545,21
25546,21
25547,21
25548,21
25549,21
25550,21
25551,21
25552,20
25553,20
25554,21
25555,21
25556,21
25557,20
25558,20
25559,20
25560,20
25561,20
25562,20
25563,20
25564,20
25565,20
25566,20
25567,20
25568,20
25569,20
25570,20
25571,20
25572,20
25573,19
25574,20
25575,19
25576,19
25577,19
25578,19
25579,19
25580,19
25581,20
25582,20
25583,20
25584,20
25585,20
25586,20
25587,20
25588,19
25589,20
25590,20
25591,20
25592,19
25593,20
25594,20
25595,20
25596,21
25597,20
25598,21
25599,21
25600,22
25601,23
25602,23
25603,23
25604,23
25605,23
25606,24
25607,24
25608,24
25609,25
25610,25
25611,26
25612,27
25613,28
25614,28
25615,29
25616,29
25617,30
25618,31
25619,31
25620,31
25621,32
25622,33
25623,33
25624,33
25625,34
25626,34
25627,35
25628,35
25629,35
25630,36
25631,36
25632,36
25633,36
25634,37
25635,37
25636,37
25637,37
25638,37
25639,37
25640,38
25641,38
25642,38
25643,38
25644,38
25645,38
25646,39
25647,39
25648,39
25649,38
25650,39
25651,39
25652,39
25653,39
25654,39
25655,39
25656,39
25657,39
25658,39
25659,39
25660,39
25661,39
25662,38
25663,38
25664,37
25665,36
25666,36
25667,35
25668,35
25669,34
25670,34
25671,33
25672,33
25673,32
25674,31
25675,31
25676,31
25677,31
25678,30
25679,30
25680,29
25681,29
25682,29
25683,28
25684,28
25685,28
25686,27
25687,27
25688,27
25689,27
25690,27
25691,27
25692,27
25693,26
25694,25
25695,24
25696,23
25697,23
25698,22
25699,21
25700,20
25701,19
25702,19
25703,18
25704,17
25705,16
25706,16
25707,16
25708,15
25709,15
25710,14
25711,14
25712,13
25713,13
25714,12
25715,12
25716,12
25717,12
25718,11
25719,11
25720,11
25721,10
25722,10
25723,10
25724,9
25725,9
25726,10
25727,9
25728,9
25729,9
25730,9
25731,9
25732,9
25733,8
25734,8
25735,8
25736,8
25737,8
25738,8
25739,8
25740,7
25741,7
25742,8
25743,8
25744,7
25745,7
25746,7
25747,7
25748,7
25749,7
25750,6
25751,7
25752,7
25753,7
25754,7
25755,6
25756,6
25757,6
25758,6
25759,6
25760,6
25761,6
25762,6
25763,6
25764,6
25765,6
25766,6
25767,6
25768,6
25769,6
25770,6
25771,5
25772,5
25773,6
25774,6
25775,6
25776,6
25777,6
25778,6
25779,6
25780,6
25781,6
25782,6
25783,7
25784,7
25785,7
25786,7
25787,7
25788,7
25789,7
25790,7
25791,7
25792,8
25793,8
25794,8
25795,8
25796,8
25797,8
25798,8
25799,9
25800,9
25801,9
25802,9
25803,9
25804,9
25805,10
25806,10
25807,10
25808,10
25809,10
25810,11
25811,10
25812,10
25813,11
25814,11
25815,11
25816,11
25817,11
25818,11
25819,12
25820,12
25821,12
25822,12
25823,12
25824,12
25825,12
25826,12
25827,13
25828,13
25829,13
25830,13
25831,13
25832,13
25833,13
25834,14
25835,14
25836,14
25837,14
25838,14
25839,14
25840,14
25841,14
25842,14
25843,14
25844,15
25845,15
25846,15
25847,15
25848,16
25849,16
25850,17
25851,17
25852,17
25853,17
25854,18
25855,18
25856,19
25857,18
25858,18
25859,19
25860,20
25861,20
25862,20
25863,20
25864,20
25865,20
25866,21
25867,21
25868,21
25869,21
25870,21
25871,22
25872,21
25873,21
25874,22
25875,22
25876,23
25877,23
25878,24
25879,25
25880,25
25881,26
25882,27
25883,27
25884,28
25885,29
25886,29
25887,30
25888,30
25889,30
25890,31
25891,31
25892,32
25893,32
25894,33
25895,33
25896,33
25897,34
25898,34
25899,34
25900,35
25901,35
25902,35
25903,35
25904,35
25905,36
25906,36
25907,36
25908,36
25909,36
25910,36
25911,36
25912,36
25913,36
25914,36
25915,36
25916,36
25917,35
25918,35
25919,35
25920,35
25921,35
25922,35
25923,35
25924,35
25925,34
25926,35
25927,34
25928,34
25929,34
25930,34
25931,34
25932,34
25933,34
25934,34
25935,34
25936,34
25937,34
25938,34
25939,34
25940,34
25941,34
25942,34
25943,33
25944,33
25945,33
25946,34
25947,34
25948,33
25949,33
25950,33
25951,34
25952,34
25953,33
25954,33
25955,33
25956,33
25957,33
25958,33
25959,33
25960,32
25961,32
25962,31
25963,31
25964,30
25965,29
25966,29
25967,28
25968,27
25969,26
25970,26
25971,25
25972,25
25973,24
25974,24
25975,23
25976,22
25977,22
25978,22
25979,21
25980,21
25981,20
25982,20
25983,20
25984,19
25985,19
25986,19
25987,18
25988,18
25989,18
25990,18
25991,17
25992,17
25993,17
25994,16
25995,16
25996,16
25997,15
25998,15
25999,15
26000,14
26001,14
26002,14
26003,13
26004,13
26005,13
26006,13
26007,12
26008,12
26009,12
26010,12
26011,12
26012,12
26013,12
26014,12
26015,12
26016,12
26017,12
26018,12
26019,12
26020,12
26021,13
26022,13
26023,13
26024,13
26025,13
26026,13
26027,13
26028,14
26029,14
26030,13
26031,13
26032,14
26033,14
26034,14
26035,14
26036,14
26037,14
26038,15
26039,15
26040,14
26041,14
26042,15
26043,15
26044,15
26045,15
26046,15
26047,15
26048,15
26049,15
26050,15
26051,15
26052,15
26053,15
26054,15
26055,15
26056,15
26057,15
26058,15
26059,16
26060,16
26061,17
26062,18
26063,18
26064,19
26065,20
26066,21
26067,21
26068,22
26069,23
26070,23
26071,23
26072,24
26073,25
26074,25
26075,26
26076,26
26077,26
26078,27
26079,27
26080,27
26081,28
26082,28
26083,28
26084,29
26085,29
26086,29
26087,30
26088,29
26089,29
26090,30
26091,30
26092,30
26093,30
26094,30
26095,30
26096,30
26097,31
26098,31
26099,31
26100,31
26101,31
26102,31
26103,31
26104,32
26105,32
26106,32
26107,32
26108,32
26109,32
26110,32
26111,32
26112,32
26113,32
26114,32
26115,32
26116,32
26117,32
26118,32
26119,32
26120,33
26121,32
26122,32
26123,33
26124,32
26125,32
26126,32
26127,32
26128,32
26129,32
26130,31
26131,31
26132,31
26133,30
26134,30
26135,30
26136,30
26137,29
26138,29
26139,29
26140,29
26141,29
26142,29
26143,29
26144,28
26145,29
26146,28
26147,28
26148,28
26149,28
26150,28
26151,28
26152,28
26153,28
26154,28
26155,28
26156,28
26157,27
26158,27
26159,27
26160,28
26161,27
26162,28
26163,27
26164,27
26165,27
26166,28
26167,28
26168,27
26169,27
26170,27
26171,27
26172,26
26173,27
26174,27
26175,27
26176,27
26177,27
26178,27
26179,27
26180,27
26181,27
26182,27
26183,27
26184,27
26185,27
26186,27
26187,27
26188,26
26189,27
26190,27
26191,27
26192,27
26193,27
26194,26
26195,26
26196,26
26197,26
26198,26
26199,26
26200,26
26201,26
26202,25
26203,25
26204,25
26205,25
26206,25
26207,25
26208,25
26209,25
26210,25
26211,25
26212,25
26213,24
26214,24
26215,25
26216,24
26217,24
26218,24
26219,24
26220,24
26221,24
26222,24
26223,23
26224,23
26225,23
26226,23
26227,23
26228,22
26229,21
26230,21
26231,21
26232,20
26233,20
26234,19
26235,19
26236,18
26237,18
26238,17
26239,16
26240,17
26241,16
26242,16
26243,16
26244,15
26245,15
26246,14
26247,14
26248,14
26249,14
26250,14
26251,13
26252,14
26253,13
26254,13
26255,12
26256,12
26257,12
26258,12
26259,12
26260,12
26261,12
26262,12
26263,11
26264,11
26265,11
26266,11
26267,11
26268,11
26269,11
26270,10
26271,10
26272,10
26273,11
26274,10
26275,10
26276,10
26277,10
26278,9
26279,9
26280,9
26281,9
26282,9
26283,9
26284,8
26285,8
26286,8
26287,8
26288,8
26289,8
26290,8
26291,7
26292,7
26293,7
26294,7
26295,7
26296,7
26297,7
26298,7
26299,7
26300,7
26301,7
26302,7
26303,7
26304,7
26305,7
26306,6
26307,7
26308,7
26309,7
26310,7
26311,6
26312,6
26313,6
26314,6
26315,6
26316,6
26317,7
26318,7
26319,6
26320,6
26321,6
26322,6
26323,6
26324,6
26325,6
26326,6
26327,6
26328,6
26329,6
26330,6
26331,6
26332,6
26333,6
26334,6
26335,6
26336,6
26337,6
26338,6
26339,6
26340,6
26341,6
26342,6
26343,6
26344,7
26345,7
26346,7
26347,7
26348,7
26349,8
26350,8
26351,8
26352,9
26353,9
26354,9
26355,9
26356,9
26357,9
26358,10
26359,10
26360,10
26361,10
26362,10
26363,11
26364,11
26365,12
26366,12
26367,12
26368,12
26369,12
26370,12
26371,13
26372,13
26373,13
26374,13
26375,14
26376,14
26377,13
26378,14
26379,14
26380,14
26381,14
26382,14
26383,15
26384,15
26385,15
26386,15
26387,15
26388,15
26389,15
26390,15
26391,15
26392,15
26393,15
26394,16
26395,16
26396,16
26397,16
26398,16
26399,16
26400,16
26401,16
26402,16
26403,16
26404,16
26405,16
26406,16
26407,16
26408,16
26409,16
26410,16
26411,16
26412,15
26413,15
26414,15
26415,15
26416,15
26417,15
26418,15
26419,15
26420,15
26421,15
26422,14
26423,14
26424,14
26425,14
26426,14
26427,14
26428,13
26429,13
26430,13
26431,13
26432,13
26433,13
26434,13
26435,13
26436,13
26437,13
26438,13
26439,12
26440,12
26441,12
26442,13
26443,12
26444,12
26445,12
26446,12
26447,12
26448,12
26449,12
26450,12
26451,12
26452,12
26453,12
26454,12
26455,13
26456,13
26457,13
26458,12
26459,13
26460,13
26461,13
26462,13
26463,13
26464,13
26465,13
26466,13
26467,13
26468,13
26469,13
26470,13
26471,13
26472,13
26473,13
26474,13
26475,14
26476,14
26477,14
26478,14
26479,15
26480,15
26481,15
26482,16
26483,17
26484,16
26485,17
26486,18
26487,18
26488,18
26489,18
26490,19
26491,19
26492,19
26493,20
26494,20
26495,20
26496,20
26497,21
26498,21
26499,22
26500,22
26501,22
26502,22
26503,22
26504,22
26505,23
26506,23
26507,23
26508,23
26509,24
26510,24
26511,24
26512,24
26513,23
26514,24
26515,24
26516,25
26517,25
26518,24
26519,25
26520,25
26521,25
26522,25
26523,25
26524,25
26525,25
26526,25
26527,25
26528,25
26529,25
26530,25
26531,26
26532,26
26533,26
26534,26
26535,26
26536,26
26537,26
26538,26
26539,26
26540,26
26541,26
26542,26
26543,25
26544,25
26545,25
26546,25
26547,25
26548,24
26549,24
26550,24
26551,23
26552,23
26553,23
26554,23
26555,22
26556,22
26557,22
26558,22
26559,22
26560,22
26561,21
26562,21
26563,21
26564,21
26565,21
26566,21
26567,21
26568,20
26569,20
26570,20
26571,20
26572,20
26573,20
26574,20
26575,20
26576,20
26577,20
26578,20
26579,20
26580,20
26581,20
26582,20
26583,20
26584,19
26585,19
26586,19
26587,20
26588,20
26589,20
26590,20
26591,20
26592,20
26593,20
26594,20
26595,20
26596,20
26597,20
26598,20
26599,20
26600,20
26601,20
26602,20
26603,20
26604,20
26605,20
26606,20
26607,20
26608,21
26609,21
26610,21
26611,21
26612,22
26613,22
26614,23
26615,24
26616,24
26617,24
26618,24
26619,25
26620,26
26621,26
26622,26
26623,26
26624,27
26625,27
26626,27
26627,28
26628,28
26629,28
26630,28
26631,28
26632,28
26633,29
26634,29
26635,29
26636,29
26637,29
26638,30
26639,30
26640,30
26641,30
26642,30
26643,30
26644,30
26645,30
26646,30
26647,30
26648,30
26649,30
26650,30
26651,30
26652,30
26653,29
26654,30
26655,29
26656,29
26657,29
26658,29
26659,29
26660,29
26661,29
26662,29
26663,29
26664,29
26665,29
26666,29
26667,29
26668,28
26669,29
26670,29
26671,29
26672,29
26673,29
26674,29
26675,29
26676,28
26677,28
26678,28
26679,29
26680,29
26681,29
26682,29
26683,28
26684,29
26685,29
26686,29
26687,29
26688,29
26689,28
26690,28
26691,28
26692,28
26693,28
26694,27
26695,27
26696,25
26697,26
26698,25
26699,24
26700,24
26701,24
26702,23
26703,22
26704,23
26705,22
26706,22
26707,21
26708,20
26709,20
26710,20
26711,20
26712,20
26713,19
26714,19
26715,19
26716,18
26717,18
26718,18
26719,18
26720,18
26721,17
26722,17
26723,17
26724,17
26725,17
26726,16
26727,16
26728,16
26729,16
26730,16
26731,16
26732,15
26733,15
26734,15
26735,15
26736,15
26737,14
26738,14
26739,14
26740,14
26741,14
26742,14
26743,14
26744,14
26745,13
26746,14
26747,13
26748,13
26749,13
26750,13
26751,13
26752,13
26753,13
26754,13
26755,13
26756,12
26757,12
26758,13
26759,12
26760,13
26761,13
26762,13
26763,14
26764,14
26765,15
26766,15
26767,15
26768,15
26769,15
26770,16
26771,16
26772,17
26773,17
26774,17
26775,17
26776,17
26777,18
26778,18
26779,18
26780,18
26781,18
26782,19
26783,19
26784,19
26785,19
26786,19
26787,19
26788,20
26789,20
26790,20
26791,20
26792,21
26793,21
26794,21
26795,21
26796,22
26797,22
26798,23
26799,23
26800,23
26801,24
26802,24
26803,24
26804,24
26805,25
26806,25
26807,26
26808,26
26809,25
26810,26
26811,26
26812,26
26813,27
26814,27
26815,27
26816,27
26817,27
26818,27
26819,27
26820,27
26821,28
26822,28
26823,28
26824,28
26825,27
26826,27
26827,27
26828,27
26829,26
26830,26
26831,26
26832,25
26833,25
26834,24
26835,24
26836,23
26837,24
26838,23
26839,23
26840,23
26841,22
26842,22
26843,22
26844,22
26845,21
26846,21
26847,21
26848,21
26849,20
26850,20
26851,20
26852,20
26853,20
26854,20
26855,20
26856,19
26857,19
26858,19
26859,18
26860,18
26861,18
26862,17
26863,17
26864,16
26865,16
26866,16
26867,16
26868,15
26869,15
26870,15
26871,14
26872,15
26873,14
26874,14
26875,14
26876,13
26877,13
26878,13
26879,13
26880,12
26881,12
26882,12
26883,12
26884,12
26885,12
26886,12
26887,11
26888,11
26889,11
26890,11
26891,11
26892,11
26893,11
26894,11
26895,10
26896,11
26897,11
26898,10
26899,10
26900,10
26901,10
26902,10
26903,10
26904,10
26905,10
26906,10
26907,10
26908,10
26909,10
26910,9
26911,9
26912,10
26913,9
26914,10
26915,9
26916,9
26917,9
26918,9
26919,9
26920,9
26921,9
26922,9
26923,9
26924,9
26925,9
26926,9
26927,9
26928,9
26929,9
26930,9
26931,9
26932,9
26933,9
26934,9
26935,9
26936,9
26937,9
26938,8
26939,9
26940,9
26941,9
26942,9
26943,8
26944,9
26945,9
26946,8
26947,8
26948,8
26949,9
26950,9
26951,9
26952,8
26953,8
26954,8
26955,8
26956,8
26957,8
26958,8
26959,8
26960,8
26961,8
26962,8
26963,9
26964,8
26965,8
26966,8
26967,8
26968,8
26969,8
26970,8
26971,8
26972,8
26973,8
26974,8
26975,8
26976,8
26977,8
26978,8
26979,8
26980,8
26981,8
26982,8
26983,8
26984,8
26985,8
26986,8
26987,8
26988,8
26989,8
26990,8
26991,8
26992,8
26993,8
26994,8
26995,8
26996,8
26997,8
26998,8
26999,8
27000,8
27001,8
27002,8
27003,8
27004,7
27005,8
27006,8
27007,8
27008,8
27009,8
27010,8
27011,7
27012,7
27013,8
27014,8
27015,7
27016,7
27017,7
27018,7
27019,6
27020,7
27021,7
27022,7
27023,7
27024,7
27025,7
27026,7
27027,7
27028,6
27029,6
27030,6
27031,6
27032,7
27033,6
27034,6
27035,7
27036,6
27037,7
27038,6
27039,6
27040,6
27041,6
27042,6
27043,6
27044,6
27045,6
27046,6
27047,6
27048,6
27049,6
27050,6
27051,6
27052,6
27053,6
27054,6
27055,5
27056,6
27057,6
27058,6
27059,7
27060,7
27061,7
27062,8
27063,8
27064,8
27065,9
27066,9
27067,10
27068,10
27069,10
27070,11
27071,11
27072,12
27073,12
27074,13
27075,13
27076,13
27077,14
27078,15
27079,15
27080,15
27081,16
27082,16
27083,17
27084,17
27085,17
27086,17
27087,18
27088,18
27089,18
27090,19
27091,20
27092,21
27093,22
27094,23
27095,25
27096,26
27097,28
27098,29
27099,30
27100,31
27101,32
27102,32
27103,33
27104,34
27105,35
27106,35
27107,36
27108,36
27109,37
27110,38
27111,38
27112,39
27113,39
27114,40
27115,40
27116,40
27117,41
27118,41
27119,41
27120,41
27121,41
27122,42
27123,42
27124,42
27125,42
27126,42
27127,42
27128,43
27129,42
27130,42
27131,41
27132,42
27133,42
27134,42
27135,41
27136,42
27137,41
27138,42
27139,41
27140,41
27141,41
27142,41
27143,42
27144,42
27145,41
27146,41
27147,41
27148,41
27149,41
27150,41
27151,41
27152,41
27153,41
27154,41
27155,41
27156,41
27157,41
27158,40
27159,40
27160,39
27161,38
27162,38
27163,37
27164,37
27165,36
27166,35
27167,34
27168,34
27169,33
27170,32
27171,32
27172,31
27173,31
27174,30
27175,30
27176,29
27177,29
27178,29
27179,28
27180,28
27181,27
27182,27
27183,27
27184,27
27185,26
27186,26
27187,26
27188,25
27189,25
27190,25
27191,24
27192,24
27193,24
27194,24
27195,23
27196,23
27197,22
27198,22
27199,22
27200,21
27201,21
27202,21
27203,21
27204,21
27205,20
27206,20
27207,20
27208,19
27209,19
27210,19
27211,19
27212,19
27213,19
27214,19
27215,18
27216,18
27217,18
27218,17
27219,17
27220,18
27221,17
27222,17
27223,17
27224,17
27225,17
27226,17
